,discharge_cfs_mean,log_q,log_q_anomaly,precip_mm_sum,spi_1,spi_3,spi_6,spi_12,month_sin,month_cos,log_q_anomaly_lag1
1963-04,168.36666666666667,5.126144140805898,0.005877412783685365,174.7,0.6361337501210546,1.2955770847152157,1.2587841730987746,1.3371195628512527,0.8660254037844387,-0.49999999999999983,
1963-05,599.7096774193549,6.396445667145071,0.5749256663234794,226.8,-0.1747929992335074,0.7179867713377956,0.7276002086725626,1.4696369317034448,0.49999999999999994,-0.8660254037844387,0.005877412783685365
1963-06,241.23333333333332,5.485764653203972,-0.18477505267870775,79.0,-2.6748321219766376,-1.2863778890461144,-0.2768742551211148,0.754888862728936,1.2246467991473532e-16,-1.0,0.5749256663234794
1963-07,268.03225806451616,5.591107339179835,0.009021276812354984,265.9,0.5037945834628188,-1.129127146277649,-0.07905934356024878,0.6014997407616842,-0.4999999999999998,-0.8660254037844388,-0.18477505267870775
1963-08,466.03225806451616,6.1442548550442355,0.20391201490713495,241.4,-0.26087565932111034,-1.1040179626304736,-0.37918317104539506,0.23237628342407568,-0.8660254037844384,-0.5000000000000004,0.009021276812354984
1963-09,719.7666666666667,6.578927085412676,0.0804132209129067,252.3,0.12252700823129523,0.07814478408657143,-0.8165089983462902,0.30579839891701116,-1.0,-1.8369701987210297e-16,0.20391201490713495
1963-10,472.16129032258067,6.1573206439988,-0.338506334565122,169.7,-0.4208946687086307,-0.4678013980210196,-1.2397879095730984,-0.23250925642744627,-0.8660254037844386,0.5000000000000001,0.0804132209129067
1963-11,557.6,6.323641859446314,0.17506924380722122,191.8,0.8505164343745678,0.19930021996629554,-0.769152682481293,-0.20010656860046577,-0.5000000000000004,0.8660254037844384,-0.338506334565122
1963-12,203.5483870967742,5.315903751050112,-0.1252103211177067,9.2,-1.786772001312416,-0.22689490937424436,-0.13286264632613004,-0.3158592325569923,-2.4492935982947064e-16,1.0,0.17506924380722122
1964-01,116.96774193548387,4.76189818682965,-0.21281408543980085,7.3,-1.893900004098567,-0.36607569318218924,-0.6134386079873945,-0.5200815801837717,0.49999999999999994,0.8660254037844387,-0.1252103211177067
1964-02,89.20689655172414,4.490958352199555,-0.24600478457147723,21.6,-0.7592851263066058,-2.525884873323479,-0.7068153776055746,-0.7850726630714508,0.8660254037844386,0.5000000000000001,-0.21281408543980085
1964-03,67.2258064516129,4.208057198388111,-0.4836323552809221,20.1,-1.0904761240358718,-2.1531796546230337,-1.2400162693211534,-1.2329279888677411,1.0,6.123233995736766e-17,-0.24600478457147723
1964-04,152.93333333333334,5.030002096587106,-0.09026463143510632,288.59999999999997,1.5123246730354096,0.6206310093491845,0.22492020097006693,-0.8115013338881829,0.8660254037844387,-0.49999999999999983,-0.4836323552809221
1964-05,96.09677419354838,4.565355748228136,-1.2561642525934555,233.1,-0.10657942228449557,0.5859852459469561,-0.3299705940769739,-0.814880959426871,0.49999999999999994,-0.8660254037844387,-0.09026463143510632
1964-06,226.86666666666667,5.424362473398696,-0.24617723248398438,203.9,-0.565313593169525,0.5513868860178234,-0.40101002230886285,-0.3990433253744915,1.2246467991473532e-16,-1.0,-1.2561642525934555
1964-07,174.80645161290323,5.163679371080968,-0.41840669128651253,232.1,0.14798455074117378,-0.45210718528143107,-0.09159341086675431,-0.5385622717539695,-0.4999999999999998,-0.8660254037844388,-0.24617723248398438
1964-08,288.3225806451613,5.6640799250082505,-0.27626291512885004,321.9,0.6312247759055064,0.026303176757984135,0.35211677284305576,-0.23329349054024323,-0.8660254037844384,-0.5000000000000004,-0.41840669128651253
1964-09,350.6333333333333,5.859741043077118,-0.6387728214226511,153.3,-1.229452366227543,-0.27770022815848416,0.1369286158344518,-0.6537547139532942,-1.0,-1.8369701987210297e-16,-0.27626291512885004
1964-10,459.35483870967744,6.129822980480821,-0.3660039980831016,254.29999999999998,0.5928885818420162,-0.005179884136732186,-0.40169211461225574,-0.30059568177168133,-0.8660254037844386,0.5000000000000001,-0.6387728214226511
1964-11,208.56666666666666,5.340258734336208,-0.808313881302885,74.5,-0.7967729218023789,-0.7825495119910569,-0.567135156754869,-0.7633927485755896,-0.5000000000000004,0.8660254037844384,-0.3660039980831016
1964-12,112.38709677419355,4.721949133487247,-0.7191649386805716,28.0,-0.7368450449478271,-0.3474821558425379,-0.4798071650822418,-0.6560694374681301,-2.4492935982947064e-16,1.0,-0.808313881302885
1965-01,83.64516129032258,4.426583581053518,-0.5481286912159327,92.8,1.0384901676903462,-0.5340192544365676,-0.2974088798486725,-0.31889467767920215,0.49999999999999994,0.8660254037844387,-0.7191649386805716
1965-02,64.17857142857143,4.161669376608355,-0.5752937601626771,22.1,-0.7400953818512217,-0.2955598973801472,-0.893160642259994,-0.30598337418330496,0.8660254037844386,0.5000000000000001,-0.5481286912159327
1965-03,54.38709677419355,3.9961269340766545,-0.695562619592379,23.0,-0.9755885534385821,-0.4792464775640047,-0.6424335863199011,-0.23979139656798015,1.0,6.123233995736766e-17,-0.5752937601626771
1965-04,85.7,4.450852825603734,-0.6694139024184782,107.5,-0.07749127141212915,-1.0443751800868954,-1.1640867518106033,-0.9141093354321592,0.8660254037844387,-0.49999999999999983,-0.695562619592379
1965-05,793.6774193548387,6.676677105843113,0.8551571050215214,342.3,0.9188908137139228,0.13534141788823503,-0.10025462089495521,-0.5328198686214464,0.49999999999999994,-0.8660254037844387,-0.6694139024184782
1965-06,256.73333333333335,5.548037932712699,-0.12250177316998112,225.7,-0.30127767580288084,0.21419152543623454,-0.15724803322386172,-0.5053437829004024,1.2246467991473532e-16,-1.0,0.8551571050215214
1965-07,265.7096774193548,5.582404274456103,0.0003182120886222606,590.9,2.977046932552511,2.2114733237716693,1.4596138681043906,0.8299834634369837,-0.4999999999999998,-0.8660254037844388,-0.12250177316998112
1965-08,624.2258064516129,6.436512172224001,0.4961693320869003,239.3,-0.2866513217308391,1.637461455612732,1.3660825355137376,0.5319633245233426,-0.8660254037844384,-0.5000000000000004,0.0003182120886222606
1965-09,592.1333333333333,6.383731834749837,-0.11478202974993224,278.7,0.41989529093849404,2.116237032277489,1.6756585808814384,1.0490642984874516,-1.0,-1.8369701987210297e-16,0.4961693320869003
1965-10,476.3225806451613,6.166095315133965,-0.32973166342995786,223.8,0.2577940832269292,0.07777530576320697,1.8210138759467385,0.9172367338992876,-0.8660254037844386,0.5000000000000001,-0.11478202974993224
1965-11,445.53333333333336,6.09927206640886,-0.049300549230233415,296.7,1.8106987300600392,1.3672773668691136,2.1111853468250494,1.703245545741672,-0.5000000000000004,0.8660254037844384,-0.32973166342995786
1965-12,482.06451612903226,6.178077955983477,0.7369638838156582,139.6,1.5464313656803992,1.7961633840665485,2.676229368484588,2.007097948370209,-2.4492935982947064e-16,1.0,-0.049300549230233415
1966-01,180.74193548387098,5.197070243080138,0.22235797081068753,46.5,0.008092046048822108,2.1951774272971942,1.2914277030316748,1.8662978560298011,0.49999999999999994,0.8660254037844387,0.7369638838156582
1966-02,120.82142857142857,4.794313658605504,0.05735052183447209,32.8,-0.38187684121871074,0.6380585109012866,1.432499748107626,1.842325821584291,0.8660254037844386,0.5000000000000001,0.22235797081068753
1966-03,96.96774193548387,4.574378365827774,-0.11731118784125982,127.8,0.9610218306451133,0.3364493156467842,1.6605422989813785,2.050716774279597,1.0,6.123233995736766e-17,0.05735052183447209
1966-04,128.13333333333333,4.853071388428027,-0.26719533959418484,74.4,-0.5487288235277635,-0.16483716706256357,1.2540665219422915,1.957348033566944,0.8660254037844387,-0.49999999999999983,-0.11731118784125982
1966-05,251.32258064516128,5.526737295845712,-0.2947827049758791,258.1,0.15253109135695764,0.04910457068877406,0.2861421763855178,1.706983627964096,0.49999999999999994,-0.8660254037844387,-0.26719533959418484
1966-06,394.3666666666667,5.977281102591507,0.3067413967088273,284.6,0.3353373894066206,-0.2005801238499456,-0.09078717544686063,1.991174588417745,1.2246467991473532e-16,-1.0,-0.2947827049758791
1966-07,225.74193548387098,5.419392468442487,-0.1626935939249936,256.4,0.40697029772660104,0.3550330357587863,0.09550080965372557,0.9089300451040333,-0.4999999999999998,-0.8660254037844388,0.3067413967088273
1966-08,200.38709677419354,5.300250979783431,-0.6400918603536692,203.6,-0.7503931764289671,-0.054736369481375155,-0.10241088135044833,0.7833413035242167,-0.8660254037844384,-0.5000000000000004,-0.1626935939249936
1966-09,324.76666666666665,5.783106975763186,-0.7154068887365836,193.9,-0.6186222831816607,-0.6597374046304022,-0.6573110648562476,0.5119315704299606,-1.0,-1.8369701987210297e-16,-0.6400918603536692
1966-10,679.8064516129032,6.521808127674326,0.025981149110403834,335.4,1.3717470058272418,0.017843550827148884,0.23461029137221306,0.9217061684646366,-0.8660254037844386,0.5000000000000001,-0.7154068887365836
1966-11,289.53333333333336,5.668270431432612,-0.4803021842064812,50.0,-1.359367827418134,-0.04303377990100111,-0.15616603415761016,-0.01665191808728885,-0.5000000000000004,0.8660254037844384,0.025981149110403834
1966-12,169.32258064516128,5.1318056567671535,-0.30930841540066556,65.0,0.3074523747986804,0.4117889133207807,-0.26745789937172043,-0.3002488125639597,-2.4492935982947064e-16,1.0,-0.4803021842064812
1967-01,112.51612903225806,4.723096580543724,-0.2516156917257266,6.1,-2.0358400358806854,-1.6796509917252684,-0.721655564916131,-0.461492035306907,0.49999999999999994,0.8660254037844387,-0.30930841540066556
1967-02,89.64285714285714,4.495833521950626,-0.24112961482040607,103.5,1.0009401397044366,0.12657374979999955,-0.04399250149007017,-0.17713417378961388,0.8660254037844386,0.5000000000000001,-0.2516156917257266
1967-03,73.3225806451613,4.294868619367397,-0.3968209343016369,43.1,-0.3814696737084325,-0.28475100305332207,0.12121768497274155,-0.4304129600316982,1.0,6.123233995736766e-17,-0.24112961482040607
1967-04,55.1,4.009149716158869,-1.1111170118633433,3.6,-3.133513063752252,-1.0744922984720564,-1.873322752042042,-0.7010372313227822,0.8660254037844387,-0.49999999999999983,-0.3968209343016369
1967-05,63.74193548387097,4.1548426738226665,-1.6666773269989248,157.4,-1.0293230580731805,-2.247769837898967,-1.8427360282168452,-1.1117617331435623,0.49999999999999994,-0.8660254037844387,-1.1111170118633433
1967-06,121.06666666666666,4.796341358059029,-0.8741983478236515,357.2,1.0093658616430072,-0.9677538014017941,-1.0957029966158276,-0.9116905280278036,1.2246467991473532e-16,-1.0,-1.6666773269989248
1967-07,134.06451612903226,4.898321147733972,-0.6837649146335085,138.0,-1.0759805234031314,-0.5618737086341413,-1.24368389424292,-1.4270588391982664,-0.4999999999999998,-0.8660254037844388,-0.8741983478236515
1967-08,152.25806451612902,5.025576874094455,-0.9147659660426459,248.9,-0.1700336003828691,-0.05780175976511477,-1.4679461422420432,-1.255108048646505,-0.8660254037844384,-0.5000000000000004,-0.6837649146335085
1967-09,318.7,5.764250221423291,-0.7342636430764786,137.0,-1.5064797882283174,-1.6877020426231368,-1.9063104389647774,-1.5782979958648062,-1.0,-1.8369701987210297e-16,-0.9147659660426459
1967-10,479.1290322580645,6.171969939544386,-0.32385703901953633,257.8,0.6296127255127445,-0.6116383623901591,-0.9177871642604422,-1.9304091271784884,-0.8660254037844386,0.5000000000000001,-0.7342636430764786
1967-11,324.0,5.780743515792329,-0.36782909984676415,159.6,0.48872742535473074,-0.22399448175180878,-0.27869429387565614,-1.3808796978610394,-0.5000000000000004,0.8660254037844384,-0.32385703901953633
1967-12,146.7741935483871,4.98889530745985,-0.4522187647079692,5.3,-2.2137949631303484,0.1990452859372047,-1.1332310530223828,-1.5855189006335626,-2.4492935982947064e-16,1.0,-0.36782909984676415
1968-01,97.93548387096774,4.584308934030374,-0.3904033382390768,38.0,-0.2509434648315937,-0.4349477996772409,-0.7673474861828045,-1.453859735058097,0.49999999999999994,0.8660254037844387,-0.4522187647079692
1968-02,74.3103448275862,4.308250172551374,-0.4287129642196579,19.5,-0.8429992296518222,-1.7782340984546252,-0.9482085499078088,-1.7676749220372787,0.8660254037844386,0.5000000000000001,-0.3904033382390768
1968-03,77.29032258064517,4.347568754750194,-0.34412079891883973,4.8,-2.1139395211077776,-1.8066926221178028,-0.7160817782069205,-1.7656688297476513,1.0,6.123233995736766e-17,-0.4287129642196579
1968-04,49.333333333333336,3.8985999850960056,-1.2216667429262067,25.200000000000003,-1.6803015368050542,-2.8838625760417056,-2.069545298269747,-1.6949063919497454,0.8660254037844387,-0.49999999999999983,-0.34412079891883973
1968-05,192.0,5.2574953720277815,-0.5640246287938098,491.8,2.02061864873615,0.45947777839345944,-0.2992789040319373,-0.43263375799172205,0.49999999999999994,-0.8660254037844387,-1.2216667429262067
1968-06,312.4,5.744284417965531,0.07374471208285094,360.2,1.0352021706510544,1.48651005734849,0.585059067096387,-0.4718680500491856,1.2246467991473532e-16,-1.0,-0.5640246287938098
1968-07,501.2258064516129,6.2170567110252195,0.6349706486577391,153.2,-0.8458593113401135,1.4724324870611398,0.20459825040163046,-0.418954171676451,-0.4999999999999998,-0.8660254037844388,0.07374471208285094
1968-08,549.5806451612904,6.3091555240603965,0.3688126839232959,350.0,0.9074039473048021,0.6378755675611018,0.7435277448342223,-0.03614638524505615,-0.8660254037844384,-0.5000000000000004,0.6349706486577391
1968-09,605.8,6.406549898593137,-0.0919639659066327,246.6,0.05563212937000474,0.01274167513652677,1.0139291330736948,0.4094867415373601,-1.0,-1.8369701987210297e-16,0.3688126839232959
1968-10,420.93548387096774,6.042479576977101,-0.4533474015868215,138.2,-0.8868622967311748,0.030678556824150553,1.1570260866043696,-0.0756692123009596,-0.8660254037844386,0.5000000000000001,-0.0919639659066327
1968-11,738.0666666666667,6.604034154757257,0.455461539118164,287.1,1.732819074199338,0.5877143904151353,0.8075085972560351,0.4358872085291435,-0.5000000000000004,0.8660254037844384,-0.4533474015868215
1968-12,328.06451612903226,5.79321028455746,0.3520962123896405,63.199999999999996,0.26793428362609867,0.690713141234284,0.40511075219086906,0.6328560137722538,-2.4492935982947064e-16,1.0,0.455461539118164
1969-01,160.61290322580646,5.078997142157037,0.10428486988758578,35.5,-0.33464773247720303,1.4364463869037996,0.7728322858325664,0.6266757259876938,0.49999999999999994,0.8660254037844387,0.3520962123896405
1969-02,113.39285714285714,4.730858401151588,-0.006104735619444135,48.8,0.03364936098938653,-0.23062259131817434,0.35049626720024946,0.7101018957351464,0.8660254037844386,0.5000000000000001,0.10428486988758578
1969-03,95.54838709677419,4.559632790342598,-0.13205676332643534,71.5,0.18434168695940242,-0.24565653678857982,0.3872662788383736,0.9077210480248028,1.0,6.123233995736766e-17,-0.006104735619444135
1969-04,200.23333333333332,5.299483353188006,0.17921662516579406,68.9,-0.6406010320603889,-0.6212728151432689,0.45044316063084683,1.0419101985523773,0.8660254037844387,-0.49999999999999983,-0.13205676332643534
1969-05,580.3225806451613,6.363584122459432,0.542064121637841,291.1,0.470113522876964,-0.15572263717222107,-0.3358667968290464,0.3762557976556982,0.49999999999999994,-0.8660254037844387,0.17921662516579406
1969-06,300.3666666666667,5.705003950572882,0.03446424469020215,277.5,0.26356912667936355,-0.05282699504985253,-0.28252906053652793,0.07962738615640978,1.2246467991473532e-16,-1.0,0.542064121637841
1969-07,351.4516129032258,5.8620720428935735,0.27998598052609314,329.1,1.0963617611478569,0.9106383011015262,0.3723253465898771,0.7277087120592102,-0.4999999999999998,-0.8660254037844388,0.03446424469020215
1969-08,388.64516129032256,5.962666745554529,0.022323905417428236,175.0,-1.1638687525641525,0.16839169674069202,-0.06217261546287622,0.0790962884396448,-0.8660254037844384,-0.5000000000000004,0.27998598052609314
1969-09,560.3333333333334,6.328531844740506,-0.16998201975926364,152.5,-1.242556381531362,-0.6399264988341412,-0.5399920539042093,-0.2916465583768103,-1.0,-1.8369701987210297e-16,0.022323905417428236
1969-10,766.1935483870968,6.641434811958449,0.14560783339452676,280.3,0.858232384408749,-0.8815932617174789,0.11123992378051643,0.27485697012496146,-0.8660254037844386,0.5000000000000001,-0.16998201975926364
1969-11,506.1333333333333,6.226800139187554,0.07822752354846063,189.8,0.8292517995890782,0.25965396417389025,0.2211631369177992,-0.09549429989753308,-0.5000000000000004,0.8660254037844384,0.14560783339452676
1969-12,235.83870967741936,5.46314813780817,0.022034065640350597,44.9,-0.18512652463806897,0.8763775051571561,0.07674618914332615,-0.1591794227385391,-2.4492935982947064e-16,1.0,0.07822752354846063
1970-01,214.8709677419355,5.3700376979280335,0.39532542565858275,116.4,1.4349866101117257,1.135430959770019,-0.10083066344064423,0.14866556830009817,0.49999999999999994,0.8660254037844387,0.022034065640350597
1970-02,140.39285714285714,4.944444615246656,0.20748147847562404,15.5,-1.0187923383198938,0.1538904944529531,0.23233992382778654,0.022770291176674593,0.8660254037844386,0.5000000000000001,0.39532542565858275
1970-03,96.25806451612904,4.567032756838505,-0.12465679683052855,6.7,-1.9023178949689619,-0.4697339504367352,0.44574902743543526,-0.16909027550589378,1.0,6.123233995736766e-17,0.20748147847562404
1970-04,79.2,4.37197629882038,-0.7482904292018322,27.2,-1.610423712241671,-2.886708380664498,-0.7377467439163566,-0.32696493633030244,0.8660254037844387,-0.49999999999999983,-0.12465679683052855
1970-05,217.3548387096774,5.381531219481352,-0.4399887813402392,221.1,-0.23761888604472595,-1.6746290324956665,-1.3982451233324364,-0.6054667910669639,0.49999999999999994,-0.8660254037844387,-0.7482904292018322
1970-06,325.4,5.785055194784937,0.11451548890225727,192.4,-0.7124125514501997,-1.6418995373309428,-1.773026742310341,-1.0105185180797294,1.2246467991473532e-16,-1.0,-0.4399887813402392
1970-07,143.1290322580645,4.963746546893764,-0.6183395154737168,243.0,0.2662774254002684,-0.535761546461016,-1.8833993206002946,-1.3925367608637265,-0.4999999999999998,-0.8660254037844388,0.11451548890225727
1970-08,171.74193548387098,5.145992975029856,-0.7943498651072449,224.4,-0.4740727276738848,-0.5957191090213089,-1.6634129352308753,-1.2033042312841484,-0.8660254037844384,-0.5000000000000004,-0.6183395154737168
1970-09,542.2666666666667,6.29575788536496,-0.20275597913480947,378.0,1.3962758354719527,0.6281335858419852,-0.5804615056640283,-0.2862434310765926,-1.0,-1.8369701987210297e-16,-0.7943498651072449
1970-10,841.8064516129032,6.735550120375649,0.2397231418117265,126.19999999999999,-1.0837037699651542,-0.011286307531300109,-0.4683133103344964,-0.9412901319784053,-0.8660254037844386,0.5000000000000001,-0.20275597913480947
1970-11,477.46666666666664,6.168494349456168,0.019921733817074738,114.3,-0.11344313892000277,0.2316056440337021,-0.37728862204057106,-1.2354595041982732,-0.5000000000000004,0.8660254037844384,0.2397231418117265
1970-12,265.4516129032258,5.581432575120567,0.14031850295274761,85.6,0.7154806591642361,-0.625533627018144,0.0762446632221702,-1.0158568422526748,-2.4492935982947064e-16,1.0,0.019921733817074738
1971-01,186.8709677419355,5.230418366611478,0.2557060943420275,45.6,-0.017720349791699702,0.07841020678094736,-0.01471148407762734,-1.3214405872477517,0.49999999999999994,0.8660254037844387,0.14031850295274761
1971-02,125.75,4.8342958089798485,0.09733267220881636,63.7,0.34691065865996557,0.3704825201626708,0.31525238215617246,-1.0800138689279977,0.8660254037844386,0.5000000000000001,0.2557060943420275
1971-03,111.0,4.709530201312334,0.0178406476433004,84.1,0.38610188460976286,0.19142948306753974,-0.45847921616187665,-0.6798854977670727,1.0,6.123233995736766e-17,0.09733267220881636
1971-04,312.8333333333333,5.745670567358454,0.6254038393362418,133.4,0.2255435039478171,0.23812221828098354,0.1490019892922917,-0.30624668992431536,0.8660254037844387,-0.49999999999999983,0.0178406476433004
1971-05,212.96774193548387,5.3611407079279925,-0.4603792928935988,284.6,0.4095204091447849,0.3316956957991325,0.3901119546014952,-0.10251641897053276,0.49999999999999994,-0.8660254037844387,0.6254038393362418
1971-06,414.2,6.026348948961484,0.355809243078804,183.4,-0.8317901933685442,-0.31653606234717957,-0.2731067715274138,-0.1645018023385596,1.2246467991473532e-16,-1.0,-0.4603792928935988
1971-07,478.1290322580645,6.169880638026158,0.5877945756586778,317.0,0.989053963616606,0.27193504501972626,0.2648864646387432,0.11575132406390205,-0.4999999999999998,-0.8660254037844388,0.355809243078804
1971-08,428.7741935483871,6.060930424989339,0.1205875848522382,285.8,0.25204782740586623,0.1956363416403146,0.2986510344801595,0.33979445202167385,-0.8660254037844384,-0.5000000000000004,0.5877945756586778
1971-09,572.3333333333334,6.349721572229366,-0.1487922922704037,69.8,-2.9924384566918283,-0.5236418458267512,-0.641994263912407,-0.9097779564878297,-1.0,-1.8369701987210297e-16,0.1205875848522382
1971-10,906.5806451612904,6.809679989460517,0.3138530108965947,327.9,1.305222569505544,-0.3239762091690435,-0.06345761393960138,-0.06437143345944099,-0.8660254037844386,0.5000000000000001,-0.1487922922704037
1971-11,481.9,6.177736623646287,0.029164008007193765,75.0,-0.786769165846899,-0.8592474630845811,-0.4729665207215837,-0.20451910168841128,-0.5000000000000004,0.8660254037844384,0.3138530108965947
1971-12,193.96774193548387,5.267691866554422,-0.17342220561339694,36.8,-0.42710625935677343,0.3306671664523838,-0.22582015401832747,-0.3840184752983983,-2.4492935982947064e-16,1.0,0.029164008007193765
1972-01,143.4516129032258,4.96599778602555,-0.008714486243900588,56.8,0.28201054973154344,-0.9045059289960666,-0.7333616917918906,-0.3420768490344597,0.49999999999999994,0.8660254037844387,-0.17342220561339694
1972-02,95.34482758620689,4.557500083969961,-0.17946305280107122,64.8,0.3680739148005962,-0.08204029540306972,-0.850434385100515,-0.3261466082378187,0.8660254037844386,0.5000000000000001,-0.008714486243900588
1972-03,270.80645161290323,5.601404365026495,0.9097148113574614,115.7,0.8166106898306041,0.6350750069924832,0.5905042768165976,-0.15752931372418308,1.0,6.123233995736766e-17,-0.17946305280107122
1972-04,284.5,5.6507332535663855,0.5304665255441732,44.4,-1.1291416196316155,-0.2599080032424849,-0.7921821124317208,-0.4855308043647765,0.8660254037844387,-0.49999999999999983,0.9097148113574614
1972-05,213.25806451612902,5.362503002848432,-0.4590169979731593,148.8,-1.152354736833696,-1.1495959205206834,-1.1217693939105393,-1.020291176837537,0.49999999999999994,-0.8660254037844387,0.5304665255441732
1972-06,153.2,5.0317442573064906,-0.6387954485761895,263.8,0.12156068870084068,-1.4937334173283792,-0.9329135314572937,-0.785327879866126,1.2246467991473532e-16,-1.0,-0.4590169979731593
1972-07,209.38709677419354,5.3441846765483225,-0.23790138581915787,295.5,0.7916194884426572,-0.19970883275913157,-0.4620908299423709,-0.8864323046587601,-0.4999999999999998,-0.8660254037844388,-0.6387954485761895
1972-08,182.06451612903226,5.204361108487558,-0.7359817316495425,266.3,0.03386118761129247,0.42476517741405734,-0.45565447800514897,-0.9859574283098079,-0.8660254037844384,-0.5000000000000004,-0.23790138581915787
1972-09,563.5666666666667,6.334285634674811,-0.16422822982495866,320.1,0.8508311431951163,0.850905134964993,-0.3164116614818827,0.02632451410890401,-1.0,-1.8369701987210297e-16,-0.7359817316495425
1972-10,819.9677419354839,6.709265000381428,0.21343802181750515,133.9,-0.9559813866872243,-0.06783997931541454,-0.25614279218603325,-0.7846476064782744,-0.8660254037844386,0.5000000000000001,-0.16422822982495866
1972-11,445.1333333333333,6.0983738627556585,-0.05019875288343467,79.9,-0.6911203571340597,-0.37711510222508277,0.01294984297893506,-0.734375419265089,-0.5000000000000004,0.8660254037844384,0.21343802181750515
1972-12,232.0,5.44673737166631,0.00562329949849083,35.1,-0.4825123655540457,-1.4143415929098515,-0.13029467308240644,-0.7109679510463398,-2.4492935982947064e-16,1.0,-0.05019875288343467
1973-01,133.25806451612902,4.892287582911618,-0.08242468935783265,39.2,-0.21211223080956262,-1.1213486123437595,-0.5964555891592463,-0.7866007756946769,0.49999999999999994,0.8660254037844387,0.00562329949849083
1973-02,106.17857142857143,4.665122312822894,-0.07184082394813807,34.0,-0.346656999179704,-0.8368767392797528,-0.773399394835246,-0.883676729448265,0.8660254037844386,0.5000000000000001,-0.08242468935783265
1973-03,117.70967741935483,4.768221231951301,0.07653167828226781,,,,,,1.0,6.123233995736766e-17,-0.07184082394813807
1973-04,85.53333333333333,4.448906163513426,-0.6713605645087863,72.2,-0.5848839620270193,,,,0.8660254037844387,-0.49999999999999983,0.07653167828226781
1973-05,89.64516129032258,4.495859225257357,-1.3256607755642342,277.8,0.3451435990592216,,,,0.49999999999999994,-0.8660254037844387,-0.6713605645087863
1973-06,314.5,5.750984076140496,0.08044437025781548,300.5,0.49186360813564667,0.039687322638794036,,,1.2246467991473532e-16,-1.0,-1.3256607755642342
1973-07,358.741935483871,5.882603287333696,0.3005172249662156,169.4,-0.617345856378552,0.04721266611265156,,,-0.4999999999999998,-0.8660254037844388,0.08044437025781548
1973-08,392.7096774193548,5.973070604568724,0.032727764431623285,322.8,0.6403105675513521,0.2339540205620366,,,-0.8660254037844384,-0.5000000000000004,0.3005172249662156
1973-09,517.8333333333334,6.249653440164993,-0.24886042433477673,234.7,-0.08743181927866807,-0.142344998668034,-0.12824264675287844,,-1.0,-1.8369701987210297e-16,0.032727764431623285
1973-10,376.80645161290323,5.93173166467055,-0.5640953138933726,126.5,-1.0786275214180787,-0.32043490836607585,-0.2401503588863858,,-0.8660254037844386,0.5000000000000001,-0.24886042433477673
1973-11,333.9,5.810841546949609,-0.3377310686894841,46.3,-1.4607623314004112,-1.4221811639451236,-0.7686407604411342,,-0.5000000000000004,0.8660254037844384,-0.5640953138933726
1973-12,178.0,5.181783550292085,-0.259330521875734,35.6,-0.4660248920733988,-1.8984011614651273,-1.1989071751324787,,-2.4492935982947064e-16,1.0,-0.3377310686894841
1974-01,111.7741935483871,4.7164807071388575,-0.2582315651305933,11.0,-1.5478006304782974,-2.248549644456994,-1.211597467196277,,0.49999999999999994,0.8660254037844387,-0.259330521875734
1974-02,111.0,4.709530201312334,-0.027432935458698182,42.0,-0.13019150265022666,-1.201156437676892,-1.8713809888537143,,0.8660254037844386,0.5000000000000001,-0.2582315651305933
1974-03,99.09677419354838,4.596096889782417,-0.09559266388661669,68.69999999999999,0.13631777696552916,-0.7093289205080612,-2.059593525926652,-1.048505901580885,1.0,6.123233995736766e-17,-0.027432935458698182
1974-04,74.53333333333333,4.311246452612834,-0.8090202754093783,97.1,-0.21319751427586617,-0.4276977766209675,-1.5863664474222805,-0.967724165824908,0.8660254037844387,-0.49999999999999983,-0.09559266388661669
1974-05,142.67741935483872,4.96058627338318,-0.860933727438411,157.3,-1.0307264471451503,-1.0220023277921801,-1.5617907355976544,-1.471512828242369,0.49999999999999994,-0.8660254037844387,-0.8090202754093783
1974-06,177.6,5.17953383055807,-0.4910058753246105,303.4,0.5198187106135916,-0.6496183334179705,-1.0354327696434593,-1.5819052596823284,1.2246467991473532e-16,-1.0,-0.860933727438411
1974-07,273.4516129032258,5.611124688123259,0.029038625755778646,85.7,-2.0392668504962423,-1.3176854619447684,-1.5574982177547585,-1.985000709667351,-0.4999999999999998,-0.8660254037844388,-0.4910058753246105
1974-08,292.5806451612903,5.678740338624036,-0.26160250151306474,570.4,2.693279307562766,1.1533234416385585,0.27180023556165667,-0.9312478846032727,-0.8660254037844384,-0.5000000000000004,0.029038625755778646
1974-09,484.8,6.1837364347551045,-0.31477742974466505,399.09999999999997,1.5815382288770727,1.8333636135942968,0.9530659263871244,-0.27212361764420945,-1.0,-1.8369701987210297e-16,-0.26160250151306474
1974-10,749.8064516129032,6.61981510870985,0.12398813014592758,160.6,-0.5489466624789306,2.330151925835668,0.8835411574516764,-0.13718569752779708,-0.8660254037844386,0.5000000000000001,-0.31477742974466505
1974-11,639.3666666666667,6.460478103059533,0.31190548742043944,,,,,,-0.5000000000000004,0.8660254037844384,0.12398813014592758
1974-12,412.258064516129,6.02164952344638,0.5805354512785605,56.9,0.12338584394223741,,,,-2.4492935982947064e-16,1.0,0.31190548742043944
1975-01,172.48387096774192,5.150303730463585,0.17559145819413402,80.1,0.7979109766392688,,,,0.49999999999999994,0.8660254037844387,0.5805354512785605
1975-02,125.92857142857143,4.835714852782612,0.09875171601157984,50.599999999999994,0.07451492047076295,0.28480515619124475,,,0.8660254037844386,0.5000000000000001,0.17559145819413402
1975-03,132.48387096774192,4.886460909471412,0.19477135580237892,34.8,-0.5956857428457294,-0.12663531701191472,,,1.0,6.123233995736766e-17,0.09875171601157984
1975-04,65.1,4.175924549214524,-0.9443421788076884,23.900000000000002,-1.7280254292808288,-1.6497350830963144,,,0.8660254037844387,-0.49999999999999983,0.19477135580237892
1975-05,129.5483870967742,4.864054456886419,-0.9574655439351725,182.0,-0.7013364318373789,-1.8268013130041898,-1.4263395198436384,,0.49999999999999994,-0.8660254037844387,-0.9443421788076884
1975-06,209.96666666666667,5.346948787959773,-0.32359091792290684,221.6,-0.34957217493707293,-1.7646787614369752,-1.6672658563126388,,1.2246467991473532e-16,-1.0,-0.9574655439351725
1975-07,304.7741935483871,5.719571153392052,0.13748509102457174,276.1,0.6052484265489877,-0.38254903902787324,-1.33144318451438,,-0.4999999999999998,-0.8660254037844388,-0.32359091792290684
1975-08,281.83870967741933,5.641334955812948,-0.29900788432415215,355.1,0.9559571671192667,0.5787473134787561,-0.6682038622807441,,-0.8660254037844384,-0.5000000000000004,0.13748509102457174
1975-09,1413.8666666666666,7.254083546866651,0.7555696823668816,556.0,2.795270775781985,2.5132678672849673,0.9604749882082154,,-1.0,-1.8369701987210297e-16,-0.29900788432415215
1975-10,457.0967741935484,6.12489512819958,-0.3709318503643422,235.9,0.3941412792589055,2.4157727591359146,1.5200238852013777,,-0.8660254037844386,0.5000000000000001,0.7555696823668816
1975-11,617.6666666666666,6.42594893761725,0.2773763219781564,190.5,0.836710864355308,2.3584151899638868,2.0345567487885994,0.9701245936370453,-0.5000000000000004,0.8660254037844384,-0.3709318503643422
1975-12,294.5806451612903,5.68555280316454,0.24443873099672064,78.19999999999999,0.5771915369825596,0.8042770246903507,2.3764003574714967,1.011607667337334,-2.4492935982947064e-16,1.0,0.2773763219781564
1976-01,163.3548387096774,5.095924759338866,0.1212124870694149,9.4,-1.6843423384060563,0.4322200172113757,2.215169211392591,0.7662055880020935,0.49999999999999994,0.8660254037844387,0.24443873099672064
1976-02,125.24137931034483,4.83024290973471,0.09327977296367784,123.19999999999999,1.2659058241628376,0.5500122136282073,2.2766414666423493,0.9917521590058532,0.8660254037844386,0.5000000000000001,0.1212124870694149
1976-03,73.96774193548387,4.303629078372758,-0.3880604752962755,75.0,0.2426249367483534,0.3416199299689173,0.8021664744277913,1.0822999757195368,1.0,6.123233995736766e-17,0.09327977296367784
1976-04,292.7,5.6791481936978405,0.5588814656756282,70.4,-0.6150468429449676,0.13291112275100453,0.27595987462867216,1.2239304210226303,0.8660254037844387,-0.49999999999999983,-0.3880604752962755
1976-05,342.4193548387097,5.8360361696522105,0.014516168830619236,178.2,-0.7499167033225327,-1.0175806059063477,-0.636146474366238,1.203852083013756,0.49999999999999994,-0.8660254037844387,0.5588814656756282
1976-06,199.16666666666666,5.294141995137556,-0.37639771074512396,276.7,0.2554064891331978,-0.9095298356386803,-0.6723209462026308,1.4490000651528283,1.2246467991473532e-16,-1.0,0.014516168830619236
1976-07,207.90322580645162,5.337072710888141,-0.24501335147933911,266.90000000000003,0.513853098297118,-0.11326276682820581,-0.14082592893798906,1.4475994039368671,-0.4999999999999998,-0.8660254037844388,-0.37639771074512396
1976-08,228.67741935483872,5.432312361369871,-0.5080304787672292,192.3,-0.908668177517282,-0.10827181427217658,-0.8485735719148283,0.8894876746265371,-0.8660254037844384,-0.5000000000000004,-0.24501335147933911
1976-09,443.3666666666667,6.094397117691141,-0.4041167468086284,234.7,-0.08743181927866807,-0.3716928406970778,-0.9257081618813096,-0.32078207064628994,-1.0,-1.8369701987210297e-16,-0.5080304787672292
1976-10,690.9032258064516,6.537999764475674,0.042172785911751554,220.4,0.21860440990555774,-0.5843992689994563,-0.5473393277553901,-0.38853384450752404,-0.8660254037844386,0.5000000000000001,-0.4041167468086284
1976-11,374.6333333333333,5.925947769856112,-0.22262484578298114,65.4,-0.987716179898001,-0.4793536145585877,-0.4853679520372155,-0.8865910415819765,-0.5000000000000004,0.8660254037844384,0.042172785911751554
1976-12,158.8709677419355,5.068092349121043,-0.37302172304677583,67.6,0.3632694108942945,-0.3774588672130218,-0.5701470825499134,-0.8941915522618229,-2.4492935982947064e-16,1.0,-0.22262484578298114
1977-01,124.93548387096774,4.827797475029606,-0.14691479723984457,113.8,1.3939490655338211,0.09309925275835779,-0.4779905706685088,-0.47541410517155147,0.49999999999999994,0.8660254037844387,-0.37302172304677583
1977-02,81.25,4.3975308212098465,-0.3394323155611856,10.899999999999999,-1.2559284436751827,0.34021495371178595,-0.30335076917716824,-0.9013385602527149,0.8660254037844386,0.5000000000000001,-0.14691479723984457
1977-03,55.38709677419355,4.01434665641233,-0.6773428972567039,26.2,-0.8606480570875061,-0.30769908006789876,-0.5705015986403328,-0.9874262656116404,1.0,6.123233995736766e-17,-0.3394323155611856
1977-04,86.83333333333333,4.4639905725253115,-0.6562761554969008,90.8,-0.30032410350855454,-1.3719710963554586,-0.9417310027467279,-0.9239737360084498,0.8660254037844387,-0.49999999999999983,-0.6773428972567039
1977-05,87.03225806451613,4.466278832282555,-1.3552411685390364,202.6,-0.4494033735996668,-1.053086961878431,-0.7941063785845545,-0.859191941098869,0.49999999999999994,-0.8660254037844387,-0.6562761554969008
1977-06,71.16666666666667,4.265024544000569,-1.4055151618821107,178.2,-0.9026088554681703,-1.3640727053035109,-1.4451010841629714,-1.3472144031807047,1.2246467991473532e-16,-1.0,-1.3552411685390364
1977-07,257.35483870967744,5.550455827980206,-0.03163023438727475,303.1,0.8624478904581127,-0.35519007815579584,-1.1870014375162543,-1.2165047100067563,-0.4999999999999998,-0.8660254037844388,-1.4055151618821107
1977-08,399.06451612903226,5.989123098377686,0.048780258240585184,263.2,-0.0017975835739184422,-0.055349337463163284,-0.8239443067913677,-0.9387490959431342,-0.8660254037844384,-0.5000000000000004,-0.03163023438727475
1977-09,545.8,6.302252608274238,-0.19626125622553126,238.2,-0.04485963459007833,0.37082185812056273,-0.6312869307112637,-0.967293779917653,-1.0,-1.8369701987210297e-16,0.048780258240585184
1977-10,552.7096774193549,6.3148328680388435,-0.18099411052507897,256.0,0.6107671953402113,0.1816783814912139,-0.19376666666618106,-0.8099635782437921,-0.8660254037844386,0.5000000000000001,-0.19626125622553126
1977-11,629.1,6.444290226575984,0.2957176109368911,248.89999999999998,1.4055841817191526,1.0345767215763895,0.5981549029962834,-0.030876011286349377,-0.5000000000000004,0.8660254037844384,-0.18099411052507897
1977-12,181.74193548387098,5.202587743951172,-0.238526328216647,59.099999999999994,0.17502878819524886,1.2038679922738686,1.013776534835075,-0.05909963434956888,-2.4492935982947064e-16,1.0,0.2957176109368911
1978-01,113.83870967741936,4.734782619190124,-0.23992965307932668,71.4,0.6184945214386554,1.3822808632753323,0.8556378694472067,-0.22352456490371292,0.49999999999999994,0.8660254037844387,-0.238526328216647
1978-02,99.85714285714286,4.603740593178497,-0.13322254359253538,124.80000000000001,1.2862327222281065,1.0094428667329265,1.3317819286995962,0.20572757816137083,0.8660254037844386,0.5000000000000001,-0.23992965307932668
1978-03,92.87096774193549,4.53121108612703,-0.16047846754200368,52.599999999999994,-0.16937954822317228,0.7422103292543405,1.3715959616482218,0.3143494770419341,1.0,6.123233995736766e-17,-0.13322254359253538
1978-04,214.83333333333334,5.3698625337111325,0.24959580568892026,175.7,0.6452392088856839,0.7855737277658024,1.3306466455669606,0.5889384128901668,0.8660254037844387,-0.49999999999999983,-0.16047846754200368
1978-05,192.96774193548387,5.262523034704747,-0.5589969661168439,233.7,-0.10014786584637796,0.06092384754694601,0.5065593677053626,0.6771538833421769,0.49999999999999994,-0.8660254037844387,0.24959580568892026
1978-06,359.8,5.885548321516433,0.21500861563375295,366.0,1.0847588803408637,0.8716326854184134,1.047257727716118,1.3432658971198217,1.2246467991473532e-16,-1.0,-0.5589969661168439
1978-07,284.0967741935484,5.649314934320313,0.06722887195283267,217.20000000000002,-0.01987126650670548,0.45855959634042615,0.7904872898217195,1.0767232336784378,-0.4999999999999998,-0.8660254037844388,0.21500861563375295
1978-08,330.93548387096774,5.801923443602567,-0.13841939653453394,337.09999999999997,0.782493388136667,0.9473584664671986,0.730517746707178,1.3366763448181918,-0.8660254037844384,-0.5000000000000004,0.06722887195283267
1978-09,623.6666666666666,6.43561603760598,-0.06289782689378942,265.1,0.26916027483038857,0.46554321038692587,0.8734206853589459,1.5201285404996363,-1.0,-1.8369701987210297e-16,-0.13841939653453394
1978-10,786.516129032258,6.6676132296399455,0.17178625107602308,129.2,-1.0333142164462452,0.007694959279714046,0.30979086069566797,1.0366248687924626,-0.8660254037844386,0.5000000000000001,-0.06289782689378942
1978-11,246.26666666666668,5.506414959656976,-0.6421576559821176,73.6,-0.8148991185154411,-0.8988127352613717,0.1471490892344349,0.38100572963951856,-0.5000000000000004,0.8660254037844384,0.17178625107602308
1978-12,134.03225806451613,4.898080502804402,-0.5430335693634172,75.4,0.5226377727552268,-1.0974279680756927,-0.3024852470363931,0.42970208726158887,-2.4492935982947064e-16,1.0,-0.6421576559821176
1979-01,108.03225806451613,4.682429868309058,-0.2922824039603924,39.5,-0.2025326140947229,-0.6249115689483473,-0.32605309380571457,0.31364783163407595,0.49999999999999994,0.8660254037844387,-0.5430335693634172
1979-02,104.82142857142857,4.652258222086993,-0.08470491468403907,24.1,-0.6659143884306883,-0.35173677396251746,-1.0216290107414292,-0.063523835115822,0.8660254037844386,0.5000000000000001,-0.2922824039603924
1979-03,87.96774193548387,4.4769701783604425,-0.21471937530859098,111.0,0.7578982332401614,-0.019186519771135335,-0.9679844360721066,0.1752601517504267,1.0,6.123233995736766e-17,-0.08470491468403907
1979-04,85.9,4.45318382899021,-0.6670828990320024,109.30000000000001,-0.05492462343149125,-0.07880283695915231,-0.49388803315680013,-0.061541558309607586,0.8660254037844387,-0.49999999999999983,-0.21471937530859098
1979-05,618.3548387096774,6.427062465353014,0.6055424645314229,,,,,,0.49999999999999994,-0.8660254037844387,-0.6670828990320024
1979-06,814.8666666666667,6.703024500675053,1.0324847947923725,284.8,0.3373417497384165,,,,1.2246467991473532e-16,-1.0,0.6055424645314229
1979-07,657.1290322580645,6.487880395332411,0.9057943329649305,223.7,0.0542719289057389,,,,-0.4999999999999998,-0.8660254037844388,1.0324847947923725
1979-08,935.7741935483871,6.841374201164056,0.9010313610269556,224.0,-0.4792187134830141,-0.12930874463285158,,,-0.8660254037844384,-0.5000000000000004,0.9057943329649305
1979-09,916.1666666666666,6.820198298632605,0.32168443413283576,278.4,0.4166233972432508,-0.14782154569716693,,,-1.0,-1.8369701987210297e-16,0.9010313610269556
1979-10,561.6129032258065,6.330812828277089,-0.16501415028683386,400.6,1.9136144672738602,1.089258974148873,,,-0.8660254037844386,0.5000000000000001,0.32168443413283576
1979-11,378.53333333333336,5.9363041359307065,-0.2122684797083867,120.8,-0.018212211724206468,1.3707520670222635,0.7944694092827579,,-0.5000000000000004,0.8660254037844384,-0.16501415028683386
1979-12,288.96774193548384,5.6663150622820995,0.2252009901142804,47.0,-0.12738735001491944,1.2323549001399552,0.672786537439354,,-2.4492935982947064e-16,1.0,-0.2122684797083867
1980-01,125.90322580645162,4.835513562695469,-0.13919870957398217,1.8,-2.8797032916781244,-0.8899300191063102,0.5227443864306756,,0.49999999999999994,0.8660254037844387,0.2252009901142804
1980-02,87.86206896551724,4.47576818670558,-0.2611949500654518,51.300000000000004,0.09015318371220225,-0.9823491918657086,0.8076520975131236,,0.8660254037844386,0.5000000000000001,-0.13919870957398217
1980-03,96.03225806451613,4.56468415653063,-0.12700539713840353,85.1,0.4012271979742478,-0.47516563643783255,0.7689607010841435,,1.0,6.123233995736766e-17,-0.2611949500654518
1980-04,259.8,5.559912104236499,0.4396453762142869,197.8,0.8384121212445582,0.6493617538704048,-0.0003723345762503042,,0.8660254037844387,-0.49999999999999983,-0.12700539713840353
1980-05,817.0322580645161,6.705678577635647,0.8841585768140554,419.9,1.522395723550909,1.5075649493307,0.9750130926167855,1.0958865398815432,0.49999999999999994,-0.8660254037844387,0.4396453762142869
1980-06,314.4,5.7506660605550515,0.08012635467237139,279.5,0.2839075976774282,1.6017582423959,1.1064681019218177,1.1330276147193445,1.2246467991473532e-16,-1.0,0.8841585768140554
1980-07,224.4516129032258,5.413660151226741,-0.1684259111407398,212.7,-0.07207659511479463,0.9883604717891513,1.1575051443505922,1.1185691903155086,-0.4999999999999998,-0.8660254037844388,0.08012635467237139
1980-08,291.83870967741933,5.676201285540595,-0.2641415545965051,193.1,-0.8972562646900459,-0.4283588502442828,0.7565197668562178,1.014452447862899,-0.8660254037844384,-0.5000000000000004,-0.1684259111407398
1980-09,938.4333333333333,6.844211818163353,0.34569795366358314,210.9,-0.38889147796731965,-0.9384977295251512,0.5119327887764538,0.8284181353176994,-1.0,-1.8369701987210297e-16,-0.2641415545965051
1980-10,732.0,6.595780513961311,0.09995353539738883,354.2,1.5344129140035692,0.18696818045076222,0.8564748595157409,0.6366125859448277,-0.8660254037844386,0.5000000000000001,0.34569795366358314
1980-11,276.3666666666667,5.621728486454064,-0.5268441291850294,90.8,-0.4921505185389038,0.4830447244749948,-0.07360896221693941,0.5275638035071589,-0.5000000000000004,0.8660254037844384,0.09995353539738883
1980-12,173.5483870967742,5.156456448670684,-0.28465762349713497,35.0,-0.48582959829518746,0.6297631604715822,-0.3072013185086897,0.4673325633322936,-2.4492935982947064e-16,1.0,-0.5268441291850294
1981-01,157.51612903225808,5.059527859576514,0.08481558730706329,132.2,1.6728460849286217,0.21756436118221645,0.21923024930882382,0.9380094234711507,0.49999999999999994,0.8660254037844387,-0.28465762349713497
1981-02,161.21428571428572,5.082734447202277,0.3457713104312452,85.1,0.7231438698047465,0.9801885788336031,0.8532288737554514,1.024247078211284,0.8660254037844386,0.5000000000000001,0.08481558730706329
1981-03,105.96774193548387,4.663134726433564,-0.028554827235469205,10.6,-1.5872552661704835,0.544950340516949,0.7766845571123078,0.7499066177297966,1.0,6.123233995736766e-17,0.3457713104312452
1981-04,132.63333333333333,4.887588428764773,-0.23267829925743921,24.1,-1.7205560332136227,-1.4891266766069882,-0.9167233076935173,0.16898906364072663,0.8660254037844387,-0.49999999999999983,-0.028554827235469205
1981-05,238.90322580645162,5.476058556988412,-0.34546144383317934,,,,,,0.49999999999999994,-0.8660254037844387,-0.23267829925743921
1981-06,274.8,5.616043560348194,-0.05449614553448612,130.7,-1.6276490260024223,,,,1.2246467991473532e-16,-1.0,-0.34546144383317934
1981-07,483.741935483871,6.1815515733706565,0.5994655110031761,120.8,-1.358780249711276,,,,-0.4999999999999998,-0.8660254037844388,-0.05449614553448612
1981-08,350.7741935483871,5.86014269322072,-0.08020014691638089,156.4,-1.4585515895620693,-2.552707970551382,,,-0.8660254037844384,-0.5000000000000004,0.5994655110031761
1981-09,496.1,6.206777519307003,-0.29173634519276614,240.1,-0.02192434146777193,-1.744346460457471,,,-1.0,-1.8369701987210297e-16,-0.08020014691638089
1981-10,880.0967741935484,6.780031872100408,0.2842048935364856,,,,,,-0.8660254037844386,0.5000000000000001,-0.29173634519276614
1981-11,745.7666666666667,6.614412772010921,0.4658401563718275,214.6,1.0834035850123425,,,,-0.5000000000000004,0.8660254037844384,0.2842048935364856
1981-12,387.03225806451616,5.9585080437278926,0.5173939715600735,104.39999999999999,1.035084746122456,,,,-2.4492935982947064e-16,1.0,0.4658401563718275
1982-01,195.80645161290323,5.277126679568398,0.3024144072989472,,,,,,0.49999999999999994,0.8660254037844387,0.5173939715600735
1982-02,146.60714285714286,4.987756511711325,0.25079337494029286,,,,,,0.8660254037844386,0.5000000000000001,0.3024144072989472
1982-03,116.25806451612904,4.755812414243082,0.0641228605740487,,,,,,1.0,6.123233995736766e-17,0.25079337494029286
1982-04,162.53333333333333,5.090883108939007,-0.029383619083205303,93.0,-0.26943893295366816,,,,0.8660254037844387,-0.49999999999999983,0.0641228605740487
1982-05,333.741935483871,5.810368046078314,-0.011151954743277237,199.7,-0.4837785882211265,,,,0.49999999999999994,-0.8660254037844387,-0.029383619083205303
1982-06,130.53333333333333,4.871628621988245,-0.7989110838944349,195.3,-0.6747633598404306,-1.2216657222942073,,,1.2246467991473532e-16,-1.0,-0.011151954743277237
1982-07,321.0967741935484,5.771742554933353,0.1896564925658728,190.9,-0.3361001008933739,-1.025781468988759,,,-0.4999999999999998,-0.8660254037844388,-0.7989110838944349
1982-08,520.9032258064516,6.255564277487685,0.3152214373505844,256.9,-0.075140681188246,-0.7077027931200502,,,-0.8660254037844384,-0.5000000000000004,0.1896564925658728
1982-09,577.5666666666667,6.3588238758486915,-0.13968998865107807,234.9,-0.08498769954685448,-0.45119355556847596,-1.1840766688706688,,-1.0,-1.8369701987210297e-16,0.3152214373505844
1982-10,344.3225806451613,5.841578952408744,-0.6542480261551784,94.1,-1.6843702291305247,-1.05161775994341,-1.584418389838932,,-0.8660254037844386,0.5000000000000001,-0.13968998865107807
1982-11,450.8666666666667,6.11117165647273,-0.0374009591663631,189.0,0.8207052864602205,-0.4986237507896699,-0.971037058762421,,-0.5000000000000004,0.8660254037844384,-0.6542480261551784
1982-12,212.8709677419355,5.360686196898276,-0.08042787526954331,107.8,1.088841855565007,-0.056956400887012586,-0.42914572852232274,,-2.4492935982947064e-16,1.0,-0.0374009591663631
1983-01,143.90322580645162,4.969141030643119,-0.005571241626332046,13.0,-1.3969408789478353,0.7508478804070766,-0.46904260217539506,,0.49999999999999994,0.8660254037844387,-0.08042787526954331
1983-02,104.17857142857143,4.6461064596925175,-0.09085667707851464,0.0,-1.9563820246439585,-0.6291780145019557,-0.7968991997451245,,0.8660254037844386,0.5000000000000001,-0.005571241626332046
1983-03,76.09677419354838,4.332005874922529,-0.35968367874650475,14.5,-1.3533609626635006,-2.906259998362263,-1.2509958808452897,-1.5130012841979261,1.0,6.123233995736766e-17,-0.09085667707851464
1983-04,178.96666666666667,5.187199568760414,0.06693284073820216,237.4,1.1523547896904847,-0.011742119539126232,0.36916806162126525,-0.9635308792956492,0.8660254037844387,-0.49999999999999983,-0.35968367874650475
1983-05,444.2258064516129,6.09633300624198,0.27481300542038856,280.4,0.36988008107068837,0.5262853587874547,0.13036775980915813,-0.6864709690351953,0.49999999999999994,-0.8660254037844387,0.06693284073820216
1983-06,202.83333333333334,5.312384623759472,-0.3581550821232078,193.89999999999998,-0.6928907155487378,0.4594219614059074,-0.6306757765611117,-0.7605524391945838,1.2246467991473532e-16,-1.0,0.27481300542038856
1983-07,133.2258064516129,4.892045481469932,-0.6900405808975485,116.39999999999999,-1.435626166834758,-0.9912337981460408,-0.9961930801338013,-1.0804991522702867,-0.4999999999999998,-0.8660254037844388,-0.3581550821232078
1983-08,191.1290322580645,5.252948761518185,-0.6873940786189152,288.3,0.27929638648099253,-1.016052690482961,-0.47410848218461865,-0.9688052609550851,-0.8660254037844384,-0.5000000000000004,-0.6900405808975485
1983-09,206.4,5.329816033607408,-1.168697830892362,189.3,-0.6831280980757033,-1.1142451685644694,-0.48160872336400545,-1.2177812654609896,-1.0,-1.8369701987210297e-16,-0.6873940786189152
1983-10,670.3870967741935,6.507855301927446,0.012028323363523441,234.5,0.37860609738531203,-0.12414154496472,-0.8841955942225289,-0.6034731312389681,-0.8660254037844386,0.5000000000000001,-1.168697830892362
1983-11,477.3333333333333,6.168215058852481,0.019642443213387928,83.8,-0.617879157466679,-0.5794681807220129,-1.263151206482377,-1.0214790485608365,-0.5000000000000004,0.8660254037844384,0.012028323363523441
1983-12,202.93548387096774,5.312888115084883,-0.12822595708293605,78.0,0.5733376882817591,-0.012528372297931505,-0.8841336928923459,-1.1048656969439379,-2.4492935982947064e-16,1.0,0.019642443213387928
1984-01,149.06451612903226,5.00437920638512,0.029666934115669008,36.8,-0.290630141637188,-0.4906852075047492,-0.38011175712284534,-1.0107446647960199,0.49999999999999994,0.8660254037844387,-0.12822595708293605
1984-02,98.3103448275862,4.588129258926198,-0.14883387784483393,203.20000000000002,2.1338195927709753,1.5760489895885428,0.3867355343687666,-0.18577749371574645,0.8660254037844386,0.5000000000000001,0.029666934115669008
1984-03,67.61290322580645,4.2137988409557865,-0.477890712713247,68.80000000000001,0.13805542142960084,1.2545650887237219,0.7600369417957222,0.049743761183833876,1.0,6.123233995736766e-17,-0.14883387784483393
1984-04,56.53333333333333,4.034830434689693,-1.0854362933325197,15.2,-2.113249451544191,0.28712236096423766,-0.121002028063048,-0.7557422377419784,0.8660254037844387,-0.49999999999999983,-0.477890712713247
1984-05,313.93548387096774,5.749187499418267,-0.07233250140332448,330.2,0.8170228687576173,-0.28320695003833146,0.5906513176387586,-0.5965884809355994,0.49999999999999994,-0.8660254037844387,-1.0854362933325197
1984-06,620.5333333333333,6.430579323319972,0.7600396174372923,250.7,-0.018905283023722817,-0.3561387746420263,0.38832777196555446,-0.4365573214436215,1.2246467991473532e-16,-1.0,-0.07233250140332448
1984-07,331.741935483871,5.804357363900634,0.22227130153315322,179.1,-0.4876165965033179,0.12212544470102914,0.1650439085542242,-0.19817174714226704,-0.4999999999999998,-0.8660254037844388,0.7600396174372923
1984-08,274.3225806451613,5.614304715536638,-0.3260381246004629,197.8,-0.8308580899332604,-0.8134139480113284,-0.9440222297433132,-0.5677644714074027,-0.8660254037844384,-0.5000000000000004,0.22227130153315322
1984-09,1422.4,7.26010086475964,0.7615870002598708,317.3,0.8228803249121521,-0.36957525418178433,-0.5591940231008383,-0.05697851504372363,-1.0,-1.8369701987210297e-16,-0.3260381246004629
1984-10,743.483870967742,6.6113470722792185,0.11552009371529603,256.8,0.6191536896404257,0.27698547294438874,0.23414742293200452,0.026032499506332265,-0.8660254037844386,0.5000000000000001,0.7615870002598708
1984-11,587.1333333333333,6.37525193770325,0.22667932206415653,83.5,-0.6234278055959773,0.49424546267560304,-0.34349371928891576,0.0396815533168332,-0.5000000000000004,0.8660254037844384,0.11552009371529603
1984-12,151.74193548387098,5.022181285093317,-0.4189327870745023,,,,,,-2.4492935982947064e-16,1.0,0.22667932206415653
1985-01,108.90322580645162,4.690459651230701,-0.2842526210387497,,,,,,0.49999999999999994,0.8660254037844387,-0.4189327870745023
1985-02,84.57142857142857,4.437596485828692,-0.29936665094234005,57.1,0.21471780243646563,,,,0.8660254037844386,0.5000000000000001,-0.2842526210387497
1985-03,110.45161290322581,4.7045775327764865,0.012887979107452985,112.30000000000001,0.7742959536921803,,,,1.0,6.123233995736766e-17,-0.29936665094234005
1985-04,120.96666666666667,4.795515025550915,-0.32475170247129714,90.9,-0.29890909397467413,0.06179402725637755,,,0.8660254037844387,-0.49999999999999983,0.012887979107452985
1985-05,1053.3225806451612,6.959704809612479,1.1381848087908875,245.8,0.027254647377099185,-0.03020978871296733,,,0.49999999999999994,-0.8660254037844387,-0.32475170247129714
1985-06,232.36666666666667,5.448316583824243,-0.22222312205843675,173.9,-0.9622540166282282,-1.0306822621677996,,,1.2246467991473532e-16,-1.0,1.1381848087908875
1985-07,222.0,5.402677381872279,-0.1794086804952011,221.3,0.027066028865412883,-0.6401685571885963,-0.6452369561104807,,-0.4999999999999998,-0.8660254037844388,-0.22222312205843675
1985-08,328.7741935483871,5.7953711733267985,-0.14497166681030205,248.20000000000002,-0.17843363785763267,-0.7056738724872821,-0.6739797187182445,,-0.8660254037844384,-0.5000000000000004,-0.1794086804952011
1985-09,322.43333333333334,5.775896396520392,-0.7226174679793775,183.8,-0.7616758065719181,-0.6641473226904587,-1.2208771184934966,,-1.0,-1.8369701987210297e-16,-0.14497166681030205
1985-10,1091.741935483871,6.995529805559245,0.499702826995323,392.9,1.8526915337264074,0.6155707544404233,-0.07584358015293502,,-0.8660254037844386,0.5000000000000001,-0.7226174679793775
1985-11,445.26666666666665,6.098673353623425,-0.049899262015667745,193.5,0.8684787442869373,1.197266995150469,0.2643850385077601,,-0.5000000000000004,0.8660254037844384,0.499702826995323
1985-12,174.8709677419355,5.1640483747751915,-0.27706569739262754,5.9,-2.1345398074237885,1.384645749106166,0.44032888783556584,,-2.4492935982947064e-16,1.0,-0.049899262015667745
1986-01,129.48387096774192,4.863556324871137,-0.11115594739831369,78.10000000000001,0.7578304730001146,0.42596380333446976,0.678856276357135,-0.011059053866238467,0.49999999999999994,0.8660254037844387,-0.27706569739262754
1986-02,107.78571428571429,4.68014512915259,-0.05681800761844169,18.5,-0.8847868236400096,-0.9389371536574432,0.6563226287269303,-0.1534936745133473,0.8660254037844386,0.5000000000000001,-0.11115594739831369
1986-03,78.74193548387096,4.366175865907814,-0.3255136877612195,141.7,1.1165125225556862,0.6445241232759085,1.4674845192966097,-0.00634129700177636,1.0,6.123233995736766e-17,-0.05681800761844169
1986-04,207.96666666666667,5.337377810448631,0.21711108242641863,176.3,0.6506862728251444,0.6662026810989364,0.681833803310577,0.276812195822831,0.8660254037844387,-0.49999999999999983,-0.3255136877612195
1986-05,1084.4516129032259,6.988829712308194,1.1673097114866025,488.0,1.995489639446947,2.0280341866985614,1.509867041794001,1.0544964686184766,0.49999999999999994,-0.8660254037844387,0.21711108242641863
1986-06,341.73333333333335,5.834030705821807,0.16349099993912652,231.5,-0.23396054734505994,1.5937455329247765,1.6109951850900845,1.3000459087528442,1.2246467991473532e-16,-1.0,1.1673097114866025
1986-07,316.1290322580645,5.756150460173517,0.17406439780603655,192.8,-0.3123024791062633,0.9894342566285563,1.1692775545052574,1.2295735978025357,-0.4999999999999998,-0.8660254037844388,0.16349099993912652
1986-08,377.48387096774195,5.933527841863035,-0.006814998274065509,264.6,0.014340954053114922,-0.4050712344230583,1.2230243856774554,1.2916482235436204,-0.8660254037844384,-0.5000000000000004,0.17406439780603655
1986-09,217.5,5.382198850528739,-1.1163150139710307,108.0,-2.0630704678542244,-1.342304746196255,0.2695132344088602,1.0963882293685756,-1.0,-1.8369701987210297e-16,-0.006814998274065509
1986-10,469.64516129032256,6.151977433588179,-0.34384954497574327,240.8,0.4480393788102538,-0.8387857525354079,0.20541023234737543,0.5048837357554602,-0.8660254037844386,0.5000000000000001,-1.1163150139710307
1986-11,500.8666666666667,6.21633993126695,0.0677673156278571,39.9,-1.6510985919166485,-1.5959009813653449,-1.419237125079243,-0.08397193819912067,-0.5000000000000004,0.8660254037844384,-0.34384954497574327
1986-12,238.16129032258064,5.472948134574019,0.031834062406200125,95.6,0.8905404045505877,-0.17917290868581467,-1.161644365788957,0.2601462380302087,-2.4492935982947064e-16,1.0,0.0677673156278571
1987-01,134.09677419354838,4.898561734767491,-0.07615053750195955,60.5,0.3722391415177051,-0.5247857955789764,-1.001227383132446,0.19529236518642853,0.49999999999999994,0.8660254037844387,0.031834062406200125
1987-02,126.07142857142857,4.836848639752138,0.0998855029811061,105.0,1.0221688551674628,1.0653773049782378,-0.7211733301527851,0.5002012236852821,0.8660254037844386,0.5000000000000001,-0.07615053750195955
1987-03,76.6774193548387,4.339607262875048,-0.35208229079398556,78.3,0.29593151794836836,0.6960360247920139,0.23241501797378264,0.2888925339060111,1.0,6.123233995736766e-17,0.0998855029811061
1987-04,132.83333333333334,4.88909520956216,-0.23117151846005246,53.2,-0.9353478827568881,-0.15095462550855218,-0.49682180245069063,-0.14199578833577603,0.8660254037844387,-0.49999999999999983,-0.35208229079398556
1987-05,226.38709677419354,5.422246351658014,-0.3992736491635771,106.8,-1.8381812171361958,-1.8529598867706778,-0.8839089713048562,-1.6135998786748835,0.49999999999999994,-0.8660254037844387,-0.23117151846005246
1987-06,262.56666666666666,5.570505018041169,-0.10003468784151082,459.1,1.81901520965061,-0.18595125904274462,0.14269572827437613,-0.7933321613623014,1.2246467991473532e-16,-1.0,-0.3992736491635771
1987-07,184.3548387096774,5.2168623717437645,-0.36522369062371585,186.70000000000002,-0.3892809493276598,0.07715370209000133,-0.14796198572729297,-0.831498694741637,-0.4999999999999998,-0.8660254037844388,-0.10003468784151082
1987-08,232.90322580645162,5.4506230274017256,-0.489719812735375,154.70000000000002,-1.486679976308714,0.2796605274800676,-0.9603083984968696,-1.313200523898255,-0.8660254037844384,-0.5000000000000004,-0.36522369062371585
1987-09,320.43333333333334,5.769674246403661,-0.7288396180961083,226.6,-0.18761671813718783,-1.3212512149864628,-1.0959142702178137,-0.8499296147651513,-1.0,-1.8369701987210297e-16,-0.489719812735375
1987-10,356.48387096774195,5.876288996103636,-0.6195379824602867,151.4,-0.6835484687635609,-1.4834899808017,-0.9748942444931273,-1.2397085354464807,-0.8660254037844386,0.5000000000000001,-0.7288396180961083
1987-11,531.2333333333333,6.275201347197478,0.12662873155838472,116.7,-0.07786490283378698,-0.6813173546145177,-0.29473072340052475,-0.8704271714527045,-0.5000000000000004,0.8660254037844384,-0.6195379824602867
1987-12,243.67741935483872,5.495845298787256,0.0547312266194373,38.5,-0.3734610559007166,-0.8115093433057676,-1.5612598242557274,-1.0713488323477514,-2.4492935982947064e-16,1.0,0.12662873155838472
1988-01,119.83870967741936,4.786146752666713,-0.18856551960273737,18.2,-1.0731530171227273,-0.835075130864238,-1.6915619683817715,-1.2562702530584136,0.49999999999999994,0.8660254037844387,0.0547312266194373
1988-02,96.93103448275862,4.5739997409200575,-0.16296339585097463,36.199999999999996,-0.28411125872869775,-1.1171246729781352,-1.1615194639586603,-1.504570585550974,0.8660254037844386,0.5000000000000001,-0.18856551960273737
1988-03,77.29032258064517,4.347568754750194,-0.34412079891883973,106.4,0.6988565637776348,-0.18369816640110107,-0.8523061161817512,-1.2536398124679502,1.0,6.123233995736766e-17,-0.16296339585097463
1988-04,117.13333333333334,4.763312887084887,-0.35695384093732496,203.2,0.8834655387060611,0.7335410099258161,0.10056593326229692,-0.6965847847525259,0.8660254037844387,-0.49999999999999983,-0.34412079891883973
1988-05,145.19354838709677,4.978067668807786,-0.843452332013805,278.7,0.353723505373838,0.868680740843738,0.29791364809484905,-0.09864077068088913,0.49999999999999994,-0.8660254037844387,-0.35695384093732496
1988-06,293.1666666666667,5.6807412755095035,0.010201569626823392,217.29999999999998,-0.40087662229725396,0.37569856479481295,0.125444525092639,-1.0773302010059425,1.2246467991473532e-16,-1.0,-0.843452332013805
1988-07,151.93548387096774,5.023455982525317,-0.5586300798421631,283.5,0.6773206159431043,0.2392522115323012,0.5680919121362384,-0.6977829098744297,-0.4999999999999998,-0.8660254037844388,0.010201569626823392
1988-08,631.483870967742,6.448072400637361,0.5077295605002607,407.7,1.4321671548093946,0.8842344711641783,1.2311220647741168,0.2751617991360594,-0.8660254037844384,-0.5000000000000004,-0.5586300798421631
1988-09,887.8333333333334,6.788784037688944,0.2902701731891746,231.7,-0.1242624861928249,1.0940187226608222,0.9926664197544569,0.32083348841732157,-1.0,-1.8369701987210297e-16,0.5077295605002607
1988-10,559.0967741935484,6.326322578374654,-0.16950440018926827,152.4,-0.6686508757680455,0.40586940355063084,0.4149843823391508,0.31401541696917884,-0.8660254037844386,0.5000000000000001,0.2902701731891746
1988-11,417.3,6.033805387597507,-0.11476722804158612,55.9,-1.2083872932568687,-1.1344392332655902,-0.03898610083710956,0.08792362027912073,-0.5000000000000004,0.8660254037844384,-0.16950440018926827
1988-12,179.09677419354838,5.187926297701495,-0.25318777446632446,,,,,,-2.4492935982947064e-16,1.0,-0.11476722804158612
1989-01,120.80645161290323,4.7941896914661735,-0.18052258080327732,12.5,-1.4329150975802194,,,,0.49999999999999994,0.8660254037844387,-0.25318777446632446
1989-02,93.10714285714286,4.533750903758298,-0.20321223301273417,102.5,0.986680465744081,,,,0.8660254037844386,0.5000000000000001,-0.18052258080327732
1989-03,203.19354838709677,5.314158965136783,0.6224694114677494,94.2,0.5337574658358685,0.3581106914319586,,,1.0,6.123233995736766e-17,-0.20321223301273417
1989-04,185.06666666666666,5.220716120524485,0.1004493925022727,114.1,0.0040442750048351956,0.4735319773150555,,,0.8660254037844387,-0.49999999999999983,0.6224694114677494
1989-05,167.7741935483871,5.122618989287926,-0.6989010115336649,92.7,-2.111678701079022,-1.2223413612387186,,,0.49999999999999994,-0.8660254037844387,0.1004493925022727
1989-06,322.03333333333336,5.7746550598553545,0.10411535397267446,139.0,-1.4889688353296981,-2.5899705211002146,-1.9649348913544655,,1.2246467991473532e-16,-1.0,-0.6989010115336649
1989-07,373.64516129032256,5.9233065804472,0.3412205180797194,187.5,-0.37908914607177796,-2.3699060407481656,-1.7189369151712033,,-0.4999999999999998,-0.8660254037844388,0.10411535397267446
1989-08,508.741935483871,6.231940885002412,0.29159804486531105,165.3,-1.3146723883110858,-1.8260529105174057,-2.4220329239092724,,-0.8660254037844384,-0.5000000000000004,0.3412205180797194
1989-09,929.0666666666667,6.834180497990074,0.33566663349030446,312.5,0.7745869239023178,-0.5764627787007436,-2.08942209532863,,-1.0,-1.8369701987210297e-16,0.29159804486531105
1989-10,903.0967741935484,6.805829717324284,0.3100027387603612,200.3,-0.021721975442765884,-0.3623335444257712,-2.0066602861454625,,-0.8660254037844386,0.5000000000000001,0.33566663349030446
1989-11,333.1333333333333,5.8085428102419945,-0.3400298053970987,62.2,-1.0593293869095675,-0.07390691901819067,-1.4789110120253628,,-0.5000000000000004,0.8660254037844384,0.3100027387603612
1989-12,186.80645161290323,5.230073062740644,-0.2110410094271753,24.5,-0.8795466720289016,-1.0067730377330366,-1.1003041077381737,-2.081045327257398,-2.4492935982947064e-16,1.0,-0.3400298053970987
1990-01,133.70967741935485,4.895670863084249,-0.07904140918520142,23.0,-0.83023837360946,-1.8968674427050485,-1.1403875904910268,-2.0431820392039617,0.49999999999999994,0.8660254037844387,-0.2110410094271753
1990-02,91.25,4.513602992462601,-0.22336014430843143,45.1,-0.053520927750074415,-1.1228973021189386,-0.600450647482719,-2.2374233344012615,0.8660254037844386,0.5000000000000001,-0.07904140918520142
1990-03,76.29032258064517,4.334546096440887,-0.35714345722814667,42.1,-0.405638720109724,-0.885880864081878,-1.433454672883284,-2.2701024768243645,1.0,6.123233995736766e-17,-0.22336014430843143
1990-04,73.76666666666667,4.300906958388894,-0.8193597696333184,48.0,-1.0467558879526548,-1.2708191937753217,-2.150293814447141,-2.5863960044686216,0.8660254037844387,-0.49999999999999983,-0.35714345722814667
1990-05,73.58064516129032,4.298382017799241,-1.52313798302235,92.1,-2.1239656233232242,-2.5260990024586216,-2.858310245494209,-2.6330033446208354,0.49999999999999994,-0.8660254037844387,-0.8193597696333184
1990-06,119.23333333333333,4.781082357596862,-0.8894573482858181,299.8,0.4850891952038457,-1.6492679470040408,-2.0043318194410245,-2.0789924141663403,1.2246467991473532e-16,-1.0,-1.52313798302235
1990-07,111.48387096774194,4.7138799254388,-0.8682061369286806,146.1,-0.9512806879759338,-1.3816088491803524,-2.112846253693155,-2.309828450516345,-0.4999999999999998,-0.8660254037844388,-0.8894573482858181
1990-08,182.58064516129033,5.207191966712083,-0.7331508734250178,171.4,-1.2191441014308118,-0.8846430425781012,-2.378358641092518,-2.3149410919272233,-0.8660254037844384,-0.5000000000000004,-0.8682061369286806
1990-09,821.7,6.711375364937142,0.21286150043737262,316.3,0.8128588185825725,-0.8089842129500726,-1.7234493679855325,-2.4185492263655566,-1.0,-1.8369701987210297e-16,-0.7331508734250178
1990-10,1093.6451612903227,6.9972715805431145,0.501444601979192,323.4,1.2648372638808023,0.5288318443086868,-0.648127107013763,-1.8058481542545763,-0.8660254037844386,0.5000000000000001,0.21286150043737262
1990-11,379.6666666666667,5.939293674779073,-0.2092789408600204,163.7,0.5373019189557146,1.3915647423186945,0.2969048507870248,-1.2997567719481142,-0.5000000000000004,0.8660254037844384,0.501444601979192
1990-12,206.80645161290323,5.3317833395021115,-0.10933073266570759,49.5,-0.06090725667578627,1.0231379649116532,0.07072599384546636,-1.1426975558693457,-2.4492935982947064e-16,1.0,-0.2092789408600204
1991-01,118.93548387096774,4.778581193748998,-0.19613107852045264,8.399999999999999,-1.779039340068411,-0.2014480422077752,0.30915739655920205,-1.2106304867903486,0.49999999999999994,0.8660254037844387,-0.10933073266570759
1991-02,114.10714285714286,4.737137856636432,0.0001747198653996307,41.6,-0.14034826264346997,-0.9933157387753264,0.8241574285747761,-1.185976294656347,0.8660254037844386,0.5000000000000001,-0.19613107852045264
1991-03,85.09677419354838,4.443789128792114,-0.24790042487691988,17.7,-1.1953363271761874,-1.6815069760737718,0.12913485344887068,-1.1621435383447536,1.0,6.123233995736766e-17,0.0001747198653996307
1991-04,99.2,4.597138014290827,-0.5231287137313849,155.79999999999998,0.4572225050562732,-0.3549614474038469,-0.4661083112076771,-0.7661965220102197,0.8660254037844387,-0.49999999999999983,-0.24790042487691988
1991-05,524.8709677419355,6.263152456654173,0.4416324558325817,296.3,0.5179484128061098,0.1147845601922257,-0.39980989862858435,-0.050842216380682766,0.49999999999999994,-0.8660254037844387,-0.5231287137313849
1991-06,227.96666666666667,5.429199419435941,-0.24134028644673933,231.2,-0.23741438281113367,0.26775542802803826,-0.5533132759982962,-0.33552378017313045,1.2246467991473532e-16,-1.0,0.4416324558325817
1991-07,307.38709677419354,5.728107854863042,0.1460217924955618,208.6,-0.12029109044355611,-0.024193750413055756,-0.35882531912902954,-0.09818170155359728,-0.4999999999999998,-0.8660254037844388,-0.24134028644673933
1991-08,521.8709677419355,6.257420369092752,0.3170775289556511,264.1,0.008583759974478583,-0.30891066405124945,-0.25720803372860146,0.24590437076383037,-0.8660254037844384,-0.5000000000000004,0.1460217924955618
1991-09,394.1,5.976604684200958,-0.5219091802988114,261.20000000000005,0.22499142121043747,-0.09459631021780751,0.06262138480164059,0.04898214697484247,-1.0,-1.8369701987210297e-16,0.3170775289556511
1991-10,408.4193548387097,6.012294477035107,-0.4835325015288152,240.7,0.4469466927496618,0.23835020307068272,0.09530687936607454,-0.29401618008948416,-0.8660254037844386,0.5000000000000001,-0.5219091802988114
1991-11,198.56666666666666,5.291124895966532,-0.8574477196725612,60.5,-1.0984460680186698,-0.1652714171100914,-0.43635489800512456,-0.6974745155021572,-0.5000000000000004,0.8660254037844384,-0.4835325015288152
1991-12,102.70967741935483,4.631906342479128,-0.8092077296886915,25.799999999999997,-0.8249289135399098,-0.6171351321863695,-0.496940460830621,-0.7645154445997722,-2.4492935982947064e-16,1.0,-0.8574477196725612
1992-01,155.06451612903226,5.043841263408814,0.06912899113936355,40.7,-0.16470652056363458,-1.5728880224080202,-0.4851562133988426,-0.6373849140100603,0.49999999999999994,0.8660254037844387,-0.8092077296886915
1992-02,62.310344827586206,4.132127460605754,-0.604835676165278,13.6,-1.1114697940652696,-1.3761594731659073,-0.771329931340662,-0.7264254424161773,0.8660254037844386,0.5000000000000001,0.06912899113936355
1992-03,72.2258064516129,4.279797412113608,-0.4118921415554251,98.9,0.5989272429750394,-0.27840920408257486,-0.7528962125118313,-0.34695237530574197,1.0,6.123233995736766e-17,-0.604835676165278
1992-04,160.03333333333333,5.075382126868785,-0.044884601153427184,96.4,-0.22268253735847715,-0.4166272917741961,-1.2674847563982863,-0.5730828838817548,0.8660254037844387,-0.49999999999999983,-0.4118921415554251
1992-05,452.48387096774195,6.1147521182345255,0.2932321174129342,388.2,1.2853528042914943,0.8401931397569753,0.1935247296595581,-0.26374944602011996,0.49999999999999994,-0.8660254037844387,-0.044884601153427184
1992-06,281.06666666666666,5.638591889118988,-0.03194781676369196,210.9,-0.47852719553478285,0.35072632790833724,0.057852139107736844,-0.38091246568612214,1.2246467991473532e-16,-1.0,0.2932321174129342
1992-07,198.41935483870967,5.290382744723222,-0.2917033176442585,67.7,-2.470295112222148,-0.4672977588589592,-0.7963353623331435,-0.9540438473488626,-0.4999999999999998,-0.8660254037844388,-0.03194781676369196
1992-08,259.4516129032258,5.558570222418923,-0.3817726177181777,177.1,-1.131987479680054,-2.1272072973012857,-0.9581350726738141,-1.3430136705339262,-0.8660254037844384,-0.5000000000000004,-0.2917033176442585
1992-09,686.9333333333333,6.532237247241925,0.03372338274215547,,,,,,-1.0,-1.8369701987210297e-16,-0.3817726177181777
1992-10,1467.3225806451612,7.291194645344079,0.7953676667801561,,,,,,-0.8660254037844386,0.5000000000000001,0.03372338274215547
1992-11,441.96666666666664,6.091234464452564,-0.05733815118652963,,,,,,-0.5000000000000004,0.8660254037844384,0.7953676667801561
1992-12,219.06451612903226,5.3893662806286455,-0.05174779153917353,159.0,1.7941314207234815,,,,-2.4492935982947064e-16,1.0,-0.05733815118652963
1993-01,188.96774193548387,5.2415763229025325,0.2668640506330817,39.1,-0.21531664128367597,,,,0.49999999999999994,0.8660254037844387,-0.05174779153917353
1993-02,150.85714285714286,5.016333315210893,0.2793701784398612,48.7,0.031350679340033695,0.9259654166700264,,,0.8660254037844386,0.5000000000000001,0.2668640506330817
1993-03,116.2258064516129,4.755534906262947,0.06384535259391377,144.5,1.1466486187737661,0.5874339593286764,,,1.0,6.123233995736766e-17,0.2793701784398612
1993-04,269.73333333333335,5.597433816625481,0.4771670886032684,215.2,0.9808968146176744,1.158718162308093,,,0.8660254037844387,-0.49999999999999983,0.06384535259391377
1993-05,860.0322580645161,6.756969897921438,0.935449897099847,149.5,-1.142158071924169,0.37812540781764487,0.7226622507351268,,0.49999999999999994,-0.8660254037844387,0.4771670886032684
1993-06,374.06666666666666,5.924434034648762,0.25389432876608176,198.8,-0.6298304081090642,-0.6050979646165185,-0.2668318673984031,,1.2246467991473532e-16,-1.0,0.935449897099847
1993-07,202.16129032258064,5.309065845739529,-0.27302021662795095,106.8,-1.6107105949480236,-2.0527499572365313,-0.8693943284516907,,-0.4999999999999998,-0.8660254037844388,0.25389432876608176
1993-08,255.06451612903226,5.541516517585781,-0.39882632255131956,144.8,-1.654938486798796,-2.1728023986263825,-1.4023061596028472,,-0.8660254037844384,-0.5000000000000004,-0.27302021662795095
1993-09,563.7333333333333,6.334581326447863,-0.1639325380519061,,,,,,-1.0,-1.8369701987210297e-16,-0.39882632255131956
1993-10,517.1290322580645,6.2482924222045275,-0.24753455635939492,70.6,-2.2254116402953796,,,,-0.8660254037844386,0.5000000000000001,-0.1639325380519061
1993-11,197.2,5.284218442168535,-0.8643541734705584,51.6,-1.3172046479188748,,,,-0.5000000000000004,0.8660254037844384,-0.24753455635939492
1993-12,201.61290322580646,5.306349538245301,-0.1347645339225183,5.6,-2.1733175959014197,-3.109721452760089,,,-2.4492935982947064e-16,1.0,-0.8643541734705584
1994-01,117.54838709677419,4.766850053894703,-0.20786221837474805,43.4,-0.08230916466851815,-2.0821337172890635,,,0.49999999999999994,0.8660254037844387,-0.1347645339225183
1994-02,75.42857142857143,4.323186134650948,-0.41377700212008417,70.1,0.4669390891041626,-0.6565242077998323,,,0.8660254037844386,0.5000000000000001,-0.20786221837474805
1994-03,94.61290322580645,4.549793864492305,-0.1418956891767289,109.1,0.7337073245144359,0.4930551401154606,-1.861492766592499,,1.0,6.123233995736766e-17,-0.41377700212008417
1994-04,102.73333333333333,4.632136634217906,-0.4881300938043065,36.1,-1.3397456320902068,-0.3529924854327111,-1.4456476062808625,,0.8660254037844387,-0.49999999999999983,-0.1418956891767289
1994-05,171.80645161290323,5.146368561888731,-0.6751514389328603,211.89999999999998,-0.34137186941376274,-0.7314224522876848,-1.0547296711202945,,0.49999999999999994,-0.8660254037844387,-0.4881300938043065
1994-06,153.46666666666667,5.033483388179618,-0.6370563177030624,305.6,0.5409087786257725,-0.6826199089507434,-0.3907979661174465,,1.2246467991473532e-16,-1.0,-0.6751514389328603
1994-07,119.87096774193549,4.786415895448583,-0.7956701669188977,159.6,-0.753684758565351,-0.39954254311745807,-0.6974349445466682,,-0.4999999999999998,-0.8660254037844388,-0.6370563177030624
1994-08,254.61290322580646,5.539744365223256,-0.4005984749138447,134.9,-1.8314898692810684,-1.0054096806221968,-1.416080778498824,,-0.8660254037844384,-0.5000000000000004,-0.7956701669188977
1994-09,387.3666666666667,5.959371703560718,-0.5391421609390514,279.6,0.4296970243176605,-1.2721134046257612,-1.4192797229491154,-2.382531551755279,-1.0,-1.8369701987210297e-16,-0.4005984749138447
1994-10,505.9032258064516,6.226345397649278,-0.26948158091464425,100.2,-1.5601407658267732,-1.6362785486617837,-1.4741930416742202,-2.21842740983674,-0.8660254037844386,0.5000000000000001,-0.5391421609390514
1994-11,290.1333333333333,5.670340587433569,-0.47823202820552435,106.3,-0.23582841187514947,-0.7502199452695993,-1.372009282781016,-1.9039908763244444,-0.5000000000000004,0.8660254037844384,-0.26948158091464425
1994-12,321.2903225806452,5.772345146093498,0.33123107392567874,105.9,1.058936569766448,-0.7553709791572577,-1.4889014244309637,-1.3889087983463684,-2.4492935982947064e-16,1.0,-0.47823202820552435
1995-01,127.45161290322581,4.847736785926244,-0.12697548634320643,70.60000000000001,0.6012962725663472,0.48092132234417806,-1.0775781103579494,-1.278949052026053,0.49999999999999994,0.8660254037844387,0.33123107392567874
1995-02,146.21428571428572,4.985073256046031,0.24811011927499926,75.4,0.5611312383110549,0.9762710355931233,-0.1431778461627508,-1.2157407687972688,0.8660254037844386,0.5000000000000001,-0.12697548634320643
1995-03,255.25806451612902,5.542275051124047,0.8505854974550138,77.10000000000001,0.27672423234887156,0.49798540974612365,-0.3429246790432757,-1.219664738314459,1.0,6.123233995736766e-17,0.24811011927499926
1995-04,100.4,4.609162207257629,-0.511104520764583,20.2,-1.8757502118575275,-0.80426916011704,-0.3310237516935267,-1.2977421311799064,0.8660254037844387,-0.49999999999999983,0.8505854974550138
1995-05,559.7741935483871,6.327533476605358,0.5060134757837664,271.9,0.2884362986425414,-0.6325843292533418,-0.06638836041214971,-1.0934771127115503,0.49999999999999994,-0.8660254037844387,-0.511104520764583
1995-06,433.3666666666667,6.071584174900013,0.40104446901733315,361.2,1.0437831992088333,0.05945163526190751,0.2224990566599453,-0.9615997627940958,1.2246467991473532e-16,-1.0,0.5060134757837664
1995-07,214.80645161290323,5.369737397625476,-0.2123486647420041,90.0,-1.9462300425248258,-0.1051170907061074,-0.6774528801839091,-1.2704573271725819,-0.4999999999999998,-0.8660254037844388,0.40104446901733315
1995-08,201.19354838709677,5.304267372040976,-0.6360754680961245,210.1,-0.662057226578535,-0.5857548152482799,-1.0055332512211093,-0.9738226317859531,-0.8660254037844384,-0.5000000000000004,-0.2123486647420041
1995-09,493.93333333333334,6.202400555314447,-0.29611330918532275,266.9,0.2894004358046501,-1.3293409213050327,-0.9199294854898051,-1.0760758858216266,-1.0,-1.8369701987210297e-16,-0.6360754680961245
1995-10,763.9032258064516,6.638441113350876,0.14261413478695317,265.9,0.7133662944912121,0.08514924776003294,-0.07536692574532343,-0.3653507968424035,-0.8660254037844386,0.5000000000000001,-0.29611330918532275
1995-11,303.96666666666664,5.71691804627151,-0.4316545693675833,18.0,-2.5571669521037386,-0.25060536410454193,-0.7079261224422185,-0.7075265858227655,-0.5000000000000004,0.8660254037844384,0.14261413478695317
1995-12,201.25806451612902,5.30458798762564,-0.1365260845421794,62.6,0.2545950639470206,-0.4388980727633899,-1.3271489892413606,-0.8543475475883298,-2.4492935982947064e-16,1.0,-0.4316545693675833
1996-01,124.58064516129032,4.824953258503314,-0.1497590137661371,54.9,0.23414981531930787,-1.4250600117677608,-0.5728615907833378,-0.9237671172062829,0.49999999999999994,0.8660254037844387,-0.1365260845421794
1996-02,344.58620689655174,5.842344296875315,1.1053811601042831,161.9,1.7185613723339457,1.2367792479533972,0.4135062886272455,-0.5520003031049215,0.8660254037844386,0.5000000000000001,-0.1497590137661371
1996-03,117.51612903225806,4.7665755925234174,0.07488603885438394,24.7,-0.9131587275038712,0.6745880700702778,0.020683504917866836,-0.6699329662849014,1.0,6.123233995736766e-17,1.1053811601042831
1996-04,184.4,5.2171073111224935,0.09684058310028121,169.0,0.5835717634649746,0.8032317404364366,-0.08517675693889631,-0.14585938058550443,0.8660254037844387,-0.49999999999999983,0.07488603885438394
1996-05,586.5483870967741,6.374255166134248,0.5527351653126571,215.6,-0.29928572315113,-0.3199649918522272,0.34185350743603304,-0.36843372583372264,0.49999999999999994,-0.8660254037844387,0.09684058310028121
1996-06,484.6666666666667,6.183461369425355,0.5129216635426745,169.0,-1.0314767374242781,-0.6826199089507443,-0.2712237447874228,-1.1847841608580465,1.2246467991473532e-16,-1.0,0.5527351653126571
1996-07,212.25806451612902,5.357802819834217,-0.22428324253326348,100.3,-1.7357113206875154,-1.8024541536189498,-1.0090509462180706,-1.1619797581222842,-0.4999999999999998,-0.8660254037844388,0.5129216635426745
1996-08,522.0967741935484,6.257852961875199,0.3175101217380982,258.8,-0.05289568872555845,-1.5382793618693273,-1.5306294710690118,-0.9775871664087027,-0.8660254037844384,-0.5000000000000004,-0.22428324253326348
1996-09,1313.2,7.1802221856274375,0.681708321127668,230.8,-0.1353740689395458,-1.1464727595860378,-1.3321604264283304,-1.184545405039985,-1.0,-1.8369701987210297e-16,0.3175101217380982
1996-10,608.9032258064516,6.411659348361132,-0.08416763020279028,205.0,0.03586858873360035,-0.24576457342530733,-1.5418313417408553,-1.4521874085338828,-0.8660254037844386,0.5000000000000001,0.681708321127668
1996-11,516.0,6.246106765481563,0.09753414984246955,153.1,0.41000666859434426,0.025343863968534337,-1.2049225054577066,-0.823343209766812,-0.5000000000000004,0.8660254037844384,-0.08416763020279028
1996-12,221.6451612903226,5.401077730545929,-0.040036341621889626,9.399999999999999,-1.769071367669568,-0.25438259409458847,-1.0709562570392652,-1.0087844065710934,-2.4492935982947064e-16,1.0,0.09753414984246955
1997-01,285.8709677419355,5.655540547274288,0.6808282750048376,163.1,2.091602681303416,0.901707682359355,0.24111938669797986,-0.5709485816732509,0.49999999999999994,0.8660254037844387,-0.040036341621889626
1997-02,181.78571428571428,5.202828599369364,0.46586546259833206,52.0,0.10565417046611408,0.697688967960997,0.3152523821561733,-0.9880684674874469,0.8660254037844386,0.5000000000000001,0.6808282750048376
1997-03,127.3225806451613,4.8467238711777005,0.15503431750866703,15.5,-1.3013508850920732,0.5710829695996844,0.08811602165866818,-0.9187897706730125,1.0,6.123233995736766e-17,0.46586546259833206
1997-04,77.96666666666667,4.356281384922024,-0.7639853431001882,5.8,-2.8239897365662725,-2.3038431045585974,-0.750131569358325,-1.573507852210522,0.8660254037844387,-0.49999999999999983,0.15503431750866703
1997-05,120.74193548387096,4.7936555034192825,-1.0278644974023088,267.4,0.24463380827965925,-1.3382807546739892,-0.7848528867133185,-1.3978428671048668,0.49999999999999994,-0.8660254037844387,-0.7639853431001882
1997-06,116.46666666666667,4.7576051090318465,-0.9129345968508336,99.8,-2.2069263668256944,-2.301400431503839,-1.5865826072795717,-1.816789534249356,1.2246467991473532e-16,-1.0,-1.0278644974023088
1997-07,135.19354838709677,4.906707443439926,-0.6753786189275548,277.3,0.6170212070128505,-0.6164450288732882,-1.8017177259017405,-1.081754474736393,-0.4999999999999998,-0.8660254037844388,-0.9129345968508336
1997-08,347.7741935483871,5.851553400053971,-0.08878944008312928,211.9,-0.6379252107196614,-1.0846015827374103,-1.886341144450887,-1.3024190105560427,-0.8660254037844384,-0.5000000000000004,-0.6753786189275548
1997-09,305.0,5.720311776607412,-0.7782020878923577,78.39999999999999,-2.755686369578494,-1.3244859293334919,-2.5206885428025156,-2.084033650012163,-1.0,-1.8369701987210297e-16,-0.08878944008312928
1997-10,478.258064516129,6.170150470731519,-0.3256765078324033,90.69999999999999,-1.7561234826702727,-2.906452902140288,-2.432584318311333,-2.632262756205506,-0.8660254037844386,0.5000000000000001,-0.7782020878923577
1997-11,182.33333333333334,5.205836513753871,-0.942736101885222,92.8,-0.4574653987655962,-2.9549615711091803,-2.7698296158974616,-2.8730900153510937,-0.5000000000000004,0.8660254037844384,-0.3256765078324033
1997-12,103.3225806451613,4.637855945124012,-0.8032581270438071,21.4,-1.0188295182517602,-1.9432436767138046,-2.211680896584452,-2.7044236421473125,-2.4492935982947064e-16,1.0,-0.942736101885222
1998-01,82.38709677419355,4.4114288321073385,-0.5632834401621123,117.1,1.4459369587293767,-0.0855357089149568,-2.3813019927231687,-2.947512057353727,0.49999999999999994,0.8660254037844387,-0.8032581270438071
1998-02,80.75,4.391357962102766,-0.34560517466826646,42.4,-0.12009712996327188,0.20420018137679144,-2.327593920283633,-2.9007529430723014,0.8660254037844386,0.5000000000000001,-0.5632834401621123
1998-03,84.41935483870968,4.435796698044999,-0.2558928556240341,54.1,-0.1383876027571471,0.403034288573599,-1.2501504641891454,-2.487570846471967,1.0,6.123233995736766e-17,-0.34560517466826646
1998-04,86.6,4.461299815568389,-0.6589669124538231,23.6,-1.739319852450928,-1.484688511923145,-1.1343934080113642,-2.430307169943812,0.8660254037844387,-0.49999999999999983,-0.2558928556240341
1998-05,474.4193548387097,6.162091645415168,0.3405716445935765,248.6,0.0561347504424907,-0.9937841335120021,-0.8276952386770392,-2.557716352181346,0.49999999999999994,-0.8660254037844387,-0.6589669124538231
1998-06,243.03333333333333,5.493198608144275,-0.17734109773840512,270.6,0.19264462643081284,-0.7682660237051965,-0.5181831315288206,-1.9595707631245252,1.2246467991473532e-16,-1.0,0.3405716445935765
1998-07,293.48387096774195,5.681822683644803,0.09973662127732297,267.1,0.5158618209048627,0.2796378331685255,-0.615482203633048,-2.0417087120532647,-0.4999999999999998,-0.8660254037844388,-0.17734109773840512
1998-08,549.9677419354839,6.309859625480085,0.3695167853429844,239.1,-0.289114087306391,0.13984847905097234,-0.6179617081429708,-1.9474533364890654,-0.8660254037844384,-0.5000000000000004,0.09973662127732297
1998-09,3504.733333333333,8.161869714786402,1.6633558502866324,367.3,1.2997749581579674,0.8001836087015807,0.0583451448406291,-0.7302798022933111,-1.0,-1.8369701987210297e-16,0.3695167853429844
1998-10,1513.8387096774193,7.322403895744734,0.8265769171808115,261.5,0.6680813550996771,0.8798512200877441,0.7858784749086103,-0.022500651477632142,-0.8660254037844386,0.5000000000000001,1.6633558502866324
1998-11,736.2333333333333,6.601547097471314,0.45297448183222055,193.1,0.8642615374614356,1.4975736032440845,1.0792254821947933,0.38253357608929767,-0.5000000000000004,0.8660254037844384,0.8265769171808115
1998-12,218.8709677419355,5.388482367783824,-0.05263170438399545,118.1,1.2453992040161532,1.2600564843094004,1.3589998614663927,0.7217186612205565,-2.4492935982947064e-16,1.0,0.45297448183222055
1999-01,156.93548387096774,5.055834790134959,0.08112251786550839,29.8,-0.5421353086531313,1.0442214855540668,1.2150436276214895,0.4076231495050394,0.49999999999999994,0.8660254037844387,-0.05263170438399545
1999-02,122.75,4.81014976667463,0.07318662990359748,6.8,-1.5111724154324953,-0.13167997230943967,1.218804321938113,0.26798168976368775,0.8660254037844386,0.5000000000000001,0.08112251786550839
1999-03,242.7741935483871,5.492131766668236,0.8004422129992026,127.4,0.9563913199941886,-0.1447265000494812,0.9454602470515105,0.5266505616542569,1.0,6.123233995736766e-17,0.07318662990359748
1999-04,351.3,5.861640559271781,0.741373831249569,163.1,0.5279290418383176,0.36809465201138064,0.8211532363800448,0.9709756202181562,0.8660254037844387,-0.49999999999999983,0.8004422129992026
1999-05,325.7096774193548,5.786006424519175,-0.03551357630241636,130.9,-1.4253430881122997,-0.22972284352626188,-0.3549077296469862,0.5781112175056765,0.49999999999999994,-0.8660254037844387,0.741373831249569
1999-06,938.7,6.844495939342946,1.1739562334602658,284.59999999999997,0.3353373894066209,-0.48860868425648024,-0.6083000189056151,0.6466388958934872,1.2246467991473532e-16,-1.0,-0.03551357630241636
1999-07,325.16129032258067,5.784321337140214,0.2022352747727334,201.7,-0.2028928383101796,-0.8038583501161964,-0.5684556098534853,0.4238998583814644,-0.4999999999999998,-0.8660254037844388,1.1739562334602658
1999-08,748.2258064516129,6.617704812700698,0.6773619725635971,232.8,-0.3674132505984411,-0.21286140050503294,-0.42498499274386303,0.39703192304684654,-0.8660254037844384,-0.5000000000000004,0.2022352747727334
1999-09,968.7666666666667,6.87602378482064,0.37750992032087005,188.6,-0.6930376952839714,-0.8897432511057962,-1.018118921425711,-0.2916465583768103,-1.0,-1.8369701987210297e-16,0.6773619725635971
1999-10,949.1935483870968,6.855612727643331,0.35978574907940875,250.6,0.55370302059236,-0.4059107081030525,-0.9546095862320018,-0.34056195966853087,-0.8660254037844386,0.5000000000000001,0.37750992032087005
1999-11,1296.7,7.167577854554839,1.0190052389157458,173.6,0.6513898213578604,0.19240551736164976,-0.11790031622605196,-0.398296848130672,-0.5000000000000004,0.8660254037844384,0.35978574907940875
1999-12,384.51612903225805,5.951985736134194,0.5108716639663751,35.9,-0.45621017549228143,0.484234405560768,-0.3782558455666154,-0.7081355925726199,-2.4492935982947064e-16,1.0,1.0190052389157458
2000-01,184.96774193548387,5.220181441958169,0.24546916968871813,22.3,-0.8632180548749263,-0.0796500859791832,-0.4208967790337579,-0.7424799535647735,0.49999999999999994,0.8660254037844387,0.5108716639663751
2000-02,153.17241379310346,5.031564174467899,0.2946010376968671,82.8,0.6858349463110043,-0.3227961120611594,-0.04461191788461039,-0.422146465573654,0.8660254037844386,0.5000000000000001,0.24546916968871813
2000-03,97.38709677419355,4.578693725221693,-0.11299582844734068,37.1,-0.5329798018255468,-0.42132530126966317,0.11593374041692492,-0.6857880190634141,1.0,6.123233995736766e-17,0.2946010376968671
2000-04,144.06666666666666,4.970276155404676,-0.14999057261753634,79.5,-0.4677102059830532,-0.5135844218641601,-0.5063692597132107,-1.013586327684511,0.8660254037844387,-0.49999999999999983,-0.11299582844734068
2000-05,983.483870967742,6.89110123806855,1.0695812372469584,103.5,-1.899746448123401,-2.05765009821912,-1.9996005769630476,-1.149215377605963,0.49999999999999994,-0.8660254037844387,-0.14999057261753634
2000-06,309.6666666666667,5.735496450145729,0.06495674426304898,215.2,-0.4261825849267255,-2.046893842018773,-2.083043022001408,-1.54399400726883,1.2246467991473532e-16,-1.0,1.0695812372469584
2000-07,260.35483870967744,5.562045464839226,-0.020040597528254267,163.9,-0.6931747856612024,-1.8213865117220291,-2.050356704631257,-1.738515658320189,-0.4999999999999998,-0.8660254037844388,0.06495674426304898
2000-08,459.9032258064516,6.131016088668814,0.19067324853171375,260.8,-0.02959776783985644,-0.7293845661644903,-1.994979266279892,-1.6409126707260602,-0.8660254037844384,-0.5000000000000004,-0.020040597528254267
2000-09,722.3333333333334,6.582486712868249,0.08397284836847962,242.2,0.0032842691686370802,-0.5648522985104635,-1.7728473201086725,-1.4756973300897591,-1.0,-1.8369701987210297e-16,0.19067324853171375
2000-10,695.8387096774194,6.545117894509571,0.04929091594564827,245.6,0.5001400846986596,0.12324359241427942,-1.2606700923274627,-1.4895140149312076,-0.8660254037844386,0.5000000000000001,0.08397284836847962
2000-11,391.03333333333336,5.968792807843565,-0.17977980779552816,69.60000000000001,-0.8974019533688926,-0.20190716237749995,-0.7834981883000575,-1.9226820913563727,-0.5000000000000004,0.8660254037844384,0.04929091594564827
2000-12,160.19354838709677,5.076382761582965,-0.36473131058485375,28.299999999999997,-0.7252220081340568,-0.4658689177591211,-0.7720531835775966,-1.8825861114436384,-2.4492935982947064e-16,1.0,-0.17977980779552816
2001-01,111.48387096774194,4.7138799254388,-0.26083234683065104,58.699999999999996,0.3288163111278523,-1.0842619407749592,-0.4126046926809336,-1.7282516748126773,0.49999999999999994,0.8660254037844387,-0.36473131058485375
2001-02,79.57142857142857,4.376655090871971,-0.3603080458990613,27.099999999999998,-0.561546807734385,-0.7385486736850897,-0.5742912567438869,-1.9169198563107925,0.8660254037844386,0.5000000000000001,-0.26083234683065104
2001-03,65.64516129032258,4.184263893391549,-0.5074256602774847,38.8,-0.4883898759362604,-0.6666504514703896,-0.8468221066961381,-1.74050301555311,1.0,6.123233995736766e-17,-0.3603080458990613
2001-04,164.2,5.101085197018328,-0.01918153100388409,166.4,0.5592107199174083,-0.18997724186271195,-0.828314657539125,-1.405654237835599,0.8660254037844387,-0.49999999999999983,-0.5074256602774847
2001-05,399.93548387096774,5.991303243776718,0.16978324295512692,345.90000000000003,0.9487450412289314,0.64376409520083,0.20309013126706824,-0.5078640440156241,0.49999999999999994,-0.8660254037844387,-0.01918153100388409
2001-06,250.13333333333333,5.521994109023905,-0.14854559685877522,238.9,-0.1497040051327292,0.7177602657689972,0.2189696755021043,-0.47147940001755684,1.2246467991473532e-16,-1.0,0.16978324295512692
2001-07,291.16129032258067,5.6738773759018,0.09179131353432002,213.20000000000002,-0.06623962010104588,0.34858537741078394,0.07521827141046038,-0.285031200707268,-0.4999999999999998,-0.8660254037844388,-0.14854559685877522
2001-08,332.93548387096774,5.807948729080787,-0.13239411105631316,257.0,-0.07396714878801267,-0.27589649236975766,0.16550593314954173,-0.3114573503027566,-0.8660254037844384,-0.5000000000000004,0.09179131353432002
2001-09,532.1666666666666,6.276956723486727,-0.2215571410130428,298.6,0.631935713694999,0.13903369716236755,0.5396291409210546,-0.08678036440803615,-1.0,-1.8369701987210297e-16,-0.13239411105631316
2001-10,553.4193548387096,6.316116041151624,-0.17971093741229804,388.2,1.8151324639849553,1.326071115419092,1.164681834657824,0.4701882356903742,-0.8660254037844386,0.5000000000000001,-0.2215571410130428
2001-11,605.1666666666666,6.405503902186281,0.25693128654718755,110.7,-0.1677718386881373,1.3574231570115936,0.6820697228598832,0.6316608804067307,-0.5000000000000004,0.8660254037844384,-0.17971093741229804
2001-12,461.4516129032258,6.134377200999064,0.6932631288312452,161.8,1.8283100396934384,1.7996809766033737,1.285847381145066,1.0828272713030571,-2.4492935982947064e-16,1.0,0.25693128654718755
2002-01,184.5483870967742,5.217911689783382,0.2431994175139316,26.4,-0.6795650165973559,0.6438141015681582,1.3786967409622104,0.9749596782281738,0.49999999999999994,0.8660254037844387,0.6932631288312452
2002-02,138.25,4.929063640402444,0.19210050363141207,14.7,-1.05700085459111,0.46197169749406264,1.3420658744826617,0.902949039787278,0.8660254037844386,0.5000000000000001,0.2431994175139316
2002-03,144.41935483870967,4.972721253755819,0.28103170008678546,47.4,-0.2818087151909285,-1.2578327239887424,1.0173681264588763,0.9010722739050065,1.0,6.123233995736766e-17,0.19210050363141207
2002-04,1044.8,6.951580758522167,1.8313140304999544,265.2,1.353266357861623,0.5983787253598808,0.75222377819099,1.2072242957046337,0.8660254037844387,-0.49999999999999983,0.28103170008678546
2002-05,637.7096774193549,6.457883128710791,0.6363631278891999,89.7,-2.173702085579082,-0.3729949539799729,-0.16667935246457763,0.3678326623071261,0.49999999999999994,-0.8660254037844387,1.8313140304999544
2002-06,197.6,5.286244785313768,-0.38429492056891235,106.3,-2.0753716583291233,-1.4561459874098535,-2.0075585857114024,-0.11584983486701264,1.2246467991473532e-16,-1.0,0.6363631278891999
2002-07,186.80645161290323,5.230073062740644,-0.35201299962683663,259.2,0.43575063109052603,-2.051891286604554,-1.3731417030780524,0.05886550412492527,-0.4999999999999998,-0.8660254037844388,-0.38429492056891235
2002-08,296.8709677419355,5.69329759235371,-0.2470452477833902,512.2,2.27213482457372,0.7168886349231293,0.25952615932841305,0.9876559474870001,-0.8660254037844384,-0.5000000000000004,-0.35201299962683663
2002-09,398.53333333333336,5.987791141741673,-0.5107227227580964,212.39999999999998,-0.36923283305090127,1.4423940301551896,0.1938280693120238,0.7281383363387558,-1.0,-1.8369701987210297e-16,-0.2470452477833902
2002-10,348.83870967741933,5.854609665456804,-0.6412173131071182,264.0,0.6938721067291433,1.5785189355602367,-0.18172150332854858,0.23360564027033628,-0.8660254037844386,0.5000000000000001,-0.5107227227580964
2002-11,477.06666666666666,6.1676562435264,0.019083627887306776,204.5,0.9823099393788651,0.6458692599358623,0.9082116126606289,0.6016875775789564,-0.5000000000000004,0.8660254037844384,-0.6412173131071182
2002-12,229.16129032258064,5.43442608018686,-0.0066879919809590405,29.5,-0.6795903972431,0.7580146324940125,1.5131157091504306,0.09447767411337457,-2.4492935982947064e-16,1.0,0.019083627887306776
2003-01,149.0,5.003946305945459,0.02923403367600841,90.8,1.0020683874485814,0.8941855301195103,1.7118355218969379,0.33591489519518286,0.49999999999999994,0.8660254037844387,-0.0066879919809590405
2003-02,105.29642857142858,4.656779501864162,-0.08018363490687008,55.599999999999994,0.18331632463591094,0.14274303460522486,0.5664158640788545,0.4722292995881284,0.8660254037844386,0.5000000000000001,0.02923403367600841
2003-03,68.81612903225808,4.231438151072436,-0.46025140259659736,72.39999999999999,0.19950858809392727,0.4553445993113041,0.8293145448223816,0.555467633807504,1.0,6.123233995736766e-17,-0.08018363490687008
2003-04,208.48333333333332,5.339859101992641,0.2195923739704284,284.9,1.4877263400729235,1.187607425485254,1.3574976169380935,0.6141336482118999,0.8660254037844387,-0.49999999999999983,-0.46025140259659736
2003-05,779.1064516129032,6.658147688155951,0.8366276873343601,247.2,0.041722048278563316,0.9637192607961311,0.855192218346493,1.107864193162023,0.49999999999999994,-0.8660254037844387,0.2195923739704284
2003-06,314.6,5.751301990624177,0.08076228474149705,264.1,0.1247223277478201,1.0013827452264892,0.9983019068207346,1.6839200257005495,1.2246467991473532e-16,-1.0,0.8366276873343601
2003-07,156.58064516129033,5.0535711818014,-0.52851488056608,129.4,-1.21408864029508,-0.6422060706687909,0.19880868446248157,1.283507481273529,-0.4999999999999998,-0.8660254037844388,0.08076228474149705
2003-08,326.9032258064516,5.789664181550709,-0.15067865858639173,263.5,0.001665498425599785,-0.6143601183763104,0.17170900530203514,0.4014803551077466,-0.8660254037844384,-0.5000000000000004,-0.52851488056608
2003-09,474.53333333333336,6.162331864967928,-0.33618199953184114,205.10000000000002,-0.46580832970020347,-1.082949150404064,-0.04723381665362312,0.4055599569760843,-1.0,-1.8369701987210297e-16,-0.15067865858639173
2003-10,944.0322580645161,6.850160337240175,0.3543333586762527,300.6,1.0544419652814818,0.25932937102474896,-0.3462583459625982,0.5352589582519287,-0.8660254037844386,0.5000000000000001,-0.33618199953184114
2003-11,1577.9333333333334,7.363871252942602,1.2152986373035084,225.5,1.1891370865662623,0.9619096837597424,0.14714908923443604,0.6196803539235867,-0.5000000000000004,0.8660254037844384,0.3543333586762527
2003-12,572.5806451612904,6.350153590418416,0.909039518250597,146.1,1.6316713832775793,1.8667098104847775,0.5580114162577836,1.013001341816084,-2.4492935982947064e-16,1.0,1.2152986373035084
2004-01,289.4516129032258,5.667988142812911,0.6932758705434603,81.5,0.8255838808406637,1.9740725123281875,1.2802779427256676,0.9851451216247084,0.49999999999999994,0.8660254037844387,0.909039518250597
2004-02,143.68965517241378,4.9676558014359795,0.23069266466494742,33.699999999999996,-0.3553860272083063,1.06729170465391,1.3013657359362059,0.8803859457784384,0.8660254037844386,0.5000000000000001,0.6932758705434603
2004-03,114.21290322580644,4.738064278806032,0.046374725136998585,69.6,0.15189560187569207,0.09686706170411283,1.607278016927426,0.8439154697603146,1.0,6.123233995736766e-17,0.23069266466494742
2004-04,203.39666666666665,5.3151580954106885,0.19489136738847623,162.7,0.5241091994097608,0.11079337062186034,1.2608796766779757,0.441162143155312,0.8660254037844387,-0.49999999999999983,0.046374725136998585
2004-05,471.4741935483871,6.155864367910486,0.33434436708889503,192.9,-0.5657380832711242,-0.20174272703804094,0.328997522650334,0.24204710605689173,0.49999999999999994,-0.8660254037844387,0.19489136738847623
2004-06,311.3666666666667,5.740971210210693,0.07043150432801326,242.0,-0.11492906002681604,-0.34490653994133236,-0.35135926719930693,0.1570239108582057,1.2246467991473532e-16,-1.0,0.33434436708889503
2004-07,396.2903225806452,5.982147080470133,0.4000610181026527,244.4,0.28121362400214045,-0.38516057570328743,-0.39215503105616234,0.584545699945167,-0.4999999999999998,-0.8660254037844388,0.07043150432801326
2004-08,366.0,5.902633333401366,-0.0377095067357347,224.3,-0.47535864076898526,-0.26577098553974243,-0.44848854173831876,0.43885517643952193,-0.8660254037844384,-0.5000000000000004,0.4000610181026527
2004-09,1207.3333333333333,7.096169349775249,0.5976554852754798,244.6,0.03191570886345412,-0.23600094866795007,-0.4555498785180572,0.6270595414444312,-1.0,-1.8369701987210297e-16,-0.0377095067357347
2004-10,967.483870967742,6.874698753930602,0.3788717753666795,85.3,-1.8741515248250047,-1.3055596764192383,-1.248349548138005,-0.23741816557576478,-0.8660254037844386,0.5000000000000001,0.5976554852754798
2004-11,783.6333333333333,6.663941223875867,0.5153686082367734,116.0,-0.08819035523667229,-1.083778921006493,-0.9946245734600377,-0.6661186012725142,-0.5000000000000004,0.8660254037844384,0.3788717753666795
2004-12,378.258064516129,5.935576673039014,0.494462600871195,45.5,-0.16844391019833563,-1.4380292479144978,-1.0554620459825366,-1.0504536655122862,-2.4492935982947064e-16,1.0,0.5153686082367734
2005-01,168.67741935483872,5.127988129702985,0.15327585743353378,46.1,-0.003337899084744314,-0.3749347875135978,-1.3113778398149938,-1.2055240921817445,0.49999999999999994,0.8660254037844387,0.494462600871195
2005-02,107.91071428571429,4.681304165626409,-0.055658971144622704,21.099999999999998,-0.7787499960150897,-0.7619598639376729,-1.3777385220890974,-1.218639094625359,0.8660254037844386,0.5000000000000001,0.15327585743353378
2005-03,72.26774193548388,4.280377859967738,-0.41131169370129594,7.0,-1.8734973258537277,-1.5400971845662554,-2.1511718791027463,-1.342466418236806,1.0,6.123233995736766e-17,-0.055658971144622704
2005-04,272.40666666666664,5.607296047788898,0.48702931976668573,187.3,0.7484800789724115,-0.3520084708064325,-0.5670457044885674,-1.2615160572829567,0.8660254037844387,-0.49999999999999983,-0.41131169370129594
2005-05,474.7741935483871,6.162839309001398,0.3413193081798065,268.6,0.256362035849217,0.06716936064847769,-0.35819716540325386,-0.9971708074796402,0.49999999999999994,-0.8660254037844387,0.48702931976668573
2005-06,357.8666666666667,5.880160477549308,0.20962077166662763,179.1,-0.8902508872887694,-0.0707623445182059,-0.8311877380295812,-1.3493241702086576,1.2246467991473532e-16,-1.0,0.3413193081798065
2005-07,480.741935483871,6.175330609463646,0.593244547096166,189.3,-0.35626499950906865,-0.6673885824959316,-0.9364751449333918,-1.6128185611126598,-0.4999999999999998,-0.8660254037844388,0.20962077166662763
2005-08,839.0,6.732210706467206,0.7918678663301053,386.7,1.247115565388163,0.009321602051559963,-0.03821444023038922,-0.9399997956388543,-0.8660254037844384,-0.5000000000000004,0.593244547096166
2005-09,773.4666666666667,6.650882574923799,0.15236871042402989,242.10000000000002,0.002087182794025127,0.4573246102599655,0.23174081230759835,-0.9950556162874328,-1.0,-1.8369701987210297e-16,0.7918678663301053
2005-10,1732.5806451612902,7.457367278414359,0.9615402998504363,479.6,2.4999709579569847,2.2189955668818655,1.179977725179226,0.6148814171343542,-0.8660254037844386,0.5000000000000001,0.15236871042402989
2005-11,516.1666666666666,6.246429710745148,0.09785709510605489,106.30000000000001,-0.23582841187514905,1.532187851412088,1.0130359349251805,0.5825412417612674,-0.5000000000000004,0.8660254037844384,0.9615402998504363
2005-12,166.80645161290323,5.116834167911075,-0.3242799042567439,10.399999999999999,-1.6847007655304622,1.4097431194765069,1.2192197070693307,0.4362870171264422,-2.4492935982947064e-16,1.0,0.09785709510605489
2006-01,126.80967741935484,4.842687359432792,-0.13202491283665907,44.4,-0.05268084278796614,-1.0157727523352653,1.5063993323868827,0.43191912959239975,0.49999999999999994,0.8660254037844387,-0.3242799042567439
2006-02,82.74285714285715,4.415737692016194,-0.3212254447548384,24.6,-0.6479737635772225,-1.3911498355489431,0.8488478959222394,0.43174353178850083,0.8660254037844386,0.5000000000000001,-0.13202491283665907
2006-03,135.4774193548387,4.908804979604872,0.21711542593583832,277.7,2.292781784159037,1.5458576890485132,2.0442529155194054,1.2957863257186464,1.0,6.123233995736766e-17,-0.3212254447548384
2006-04,372.97,5.92149798745481,0.8012312594325977,129.8,0.18594307563666818,1.3086452910316102,0.5596725860058116,1.1158262180124603,0.8660254037844387,-0.49999999999999983,0.21711542593583832
2006-05,378.35483870967744,5.935832482036359,0.11431248121476756,333.0,0.8408092521181568,1.7030470774353028,1.0640939075607652,1.3076969988801075,0.49999999999999994,-0.8660254037844387,0.8012312594325977
2006-06,201.56666666666666,5.3061201786110574,-0.36441952727162263,343.7,0.8913217942574313,1.0648115866444925,1.7052858647882019,1.910318535125942,1.2246467991473532e-16,-1.0,0.11431248121476756
2006-07,163.48387096774192,5.096714336955883,-0.48537172541159723,370.5,1.4453273560021207,1.6812590506019292,2.1945581471951563,2.5207407289694035,-0.4999999999999998,-0.8660254037844388,-0.36441952727162263
2006-08,305.7741935483871,5.722846899967895,-0.21749594016920515,,,,,,-0.8660254037844384,-0.5000000000000004,-0.48537172541159723
2006-09,676.7666666666667,6.517326555700086,0.018812691200316145,155.6,-1.19204106863785,,,,-1.0,-1.8369701987210297e-16,-0.21749594016920515
2006-10,259.93548387096774,5.560433461266146,-0.9353935172977765,276.3,0.818488857094625,,,,-0.8660254037844386,0.5000000000000001,0.018812691200316145
2006-11,365.6666666666667,5.901722171607121,-0.24685044403197232,59.9,-1.1124391948400967,-0.7044605822633794,,,-0.5000000000000004,0.8660254037844384,-0.9353935172977765
2006-12,174.06451612903226,5.1594260128425,-0.2816880593253188,95.7,0.892229901687709,0.270703383986067,,,-2.4492935982947064e-16,1.0,-0.24685044403197232
2007-01,110.29354838709678,4.703145433044653,-0.2715668392247981,15.7,-1.2188107138752922,-0.8652862155200192,,,0.49999999999999994,0.8660254037844387,-0.2816880593253188
2007-02,80.56785714285715,4.389099775219174,-0.34786336155185804,89.4,0.7912182674691347,0.43818972028178454,-0.4345099819896673,,0.8660254037844386,0.5000000000000001,-0.2715668392247981
2007-03,154.91290322580645,5.0428630443138145,0.351173490644781,170.4,1.409440173239064,0.9790832845675445,0.7737149476156016,,1.0,6.123233995736766e-17,-0.34786336155185804
2007-04,211.77,5.355500780075491,0.2352340520532783,196.2,0.8249108673713885,1.454590603301231,0.7585260051107193,,0.8660254037844387,-0.49999999999999983,0.351173490644781
2007-05,298.5258064516129,5.698856382869992,-0.12266361795159941,353.9,1.0143722475463115,1.6001616132816836,1.5718979955307288,,0.49999999999999994,-0.8660254037844387,0.2352340520532783
2007-06,358.53333333333336,5.8820216357266,0.2114819298439201,234.0,-0.2052952409658532,0.926177868291685,1.232985827990718,,1.2246467991473532e-16,-1.0,-0.12266361795159941
2007-07,396.83870967741933,5.983529925283167,0.4014438629156869,202.79999999999998,-0.18959821044646485,0.30564621881984416,1.1593897703137712,,-0.4999999999999998,-0.8660254037844388,0.2114819298439201
2007-08,474.4516129032258,6.162159637936016,0.2218167977989154,303.9,0.44588499312058605,-0.07868301270476911,1.0782602918825825,0.532329897436067,-0.8660254037844384,-0.5000000000000004,0.4014438629156869
2007-09,626.7333333333333,6.440521144476341,-0.05799272002342892,286.6,0.5052305420337372,0.2988530258229858,0.7967134155911354,1.0703256391172107,-1.0,-1.8369701987210297e-16,0.2218167977989154
2007-10,417.4193548387097,6.034091363569745,-0.46173561499417737,208.7,0.08058726715027335,0.4532478254355995,0.4993087826303905,0.7997218216361207,-0.8660254037844386,0.5000000000000001,-0.05799272002342892
2007-11,373.96666666666664,5.924166666882809,-0.22440594875628417,86.9,-0.5613350889854317,-0.022298753738496845,-0.1609601063438304,0.8996524157454958,-0.5000000000000004,0.8660254037844384,-0.46173561499417737
2007-12,716.0967741935484,6.573815317315621,1.1327012451478016,134.3,1.4750817502209501,0.25521244738999993,0.33182266840386954,1.004636879011336,-2.4492935982947064e-16,1.0,-0.22440594875628417
2008-01,168.32258064516128,5.125882261211528,0.151169988942077,31.0,-0.4962809338727508,0.1535687760844416,0.4099285516127351,1.0628341728239887,0.49999999999999994,0.8660254037844387,1.1327012451478016
2008-02,104.89999999999999,4.653007515402251,-0.08395562136878088,30.6,-0.44865960116345155,0.38205274491646707,0.10432182159986948,0.8299744491859388,0.8660254037844386,0.5000000000000001,0.151169988942077
2008-03,78.03870967741935,4.357204981500067,-0.3344845721689662,34.3,-0.6097072112857126,-1.124407232947826,-0.412697214640014,0.3620823727836454,1.0,6.123233995736766e-17,-0.08395562136878088
2008-04,185.48333333333332,5.2229650307513245,0.10269830272911218,189.5,0.7675881505911841,0.01031322531843562,0.018131842150743094,0.3326621584121563,0.8660254037844387,-0.49999999999999983,-0.3344845721689662
2008-05,264.2451612903226,5.576877313477011,-0.24464268734458017,214.39999999999998,-0.3128813315217272,-0.10727296967891631,0.014341701686429559,-0.16720570353318448,0.49999999999999994,-0.8660254037844387,0.10269830272911218
2008-06,188.85333333333335,5.240970699695484,-0.4295690061871964,96.8,-2.2697370441828086,-1.113618627321336,-1.6397537701347362,-0.7326485889383524,1.2246467991473532e-16,-1.0,-0.24464268734458017
2008-07,315.7967741935484,5.755098887056098,0.17301282468861778,222.5,0.040693516686992406,-1.4145965608861462,-1.337202823030406,-0.6651101836389061,-0.4999999999999998,-0.8660254037844388,-0.4295690061871964
2008-08,315.1290322580645,5.752982181167797,-0.18736065896930398,248.3,-0.17723265847410394,-1.2401976373469799,-1.1415947315351924,-0.9096064116061761,-0.8660254037844384,-0.5000000000000004,0.17301282468861778
2008-09,1672.9666666666667,7.422353776500626,0.9238399120008562,263.8,0.25448557242452213,-0.08983821738518943,-0.8414777818709377,-1.0525526606312414,-1.0,-1.8369701987210297e-16,-0.18736065896930398
2008-10,618.6774193548387,6.42758400494969,-0.06824297361423248,154.89999999999998,-0.6316979434222251,-0.44182839257048423,-1.4255466560158603,-1.2866312560929107,-0.8660254037844386,0.5000000000000001,0.9238399120008562
2008-11,614.1333333333333,6.420212059838366,0.27163944419927244,85.9,-0.5794199438390423,-0.6029963877947563,-1.4490229499104477,-1.2521585670137374,-0.5000000000000004,0.8660254037844384,-0.06824297361423248
2008-12,226.1290322580645,5.42110577554349,-0.020008296624329347,90.2,0.7975634188371976,-0.5799973316322649,-0.47178784885710445,-1.3910637423799967,-2.4492935982947064e-16,1.0,0.27163944419927244
2009-01,157.2258064516129,5.057683029700005,0.08297075743055426,108.19999999999999,1.3035183005460829,0.4963517556819238,-0.14423263384361748,-1.0689788776052969,0.49999999999999994,0.8660254037844387,-0.020008296624329347
2009-02,145.3857142857143,4.979390309142572,0.24242717237154032,93.2,0.8496755517955414,1.3470770960193512,0.21325323382370934,-0.78268878001154,0.8660254037844386,0.5000000000000001,0.08297075743055426
2009-03,147.541935483871,4.994112443737137,0.30242289006810363,84.5,0.39216623702730147,1.0673170876453097,0.21164011452314604,-0.5094955314753857,1.0,6.123233995736766e-17,0.24242717237154032
2009-04,149.8,5.00930107108312,-0.11096565693909266,84.3,-0.3947106357493145,0.07648230770024066,0.27345122986354947,-0.9122134713358446,0.8660254037844387,-0.49999999999999983,0.30242289006810363
2009-05,376.19354838709677,5.930103767296955,0.1085837664753635,341.8,0.9147282650824357,0.3872298716895313,0.9713187170761457,-0.4643380870878366,0.49999999999999994,-0.8660254037844387,-0.11096565693909266
2009-06,346.2,5.847016642742108,0.17647693685942833,293.4,0.4226620905185493,0.511172980818808,0.9469057980320927,0.22440577952470228,1.2246467991473532e-16,-1.0,0.1085837664753635
2009-07,230.4516129032258,5.440040918071189,-0.14204514429629178,95.3,-1.8358635772133165,-0.05893495604622294,-0.12931167322134623,-0.2527686517463072,-0.4999999999999998,-0.8660254037844388,0.17647693685942833
2009-08,527.3225806451613,6.267812468766062,0.3274696286289611,232.7,-0.3686675657934836,-0.8561938279097301,-0.4684655777778222,-0.32526040601219525,-0.8660254037844384,-0.5000000000000004,-0.14204514429629178
2009-09,915.5,6.819470364114565,0.32095649961479555,225.1,-0.20643256512350014,-1.4428113645913048,-0.6491390819889432,-0.49667392052279224,-1.0,-1.8369701987210297e-16,0.3274696286289611
2009-10,1261.0645161290322,7.13971149732787,0.6438845187639473,245.6,0.5001400846986596,-0.1843523005203189,-0.22950243237332274,-0.12501933673172969,-0.8660254037844386,0.5000000000000001,0.32095649961479555
2009-11,1038.3666666666666,6.945404244766894,0.7968316291278006,125.39999999999999,0.047112818645097254,0.07614031196579478,-0.680507333457221,0.04871730102983413,-0.5000000000000004,0.8660254037844384,0.6438845187639473
2009-12,334.7096774193548,5.813263521511134,0.37214944934331484,31.1,-0.6207590898609976,0.03474195866491624,-1.0836030829316874,-0.17575271657351793,-2.4492935982947064e-16,1.0,0.7968316291278006
2010-01,187.09677419354838,5.231625992049365,0.25691371977991384,103.7,1.2286917511315494,0.2415881364934577,-0.07410492423285142,-0.1943705647898258,0.49999999999999994,0.8660254037844387,0.37214944934331484
2010-02,115.27142857142857,4.747289595799147,0.010326459028115131,60.5,0.28397733666917696,0.3751153107049615,0.18452730154786007,-0.31092562949709596,0.8660254037844386,0.5000000000000001,0.25691371977991384
2010-03,95.59032258064516,4.560071586697503,-0.13161796697153072,78.0,0.29114822377133276,0.6811297865305838,0.3872662788383754,-0.27762961590602075,1.0,6.123233995736766e-17,0.010326459028115131
2010-04,225.27,5.417299682779903,0.2970329547576904,87.1,-0.3534546339226799,-0.25322683506186366,-0.12100202806304755,-0.27809459832085437,0.8660254037844387,-0.49999999999999983,-0.13161796697153072
2010-05,574.9677419354839,6.354313938241864,0.5327939374202728,299.7,0.5489267670396019,0.08032776787425291,0.17254679372938833,-0.4526652724408734,0.49999999999999994,-0.8660254037844387,0.2970329547576904
2010-06,755.3666666666667,6.627203282572769,0.9566635766900893,209.1,-0.5006542251157498,-0.35763784043242525,-0.006100777260179132,-0.8386688984248946,1.2246467991473532e-16,-1.0,0.5327939374202728
2010-07,568.4516129032259,6.342916195941529,0.7608301335740482,352.7,1.2985343375448475,0.7115640781818344,0.37335674935201346,0.15476804152640306,-0.4999999999999998,-0.8660254037844388,0.9566635766900893
2010-08,483.96774193548384,6.182018255601867,0.24167541546476645,267.6,0.04873231225781937,0.4464771901481856,0.3263609553491572,0.27965647566639995,-0.8660254037844384,-0.5000000000000004,0.7608301335740482
2010-09,701.2666666666667,6.552888223637064,0.05437435913729427,215.0,-0.3353791080667567,0.5653717225972531,0.12890887727777128,0.26535077952699,-1.0,-1.8369701987210297e-16,0.24167541546476645
2010-10,1714.258064516129,7.446735650552491,0.9509086719885689,261.1,0.6639398605280826,0.09050754493738593,0.5681832980473777,0.3159700668868009,-0.8660254037844386,0.5000000000000001,0.05437435913729427
2010-11,408.53333333333336,6.012573510318218,-0.13599910532087556,89.2,-0.5202803696487716,-0.14412260477408156,0.17728542201566458,0.1857678376786243,-0.5000000000000004,0.8660254037844384,0.9509086719885689
2010-12,180.96774193548387,5.198318794031596,-0.24279527813622348,87.1,0.7425541567613536,0.31305940517870173,0.5698862440077573,0.38938003770011215,-2.4492935982947064e-16,1.0,-0.13599910532087556
2011-01,106.44516129032259,4.667629935072198,-0.30708233719725264,42.2,-0.11848437391001462,-0.239210922957505,-0.08205665688185572,0.1618453735996158,0.49999999999999994,0.8660254037844387,-0.24279527813622348
2011-02,106.425,4.667440511714216,-0.06952262505681617,171.0,1.8151101183611202,1.4239414677078783,0.6163104241943993,0.5534769844074886,0.8660254037844386,0.5000000000000001,-0.30708233719725264
2011-03,73.35161290322581,4.295264493484599,-0.39642506018443413,46.7,-0.29758902005347265,0.8425981689801717,0.713430975478815,0.44600760650394755,1.0,6.123233995736766e-17,-0.06952262505681617
2011-04,146.70333333333335,4.988412406999404,-0.13185432102280803,273.2,1.408600758553276,1.6591936878364102,1.2098488331120372,1.0406531159132633,0.8660254037844387,-0.49999999999999983,-0.39642506018443413
2011-05,752.0,6.62273632394984,0.8012163231282488,335.09999999999997,0.8585635691570129,1.2497341347099202,1.734006324143637,1.1424642786392258,0.49999999999999994,-0.8660254037844387,-0.13185432102280803
2011-06,431.8333333333333,6.0680397113340545,0.3975000054513744,253.7,0.013687979132301175,1.3977730780348605,1.550225648798124,1.349569723450792,1.2246467991473532e-16,-1.0,0.8012163231282488
2011-07,423.03225806451616,6.047448436338419,0.4653623739709385,446.9,2.0288531168735418,1.62462941850192,2.3918721709582758,1.6915415752730347,-0.4999999999999998,-0.8660254037844388,0.3975000054513744
2011-08,875.6129032258065,6.77492410197892,0.8345812618418194,426.2,1.5901611375740021,1.9754848073012856,2.376829536984032,2.220058169147428,-0.8660254037844384,-0.5000000000000004,0.4653623739709385
2011-09,846.0666666666667,6.740598158707955,0.2420842942081851,287.0,0.5095097935740494,2.3778154283094834,2.606236578467052,2.5983648459867856,-1.0,-1.8369701987210297e-16,0.8345812618418194
2011-10,425.38709677419354,6.0529995703225525,-0.4428274082413699,136.4,-0.9156120429500627,0.7684580957845517,1.7590156188640602,2.146265088008428,-0.8660254037844386,0.5000000000000001,0.2420842942081851
2011-11,344.06666666666666,5.840835437046517,-0.30773717859257577,101.6,-0.31068004290081475,-0.44482406297717536,1.3013913732315014,2.1635161741987567,-0.5000000000000004,0.8660254037844384,-0.4428274082413699
2011-12,160.61290322580646,5.078997142157037,-0.3621169300107825,75.7,0.5285457045882347,-0.742886003851666,1.4786956870319712,2.0497895582809,-2.4492935982947064e-16,1.0,-0.30773717859257577
2012-01,115.2258064516129,4.746893737511243,-0.22781853475820757,72.4,0.6398163413512395,0.1256820631009596,0.6627474735029137,2.15658580087412,0.49999999999999994,0.8660254037844387,-0.3621169300107825
2012-02,118.95172413793104,4.7787177312881495,0.04175459451711738,123.69999999999999,1.2722754334767745,1.1664997318395627,0.21683586862792573,1.9423439002002953,0.8660254037844386,0.5000000000000001,-0.22781853475820757
2012-03,483.258064516129,6.180550806032236,1.4888612523632023,176.0,1.4629128291320401,1.729915678628946,0.644086891540688,2.2106126460716684,1.0,6.123233995736766e-17,0.04175459451711738
2012-04,510.8666666666667,6.236108629868195,1.1158419018459824,142.3,0.3204750767958805,1.3697107235540436,1.1155496911378688,1.8364239045472184,0.8660254037844387,-0.49999999999999983,1.4888612523632023
2012-05,882.6774193548387,6.7829598103631215,0.9614398095415302,230.29999999999998,-0.13674143434481292,0.6282956084810956,1.0666955686470276,1.5198699340998307,0.49999999999999994,-0.8660254037844387,1.1158419018459824
2012-06,265.93333333333334,5.583245650803197,-0.08729405507948318,102.1,-2.159688951585692,-1.336897395202948,0.04642823285944536,1.1015776080554325,1.2246467991473532e-16,-1.0,0.9614398095415302
2012-07,270.8709677419355,5.601642573698417,0.019556511330936388,133.7,-1.1442592865757404,-1.9590712933560706,-0.6055890262662534,-0.008556220615325984,-0.4999999999999998,-0.8660254037844388,-0.08729405507948318
2012-08,375.7741935483871,5.928988413914631,-0.011354426222469627,204.8,-0.7339415611174248,-2.2581049339764183,-1.2343150434825023,-0.9008786340811958,-0.8660254037844384,-0.5000000000000004,0.019556511330936388
2012-09,298.06666666666666,5.69731717513177,-0.8011966893679991,114.3,-1.933869375286468,-2.326119828553655,-2.603256825270625,-1.7273859691072029,-1.0,-1.8369701987210297e-16,-0.011354426222469627
2012-10,628.8387096774194,6.443874800412009,-0.051952178151913664,237.3,0.40961562107043487,-1.2876207177472194,-2.4508202885330412,-1.2557744301451432,-0.8660254037844386,0.5000000000000001,-0.8011966893679991
2012-11,496.26666666666665,6.207113416659931,0.05854080102083792,87.5,-0.5505533200302757,-1.142207831530064,-2.5854612521101323,-1.27945846849887,-0.5000000000000004,0.8660254037844384,-0.051952178151913664
2012-12,305.93548387096774,5.7233742427001495,0.28226017053233043,66.80000000000001,0.3462490765076196,-0.05117413410382962,-1.747962899533555,-1.2667955878241353,-2.4492935982947064e-16,1.0,0.05854080102083792
2013-01,135.6451612903226,4.9100423679219025,-0.06466990434754827,40.2,-0.18037306568075812,-0.5445994049794005,-1.3842451142637626,-1.412138596152685,0.49999999999999994,0.8660254037844387,0.28226017053233043
2013-02,93.86071428571428,4.541811920455729,-0.19515121631530352,33.4,-0.3641651934009398,-0.33144882484262383,-1.2211637835229807,-1.7532646910523726,0.8660254037844386,0.5000000000000001,-0.06466990434754827
2013-03,77.27741935483871,4.347401795905161,-0.34428775776387255,42.0,-0.4080777684840316,-0.8014576582695255,-0.548954523682673,-2.155557981475814,1.0,6.123233995736766e-17,-0.19515121631530352
2013-04,210.98666666666668,5.351794940326183,0.2315282123039708,147.7,0.3761629078504989,-0.2771530947069927,-0.6074402845286367,-2.152831873678798,0.8660254037844387,-0.49999999999999983,-0.34428775776387255
2013-05,800.2258064516129,6.68489394590513,0.8633739450835387,270.5,0.27486077111565027,0.04840841208314343,-0.19602311737302583,-2.0188267770738415,0.49999999999999994,-0.8660254037844387,0.2315282123039708
2013-06,484.0,6.182084906716632,0.511545200833952,346.2,0.9134067509810478,0.8020884485267169,0.2436416745248952,-1.1193546346021512,1.2246467991473532e-16,-1.0,0.8633739450835387
2013-07,286.06451612903226,5.656217366251056,0.07413130388357558,226.6,0.08688660315785159,0.6093900322599782,0.26593112170354716,-0.7548901632795658,-0.4999999999999998,-0.8660254037844388,0.511545200833952
2013-08,319.8709677419355,5.767917688669935,-0.17242515146716553,241.2,-0.26332395822141547,0.3580739557653403,0.2320856710074139,-0.6231364927885336,-0.8660254037844384,-0.5000000000000004,0.07413130388357558
2013-09,360.43333333333334,5.887307011283382,-0.6112068532163875,92.5,-2.4057194657537604,-1.383794981971672,-0.38672824328145633,-0.742794566507565,-1.0,-1.8369701987210297e-16,-0.17242515146716553
2013-10,419.4516129032258,6.0389481745661735,-0.45687880399774894,393.4,1.8566703944592184,-0.021474880279806055,0.41088740704751897,-0.09344429705367385,-0.8660254037844386,0.5000000000000001,-0.6112068532163875
2013-11,454.6333333333333,6.1194912332647196,-0.029081382374373632,234.1,1.270277030948381,0.8928056304428988,0.8018603500382195,0.4916573368252461,-0.5000000000000004,0.8660254037844384,-0.45687880399774894
2013-12,212.83870967741936,5.36053464730338,-0.08057942486443892,38.8,-0.3641665200721246,1.8324136101140165,0.3483767885941732,0.3739475334438316,-2.4492935982947064e-16,1.0,-0.029081382374373632
2014-01,118.62258064516129,4.7759468617392775,-0.19876541053017327,10.0,-1.631193918164634,0.48195169525960563,0.18518854137311452,0.26339108941644623,0.49999999999999994,0.8660254037844387,-0.08057942486443892
2014-02,101.77499999999999,4.622764494389043,-0.1141986423819894,64.2,0.35655916666611165,-0.7569262955430617,0.42975342820499546,0.3668084896098961,0.8660254037844386,0.5000000000000001,-0.19876541053017327
2014-03,81.03548387096774,4.394887131227787,-0.2968024224412469,14.0,-1.380401018244077,-1.263406312440351,1.0476200875186181,0.28184748559148864,1.0,6.123233995736766e-17,-0.1141986423819894
2014-04,128.63,4.856940066090624,-0.26332666193158794,116.7,0.03528625935455075,-0.560616851855689,-0.17557771307129205,0.1693298701736492,0.8660254037844387,-0.49999999999999983,-0.2968024224412469
2014-05,221.40322580645162,5.399985590206568,-0.42153441061502317,223.9,-0.20662225577774626,-0.7521271279031282,-1.1194954559892665,-0.010244872084662151,0.49999999999999994,-0.8660254037844387,-0.26332666193158794
2014-06,155.09,5.044005593571361,-0.6265341123113188,170.7,-1.0073053343785956,-1.0248596789322555,-1.6176740413847899,-0.7075967808690027,1.2246467991473532e-16,-1.0,-0.42153441061502317
2014-07,227.7935483870968,5.428439729220877,-0.1536463331466038,249.9,0.3393481787606736,-0.6164450288732873,-1.0157947126573768,-0.6253078676602484,-0.4999999999999998,-0.8660254037844388,-0.6265341123113188
2014-08,587.0322580645161,6.37507977243149,0.43473693229438926,320.3,0.6150309205011804,-0.07745293209285568,-0.6577123240911167,-0.32407663016587285,-0.8660254037844384,-0.5000000000000004,-0.1536463331466038
2014-09,501.93333333333334,6.218467308747912,-0.28004655575185744,327.4,0.9229598609328824,0.944860047147222,0.02311607143830443,0.6096834155811319,-1.0,-1.8369701987210297e-16,0.43473693229438926
2014-10,261.741935483871,5.567359039281246,-0.928467939282676,124.9,-1.105798555959705,0.281556280642778,-0.31109278674343965,-0.47587673795412067,-0.8660254037844386,0.5000000000000001,-0.28004655575185744
2014-11,609.0666666666667,6.411927730793582,0.2633551151544884,161.7,0.5137081826496003,0.2006782637002633,-0.008734587493869517,-0.7524500115592773,-0.5000000000000004,0.8660254037844384,-0.928467939282676
2014-12,328.06451612903226,5.79321028455746,0.3520962123896405,37.5,-0.4048119612543725,-0.6442535276327404,0.32450966514071183,-0.726761619044933,-2.4492935982947064e-16,1.0,0.2633551151544884
2015-01,202.3548387096774,5.310022783611597,0.3353105113421462,95.3,1.0833199704677456,0.5998820044912019,0.4936190936487112,-0.38858480724954314,0.49999999999999994,0.8660254037844387,0.3520962123896405
2015-02,208.43571428571428,5.339630668928246,0.6026675321572137,168.3,1.7867955341443817,1.4309377462772344,0.8909098874347141,0.015758466860609183,0.8660254037844386,0.5000000000000001,0.3353105113421462
2015-03,102.43548387096774,4.629233174757883,-0.06245637891115052,39.3,-0.475539711293597,1.2071986966821202,0.27696967027470404,0.1355182290230841,1.0,6.123233995736766e-17,0.6026675321572137
2015-04,409.47333333333336,6.0148717811076,0.894605053085388,187.2,0.7476080816646974,1.0701415585070204,1.102642982169919,0.36583050654341226,0.8660254037844387,-0.49999999999999983,-0.06245637891115052
2015-05,321.96774193548384,5.77445136020144,-0.04706864062015104,184.2,-0.6735285737184786,-0.309432561919677,0.47522720910941635,0.21472787369931762,0.49999999999999994,-0.8660254037844387,0.894605053085388
2015-06,409.6666666666667,6.015343820897925,0.3448041150152452,125.0,-1.7265335917118851,-1.1499898611129418,-0.24491123735007916,0.040357994177054185,1.2246467991473532e-16,-1.0,-0.04706864062015104
2015-07,177.8709677419355,5.181058387098596,-0.4010276752688844,109.1,-1.567777867282115,-2.3780966487390005,-1.1788493522216665,-0.5023859946060761,-0.4999999999999998,-0.8660254037844388,0.3448041150152452
2015-08,343.8709677419355,5.840266493234689,-0.1000763469024113,212.7,-0.6272446839368812,-2.2039862363891762,-2.010447055169482,-0.9566894098398723,-0.8660254037844384,-0.5000000000000004,-0.4010276752688844
2015-09,757.8666666666667,6.630507468674726,0.13199360417495676,274.1,0.36946783806480776,-1.099361743865411,-1.6175275855038074,-1.2393912167133605,-1.0,-1.8369701987210297e-16,-0.1000763469024113
2015-10,793.1290322580645,6.6759859224690485,0.1801589439051261,197.1,-0.06145282505585796,-0.32114302950091894,-1.9782975948470407,-0.9156853465923362,-0.8660254037844386,0.5000000000000001,0.13199360417495676
2015-11,636.5,6.4559844179974615,0.3074118023583683,135.1,0.17976801511044402,0.1474064466836124,-1.5552030888118125,-0.9973806704081654,-0.5000000000000004,0.8660254037844384,0.1801589439051261
2015-12,248.09677419354838,5.513818888571907,0.07270481640408821,98.7,0.9423962465257857,0.2629638840829726,-0.6817140292924526,-0.7069219481343715,-2.4492935982947064e-16,1.0,0.3074118023583683
2016-01,157.4516129032258,5.059118191402002,0.0844059191325508,36.9,-0.28728905038292407,0.35442660313419216,-0.1253586699566539,-0.9507431971320317,0.49999999999999994,0.8660254037844387,0.07270481640408821
2016-02,128.19310344827585,4.853537747784294,0.11657461101326216,128.8,1.3363551481893325,1.0968448085023692,0.6450733936088389,-1.080013868927998,0.8660254037844386,0.5000000000000001,0.0844059191325508
2016-03,120.22258064516129,4.789344863402595,0.09765530973356107,46.9,-0.29306361458237135,0.3928784892775122,0.38220945498424436,-0.9407311437763932,1.0,6.123233995736766e-17,0.11657461101326216
2016-04,132.88,4.889446465305039,-0.23082026271717293,185.5,0.7327376760425064,0.842494287721604,0.7848024943605196,-0.9612443891468532,0.8660254037844387,-0.49999999999999983,0.09765530973356107
2016-05,168.09032258064516,5.124501469338263,-0.6970185314833284,242.10000000000002,-0.011248039666623055,0.14695174739663872,0.6280965622741347,-0.7696371656854941,0.49999999999999994,-0.8660254037844387,-0.23082026271717293
2016-06,320.76666666666665,5.770713963694245,0.10017425781156497,232.4,-0.22361711191535932,0.10651661569824472,0.20011909792169955,-0.42029838972264943,1.2246467991473532e-16,-1.0,-0.6970185314833284
2016-07,298.61290322580646,5.699148096582065,0.11706203421458472,372.5,1.4615359436638478,0.6302786724756282,0.9761427758739049,0.5672057672977778,-0.4999999999999998,-0.8660254037844388,0.10017425781156497
2016-08,444.8709677419355,6.097784279989192,0.15744143985209114,295.1,0.3526280482166571,0.8384291851832233,0.6954356295428937,0.8627707637777384,-0.8660254037844384,-0.5000000000000004,0.11706203421458472
2016-09,1027.0333333333333,6.934429666396324,0.4359158018965541,203.5,-0.4872858357388634,0.7856327678738465,0.5898390639454382,0.6528864279019693,-1.0,-1.8369701987210297e-16,0.15744143985209114
2016-10,1025.8064516129032,6.933234364283122,0.4374073857191991,158.29999999999998,-0.582091876172153,-0.5149383616876477,0.10374501012929899,0.48986093321731833,-0.8660254037844386,0.5000000000000001,0.4359158018965541
2016-11,1466.5333333333333,7.290656618014852,1.1420840023757588,205.79999999999998,0.995499449866793,-0.12740102150272248,0.5090533709140513,0.7608302404611312,-0.5000000000000004,0.8660254037844384,0.4374073857191991
2016-12,570.3548387096774,6.3462586911929435,0.9051446190251244,54.8,0.07282119425484185,0.16914469040247407,0.6516400577679402,0.5780600578195774,-2.4492935982947064e-16,1.0,1.1420840023757588
2017-01,240.25806451612902,5.481713614471757,0.5070013422023063,56.8,0.28201054973154344,0.8240255729196826,-0.013584338465246502,0.6526916716525752,0.49999999999999994,0.8660254037844387,0.9051446190251244
2017-02,137.64285714285714,4.9246623387991075,0.18769920202807544,81.4,0.662802415073369,0.3483904282545596,-0.0026160059071712654,0.4662010571339688,0.8660254037844386,0.5000000000000001,0.5070013422023063
2017-03,129.1,4.860587297852597,0.16889774418356307,132.3,1.012489296754444,0.9358959969200086,0.6658764162703809,0.7457308325433215,1.0,6.123233995736766e-17,0.18769920202807544
2017-04,455.95,6.1223831543796745,1.0021164263574622,174.5,0.634308581340355,1.0264449141351613,1.1897338663683648,0.705259476955076,0.8660254037844387,-0.49999999999999983,0.16889774418356307
2017-05,526.741935483871,6.266710742617163,0.44519074179557183,140.3,-1.2789336002952263,-0.0436765155397403,0.051229099108678795,0.35400437130917184,0.49999999999999994,-0.8660254037844387,1.0021164263574622
2017-06,306.23333333333335,5.724347338609311,0.05380763272663103,447.5,1.7330789720995188,0.7887370953756253,1.0927604288747426,1.1090248838588481,1.2246467991473532e-16,-1.0,0.44519074179557183
2017-07,462.0967741935484,6.135774337097794,0.5536882747303133,268.7,0.5318960545677197,0.6836372804207835,1.1499626697383674,0.7686528299506591,-0.4999999999999998,-0.8660254037844388,0.05380763272663103
2017-08,442.16129032258067,6.091674725746235,0.15133188560913435,199.39999999999998,-0.8085013389715455,0.9222799285962671,0.642111710805603,0.4199974962829307,-0.8660254037844384,-0.5000000000000004,0.5536882747303133
2017-09,6703.7,8.810414891757294,2.311901027257524,500.9,2.397123078198869,1.359057854333323,1.4568626128871685,1.5672138211001239,-1.0,-1.8369701987210297e-16,0.15133188560913435
2017-10,1807.3870967741937,7.499637488333262,1.0038105097693393,334.8,1.3664604223739625,1.8327909552207617,1.7844184016735267,2.154739544477801,-0.8660254037844386,0.5000000000000001,2.311901027257524
2017-11,778.9333333333333,6.657925462405421,0.509352846766328,181.89999999999998,0.7438052806846549,2.5348959344686723,2.406869362813522,2.050872523352697,-0.5000000000000004,0.8660254037844384,1.0038105097693393
2017-12,398.61290322580646,5.987990778619044,0.5468767064512248,28.8,-0.7060442985308643,1.0824875077903067,1.6525589905574454,1.8937364937825616,-2.4492935982947064e-16,1.0,0.509352846766328
2018-01,307.258064516129,5.727687995509755,0.7529757232403043,108.10000000000001,1.3018770188349067,0.8373803632057882,1.8974327272348421,2.069030848810815,0.49999999999999994,0.8660254037844387,0.5468767064512248
2018-02,166.32142857142858,5.113922232807173,0.3769590960361411,57.8,0.22918998765062,0.36816376614597207,2.363755413429733,1.9310616997794294,0.8660254037844386,0.5000000000000001,0.7529757232403043
2018-03,194.31935483870967,5.269502964591193,0.5778134109221593,67.69999999999999,0.11884664805935742,0.5998847759976522,1.186246213453809,1.63971289428301,1.0,6.123233995736766e-17,0.3769590960361411
2018-04,337.6333333333333,5.821960494024641,0.7016937660024292,332.2,1.7884644254782645,1.464783587322602,1.5540859494041468,2.100245761991086,0.8660254037844387,-0.49999999999999983,0.5778134109221593
2018-05,279.93548387096774,5.63455916187315,-0.1869608389484414,286.4,0.4263907589924054,1.419882746164953,1.3746550758223424,2.515127846543572,0.49999999999999994,-0.8660254037844387,0.7016937660024292
2018-06,276.73333333333335,5.623054346950829,-0.04748535893185135,183.0,-0.837188360619726,1.0347033400101284,1.1054144675465225,1.853469006147642,1.2246467991473532e-16,-1.0,-0.1869608389484414
2018-07,175.67741935483872,5.1686494687485585,-0.41343659361892193,245.9,0.29715382013196234,-0.15413908465990336,0.8052108312579316,1.8164814704863412,-0.4999999999999998,-0.8660254037844388,-0.04748535893185135
2018-08,519.741935483871,6.253332410473197,0.31298957033609653,308.6,0.49496282313139667,-0.09839457709341232,0.9150084669638356,2.183841064334489,-0.8660254037844384,-0.5000000000000004,-0.41343659361892193
2018-09,623.4,6.435188367333237,-0.06332549716653268,191.79999999999998,-0.6479395877632179,-0.010754748972168429,0.6653759762775258,1.226656274366045,-1.0,-1.8369701987210297e-16,0.31298957033609653
2018-10,527.3870967741935,6.267934807890266,-0.2278921706736563,60.4,-2.501951713399669,-1.2518875570233159,-1.0229104103789681,0.16493865025750762,-0.8660254037844386,0.5000000000000001,-0.06332549716653268
2018-11,509.6333333333333,6.233691512898458,0.08511889725936506,112.1,-0.14650364045602396,-1.830253950542947,-1.2869846026605867,-0.0970844737704738,-0.5000000000000004,0.8660254037844384,-0.2278921706736563
2018-12,204.4516129032258,5.32033133576572,-0.12078273640209947,37.6,-0.40165083450921885,-1.8768120195729674,-1.0767023694109652,-0.056809277953204534,-2.4492935982947064e-16,1.0,0.08511889725936506
2019-01,128.76774193548388,4.858010331490751,-0.11670194077870022,42.7,-0.10332708603239074,-0.5725140388118302,-1.3688097150502687,-0.31104711381490946,0.49999999999999994,0.8660254037844387,-0.12078273640209947
2019-02,88.31071428571428,4.480861439837925,-0.2561016969331069,13.6,-1.1114697940652696,-1.0979768264105148,-2.1920269622853947,-0.4695016372747727,0.8660254037844386,0.5000000000000001,-0.11670194077870022
2019-03,115.66129032258064,4.7506660088374835,0.05897645516844996,191.5,1.605624574197555,0.7330242359051691,-0.9272911483726002,0.0325720957832435,1.0,6.123233995736766e-17,-0.2561016969331069
2019-04,97.46333333333334,4.579476238896287,-0.540790489125925,78.8,-0.4786108185888067,0.26025735801718347,-0.18587880196942,-0.891761423248836,0.8660254037844387,-0.49999999999999983,0.05897645516844996
2019-05,288.8451612903226,5.665890770452284,-0.15562923036930698,323.3,0.7578388489243224,0.8999597397275702,0.3348445343392523,-0.7797991873879768,0.49999999999999994,-0.8660254037844387,-0.540790489125925
2019-06,449.56666666666666,6.108284155854702,0.4377444499720218,186.3,-0.7928934466240682,-0.4140986811643572,-0.017620993591319977,-0.8414836880303836,1.2246467991473532e-16,-1.0,-0.15562923036930698
2019-07,777.0645161290323,6.6555233792617505,1.0734373168942701,174.70000000000002,-0.5458525797912561,-0.3525903588287682,-0.2635594475985134,-1.1514449263086752,-0.4999999999999998,-0.8660254037844388,0.4377444499720218
2019-08,416.38709677419354,6.031615348686707,0.091272508549606,284.6,0.23891226864559564,-0.690814639153073,0.06470662980929788,-1.2752973478810872,-0.8660254037844384,-0.5000000000000004,1.0734373168942701
2019-09,1102.0666666666666,7.004942483950802,0.5064286194510323,152.4,-1.244197741157819,-0.976826483277732,-1.0266131550022333,-1.5190271453972848,-1.0,-1.8369701987210297e-16,0.091272508549606
2019-10,1213.4516129032259,7.101224150373501,0.605397171809579,211.9,0.11883764336014772,-0.5733862965390005,-0.7285722355230277,-0.8379181905973899,-0.8660254037844386,0.5000000000000001,0.5064286194510323
2019-11,558.8333333333334,6.325851277238174,0.17727866159908068,99.3,-0.3481744513626952,-0.934491821157444,-1.2469380249281852,-0.8615043904743498,-0.5000000000000004,0.8660254037844384,0.605397171809579
2019-12,230.83870967741936,5.441719240143463,0.0006051679756442496,57.199999999999996,0.13050619804031677,-0.24663545946173157,-0.9415991275436897,-0.7466372157789652,-2.4492935982947064e-16,1.0,0.17727866159908068
2020-01,268.64516129032256,5.593391405809658,0.6186791335402075,56.5,0.27452532274172115,-0.30710880961695625,-0.6731702738157015,-0.6944748761868077,0.49999999999999994,0.8660254037844387,0.0006051679756442496
2020-02,181.3793103448276,5.200590475745281,0.46362733897424935,116.60000000000001,1.1802823061687129,0.7584329226140849,-0.4259921889991247,-0.27410253622717107,0.8660254037844386,0.5000000000000001,0.6186791335402075
2020-03,363.48387096774195,5.895734924511117,1.204045370842083,137.6,1.0716965985112759,1.2696951784353256,0.6033325740956728,-0.41208555462032276,1.0,6.123233995736766e-17,0.46362733897424935
2020-04,198.76666666666668,5.29213160746095,0.17186487943873807,66.1,-0.6893749428193933,0.5459309025912782,0.19124716901186178,-0.46919924734242163,0.8660254037844387,-0.49999999999999983,1.204045370842083
2020-05,199.91935483870967,5.297914059424199,-0.5236059413973919,166.29999999999998,-0.9068222906728852,-0.6261277762812641,-0.19794206944037082,-1.0849300457117708,0.49999999999999994,-0.8660254037844387,0.17186487943873807
2020-06,667.7666666666667,6.503938811119497,0.8333991052368166,265.5,0.13944506916930552,-1.137277900469709,-0.18697576638603597,-0.8571796533439884,1.2246467991473532e-16,-1.0,-0.5236059413973919
2020-07,813.258064516129,6.701048481709002,1.1189624193415213,471.8,2.2052316093581332,0.9425810662070281,1.0513261456287135,0.2854850891433939,-0.4999999999999998,-0.8660254037844388,0.8333991052368166
2020-08,410.03225806451616,6.016235834809523,0.07589299467242228,159.79999999999998,-1.4029289999821122,0.8227364308609428,0.19838140220338815,-0.19655715463003512,-0.8660254037844384,-0.5000000000000004,1.1189624193415213
2020-09,867.3333333333334,6.765423370404341,0.26690950590457163,178.3,-0.8418496934711317,0.4052837231694144,-0.47107659059000984,-0.09168628563701138,-1.0,-1.8369701987210297e-16,0.07589299467242228
2020-10,888.0,6.78897174299217,0.29314476442824766,158.2,-0.5835404189575079,-1.7963064903522794,-0.3952995352525271,-0.3170603586642174,-0.8660254037844386,0.5000000000000001,0.26690950590457163
2020-11,391.53333333333336,5.97007065442031,-0.17850196121878348,165.0,0.5525365187634916,-0.6274084445246849,0.19532236918603388,-0.0332483542497669,-0.5000000000000004,0.8660254037844384,0.29314476442824766
2020-12,220.70967741935485,5.396848161052404,-0.044265911115415335,72.7,0.4687578115574278,-0.015805397523817464,0.2466224939233058,0.029885252543872927,-2.4492935982947064e-16,1.0,-0.17850196121878348
2021-01,147.38709677419354,4.993062437078125,0.01835016480867413,15.899999999999999,-1.2065519396438276,0.16910495581164628,-1.3909662162559044,-0.1258620897732649,0.49999999999999994,0.8660254037844387,-0.044265911115415335
2021-02,107.71785714285714,4.679515374901652,-0.05744776186937983,21.1,-0.7787499960150897,-0.8128140024246612,-0.990875530336678,-0.4837872760809456,0.8660254037844386,0.5000000000000001,0.01835016480867413
2021-03,90.88387096774194,4.5095825483410605,-0.18210700532797297,79.5,0.3149433774180254,-0.787655799453571,-0.5105259808034625,-0.6261867987600881,1.0,6.123233995736766e-17,-0.05744776186937983
2021-04,168.80333333333334,5.12873432920227,0.008467601180057294,153.0,0.42952359502654686,0.0032713925843509367,0.02208812633229795,-0.3230323726550883,0.8660254037844387,-0.49999999999999983,-0.18210700532797297
2021-05,390.0,5.966146739123692,0.14462673830210093,357.2,1.0411629445303143,0.8769609664231405,0.4039951755271072,0.3212173562495348,0.49999999999999994,-0.8660254037844387,0.008467601180057294
2021-06,706.9,6.5608892131769085,0.8903495072942285,301.4,0.5005582920094089,1.0960217171438666,0.5207780210015822,0.4517865990427719,1.2246467991473532e-16,-1.0,0.14462673830210093
2021-07,467.61290322580646,6.147640823797614,0.5655547614301337,262.6,0.4704235239869264,1.0370622152862032,0.8140330410859077,-0.3271502845742865,-0.4999999999999998,-0.8660254037844388,0.8903495072942285
2021-08,552.6129032258065,6.314657762245313,0.37431492210821204,160.7,-1.3883437551243933,-0.17781810409712714,0.4206018109973558,-0.33552496472470217,-0.8660254037844384,-0.5000000000000004,0.5655547614301337
2021-09,755.4,6.627247410278357,0.1287335457785872,218.39999999999998,-0.2915236766248686,-0.7499486554347858,0.23267514866252825,-0.17868571533623065,-1.0,-1.8369701987210297e-16,0.37431492210821204
2021-10,674.258064516129,6.513612922669303,0.01778594410538048,132.6,-0.9771802493458314,-1.6620984876607707,-0.23434104321280697,-0.28867300924697203,-0.8660254037844386,0.5000000000000001,0.1287335457785872
2021-11,365.6666666666667,5.901722171607121,-0.24685044403197232,123.0,0.013235218374666588,-0.8485789157730184,-0.7763226119138286,-0.4387519859382943,-0.5000000000000004,0.8660254037844384,0.01778594410538048
2021-12,214.83870967741936,5.369887559049289,-0.07122651311853012,63.599999999999994,0.27678024500181886,-0.690451807561851,-1.0508768405286146,-0.4553632442383942,-2.4492935982947064e-16,1.0,-0.24685044403197232
2022-01,130.1451612903226,4.868650452803415,-0.10606181946603588,35.4,-0.33807969595722087,-0.1966013917276845,-1.5007105862769246,-0.3806885604885492,0.49999999999999994,0.8660254037844387,-0.07122651311853012
2022-02,148.42499999999998,5.000079780156739,0.2631166433857066,84.0,0.7053812791160672,0.22967489495135138,-0.6720757936591144,-0.12990376286406125,0.8660254037844386,0.5000000000000001,-0.10606181946603588
2022-03,197.30967741935484,5.284774461087503,0.5930849074184694,113.8,0.7930647113453098,0.5960586052061637,-0.2233661241996089,0.03222837150644509,1.0,6.123233995736766e-17,0.2631166433857066
2022-04,196.43666666666667,5.280340072317374,0.16007334429516185,172.70000000000002,0.6178202932369156,0.9068324439087204,0.5555126610501542,0.09133744650030137,0.8660254037844387,-0.49999999999999983,0.5930849074184694
2022-05,198.09032258064516,5.288723101328235,-0.5327968994933565,70.0,-2.623944208880631,-0.7363825324971698,-0.6009716869721198,-0.9741044512978575,0.49999999999999994,-0.8660254037844387,0.16007334429516185
2022-06,351.96666666666664,5.863536474144359,0.1929967682616791,216.0,-0.41652255554296846,-1.4784909947896954,-0.9494368646134846,-1.4191880218958262,1.2246467991473532e-16,-1.0,-0.5327968994933565
2022-07,358.2258064516129,5.881163531843382,0.2990774694759013,290.2,0.7415191247705067,-1.0961892458349856,-0.3842336781463182,-1.325540613418947,-0.4999999999999998,-0.8660254037844388,0.1929967682616791
2022-08,804.516129032258,6.6902410147488816,0.749898174611781,294.9,0.3504873117566164,0.28316413477112257,-0.33816676618590324,-0.7826966291882209,-0.8660254037844384,-0.5000000000000004,0.2990774694759013
2022-09,1791.4333333333334,7.490771323288619,0.9922574587888491,486.0,2.2847694578763806,1.9180718490889437,0.5839711153248717,0.2919341685056231,-1.0,-1.8369701987210297e-16,0.749898174611781
2022-10,1380.483870967742,7.230189347830564,0.7343623692666412,471.1,2.439935913655609,2.9304043551902126,1.5262035679456112,1.5428147303275943,-0.8660254037844386,0.5000000000000001,0.9922574587888491
2022-11,955.1,6.8618160470406915,0.7132434314015983,127.60000000000001,0.07778673337083775,2.860828690105462,2.2283605683989407,1.5459023039789932,-0.5000000000000004,0.8660254037844384,0.7343623692666412
2022-12,207.51612903225808,5.335209066925854,-0.105905005241965,42.2,-0.26215729639123014,1.6825006256231017,2.4556918682037665,1.419670291490242,-2.4492935982947064e-16,1.0,0.7132434314015983
2023-01,216.83870967741936,5.3791538037999045,0.4044415315304537,51.7,0.15097422813557126,-0.20266062528787238,2.425336659519324,1.4815197108304676,0.49999999999999994,0.8660254037844387,-0.105905005241965
2023-02,132.25,4.8846940707384086,0.14773093396737647,18.8,-0.872111426773564,-0.7619598639376718,2.2958738438584976,1.2210175067342495,0.8660254037844386,0.5000000000000001,0.4044415315304537
2023-03,,,,27.500000000000004,-0.8168917717937518,-1.0878767861780683,0.9581736492787609,0.8994886339698032,1.0,6.123233995736766e-17,0.14773093396737647
2023-04,,,,96.2,-0.22540123092179207,-1.1734570947140637,-1.029153478966225,0.6490476208561006,0.8660254037844387,-0.49999999999999983,
2023-05,,,,271.7,0.2864997818475791,-0.4258807768591907,-0.821246991304818,1.2794984549454433,0.49999999999999994,-0.8660254037844387,
2023-06,,,,275.3,0.24108407365826512,-0.01210940573228607,-0.617505181447391,1.5424007627198528,1.2246467991473532e-16,-1.0,
2023-07,109.69200000000001,4.697676438459682,-0.8844096239077981,196.29999999999998,-0.26887704816755903,0.020215103678603324,-0.7363707680295478,1.2572529428440329,-0.4999999999999998,-0.8660254037844388,
2023-08,262.76451612903224,5.571258255154059,-0.36908458498304153,286.0,0.25423352325393217,0.024485727058023956,-0.36143632864958314,1.2322777026932445,-0.8660254037844384,-0.5000000000000004,-0.8844096239077981
2023-09,617.3666666666667,6.4254631207606465,-0.07305074373912301,225.3,-0.2039189198314645,-0.275609643830935,-0.2578680924802301,0.3216243051859755,-1.0,-1.8369701987210297e-16,-0.36908458498304153
2023-10,280.48387096774195,5.6365162223032375,-0.859310756260685,114.1,-1.2958780339158251,-0.7479385486503988,-0.5498343897138037,-1.1734544586849314,-0.8660254037844386,0.5000000000000001,-0.07305074373912301
2023-11,215.0,5.3706380281276624,-0.7779345875114307,128.4,0.08885287475084981,-0.8996399414354384,-0.6405417617704671,-1.1331771234748624,-0.5000000000000004,0.8660254037844384,-0.859310756260685
2023-12,124.02903225806452,4.820515669314049,-0.6205984028537701,46.6,-0.13824694265532775,-0.9854226659043895,-0.8482809690888594,-1.0696757265140167,-2.4492935982947064e-16,1.0,-0.7779345875114307
2024-01,65.33870967741936,4.179584658157599,-0.795127614111852,36.9,-0.28728905038292407,-0.3208300815450174,-0.8251552510912594,-1.1376694880214564,0.49999999999999994,0.8660254037844387,-0.6205984028537701
2024-02,109.86896551724138,4.69928843315232,-0.037674703618711725,70.9,0.48144168908550694,-0.1357397476797431,-0.912867478893275,-0.8896944933506427,0.8660254037844386,0.5000000000000001,-0.795127614111852
2024-03,87.17096774193548,4.467871336739255,-0.22381821692977866,64.4,0.05992232566606488,-0.047151329665343196,-0.9003336785606509,-0.6559426181330132,1.0,6.123233995736766e-17,-0.037674703618711725
2024-04,470.21,6.153179403425543,1.032912675403331,141.9,0.3162946479566362,0.2050681812388612,-0.09866514432704596,-0.5007975039560331,0.8660254037844387,-0.49999999999999983,-0.22381821692977866
2024-05,1058.6451612903227,6.9647452198499495,1.1432252190283583,220.1,-0.2487533106213332,-0.19294184422263375,-0.3240805446411972,-0.7163614286990796,0.49999999999999994,-0.8660254037844387,1.032912675403331
2024-06,577.1,6.358015561716921,0.6874758558342409,248.0,-0.04846329775121577,-0.25277070232434196,-0.35262820137408973,-0.8967228034891316,1.2246467991473532e-16,-1.0,1.1432252190283583
2024-07,336.2258064516129,5.8177829772541765,0.23569691488669609,287.2,0.7128948124069339,0.093596314101174,0.08696685795510618,-0.5437399407873568,-0.4999999999999998,-0.8660254037844388,0.6874758558342409
2024-08,1008.8709677419355,6.916587130849965,0.9762442907128648,276.0,0.1436789282851664,0.3418817728615288,0.056980159469580384,-0.5984479827212765,-0.8660254037844384,-0.5000000000000004,0.23569691488669609
2024-09,1072.9333333333334,6.978151609603868,0.47963774510409873,184.79999999999998,-0.7472759611647093,0.0006669647270897145,-0.22261422198639488,-0.7973242364628973,-1.0,-1.8369701987210297e-16,0.9762442907128648
2024-10,592.6774193548387,6.384650270134588,-0.11117670842933425,173.3,-0.3715269243403837,-0.6828089138224879,-0.44704614928662667,-0.5445396288290641,-0.8660254037844386,0.5000000000000001,0.47963774510409873
2024-11,520.4,6.25459774663835,0.10602513099925659,158.7,0.477955185121392,-0.5078957073428811,-0.1365356069363065,-0.395033892384722,-0.5000000000000004,0.8660254037844384,-0.11117670842933425
2024-12,268.5483870967742,5.593031110363499,0.1519170381956796,111.4,1.1445979760842997,0.35886503162344635,0.1754916883898364,-0.1257213768824413,-2.4492935982947064e-16,1.0,0.10602513099925659
2025-01,131.23548387096776,4.876993296276863,-0.09771897599258761,23.8,-0.7934198988780715,0.5938579119488091,-0.27875733430014576,-0.17730164745850935,0.49999999999999994,0.8660254037844387,0.1519170381956796
2025-02,81.12142857142858,4.395947150282342,-0.34101598648869036,45.3,-0.04869312115045476,0.19932557025469871,-0.40376551838831815,-0.26728299414332884,0.8660254037844386,0.5000000000000001,-0.09771897599258761
2025-03,208.05483870967743,5.3378016925950655,0.646112138926032,64.7,0.06536250562897816,-0.5356386276886275,-0.05228372640249396,-0.21300092657650008,1.0,6.123233995736766e-17,-0.34101598648869036
2025-04,280.19666666666666,5.635491737567572,0.5152250095453601,194.1,0.8070821227470516,0.42159022032954613,0.5881109780644834,-0.03996070582341213,0.8660254037844387,-0.49999999999999983,0.646112138926032
2025-05,1112.741935483871,7.014582460495062,1.1930624596734711,328.9,0.8059344374453031,0.8651281272050154,0.7892730057140629,0.3151220940308714,0.49999999999999994,-0.8660254037844387,0.5152250095453601
2025-06,338.06666666666666,5.823243114692809,0.15270340881012867,209.5,-0.49572595004472747,0.5966062930302235,0.16287218468460948,0.1757405486719992,1.2246467991473532e-16,-1.0,1.1930624596734711
2025-07,267.48387096774195,5.589059269070524,0.006973206703043466,207.5,-0.13333493523380796,0.036181054674329235,0.17983284786131204,-0.1207946130120594,-0.4999999999999998,-0.8660254037844388,0.15270340881012867
2025-08,913.9032258064516,6.817724685986831,0.8773818458497304,338.0,0.7913085658822533,0.008714340520257095,0.5510302800141166,0.10763395522546906,-0.8660254037844384,-0.5000000000000004,0.006973206703043466
2025-09,750.6666666666666,6.620961700591471,0.12244783609170184,184.6,-0.7501516558804742,-0.1204790434646325,0.2760276787187496,0.122733603993335,-1.0,-1.8369701987210297e-16,0.8773818458497304
2025-10,553.3548387096774,6.315999457065221,-0.17982752149870151,131.6,-0.9935854185034095,-0.5346106582872875,-0.3943164147080562,-0.05268131243804419,-0.8660254037844386,0.5000000000000001,0.12244783609170184
2025-11,365.8,5.9020867359567655,-0.2464858796823277,220.1,1.137174331424971,-0.358986740366893,-0.31371818736814633,0.20400067232601185,-0.5000000000000004,0.8660254037844384,-0.17982752149870151
2025-12,222.41935483870967,5.404564585742256,-0.03654948642556288,66.0,0.32909294003385436,0.15966490854450507,-0.04343134366534866,0.028748795390985887,-2.4492935982947064e-16,1.0,-0.2464858796823277
2026-01,137.96774193548387,4.927019903741763,-0.04769236852768799,35.300000000000004,-0.34151839486453295,0.8620808610044267,-0.006261653578271091,0.07230427926346049,0.49999999999999994,0.8660254037844387,-0.03654948642556288
2026-02,272.7142857142857,5.6084246746704345,0.8714615378994024,217.7,2.2674442843605416,1.5844802449006523,0.5578773730357217,0.6871609026110129,0.8660254037844386,0.5000000000000001,-0.04769236852768799
2026-03,254.39999999999998,5.538907831465967,0.8472182777969337,195.2,1.6386268690774208,2.238097021369228,1.653776313018629,1.0872829315646773,1.0,6.123233995736766e-17,0.8714615378994024
2026-04,493.1666666666667,6.200847183172154,1.080580455149942,235.39999999999998,1.1373381516459582,2.482952491820996,2.449255662073163,1.2127957853421818,0.8660254037844387,-0.49999999999999983,0.8472182777969337
2026-05,318.258064516129,5.762862577308537,-0.05865742351305414,241.79999999999998,-0.014387105910866328,1.3449547937209743,1.9021029010644757,0.9290751175701795,0.49999999999999994,-0.8660254037844387,1.080580455149942
2026-06,121.46666666666667,4.799639876717694,-0.8708998291649861,152.7,-1.2722811426776113,-0.10749736757017687,1.3284338270041158,0.7764886193506741,1.2246467991473532e-16,-1.0,-0.05865742351305414
2026-07,119.81724137931033,4.785967593350437,-0.7961184690170438,176.1,-0.5272155056805988,-1.1372055106451049,1.0274515523557812,0.6812537156085198,-0.4999999999999998,-0.8660254037844388,-0.8708998291649861
2026-08,144.46315789473684,4.973024512377799,-0.9673183277593012,,,,,,-0.8660254037844384,-0.5000000000000004,-0.7961184690170438
