,discharge_cfs_mean,log_q,log_q_anomaly,precip_mm_sum,spi_1,spi_3,spi_6,spi_12,month_sin,month_cos,log_q_anomaly_lag1
1967-07,109.05,4.691806492647638,-0.8158467198065456,138.0,-1.0759805234031314,-0.5618737086341413,-1.24368389424292,-1.4270588391982664,-0.4999999999999998,-0.8660254037844388,
1967-08,249.29032258064515,5.518618171407208,-0.26388401437322173,248.9,-0.1700336003828691,-0.05780175976511477,-1.4679461422420432,-1.255108048646505,-0.8660254037844384,-0.5000000000000004,-0.8158467198065456
1967-09,245.2,5.5020742040620565,-0.700572070613827,137.0,-1.5064797882283174,-1.6877020426231368,-1.9063104389647774,-1.5782979958648062,-1.0,-1.8369701987210297e-16,-0.26388401437322173
1967-10,231.19354838709677,5.443255231508773,-0.7746681760968563,257.8,0.6296127255127445,-0.6116383623901591,-0.9177871642604422,-1.9304091271784884,-0.8660254037844386,0.5000000000000001,-0.700572070613827
1967-11,185.63333333333333,5.223773401927513,-0.45758373876431957,159.6,0.48872742535473074,-0.22399448175180878,-0.27869429387565614,-1.3808796978610394,-0.5000000000000004,0.8660254037844384,-0.7746681760968563
1967-12,88.35483870967742,4.481360964777932,-0.3794754944484664,5.3,-2.2137949631303484,0.1990452859372047,-1.1332310530223828,-1.5855189006335626,-2.4492935982947064e-16,1.0,-0.45758373876431957
1968-01,62.774193548387096,4.139544058260804,-0.23618381436957758,38.0,-0.2509434648315937,-0.4349477996772409,-0.7673474861828045,-1.453859735058097,0.49999999999999994,0.8660254037844387,-0.3794754944484664
1968-02,53.689655172413794,3.9832203418475243,-0.1782994909826976,19.5,-0.8429992296518222,-1.7782340984546252,-0.9482085499078088,-1.7676749220372787,0.8660254037844386,0.5000000000000001,-0.23618381436957758
1968-03,39.064516129032256,3.665214539067946,-0.4577127857210086,4.8,-2.1139395211077776,-1.8066926221178028,-0.7160817782069205,-1.7656688297476513,1.0,6.123233995736766e-17,-0.1782994909826976
1968-04,38.8,3.6584202466292277,-1.0390224077169057,25.200000000000003,-1.6803015368050542,-2.8838625760417056,-2.069545298269747,-1.6949063919497454,0.8660254037844387,-0.49999999999999983,-0.4577127857210086
1968-05,318.83870967741933,5.7646853626233545,-0.08986730266894494,491.8,2.02061864873615,0.45947777839345944,-0.2992789040319373,-0.43263375799172205,0.49999999999999994,-0.8660254037844387,-1.0390224077169057
1968-06,543.0,6.297109319933935,0.49303024175144117,360.2,1.0352021706510544,1.48651005734849,0.585059067096387,-0.4718680500491856,1.2246467991473532e-16,-1.0,-0.08986730266894494
1968-07,282.61290322580646,5.644078128181218,0.13642491572703452,153.2,-0.8458593113401135,1.4724324870611398,0.20459825040163046,-0.418954171676451,-0.4999999999999998,-0.8660254037844388,0.49303024175144117
1968-08,623.8387096774194,6.435891856877152,0.6533896710967229,350.0,0.9074039473048021,0.6378755675611018,0.7435277448342223,-0.03614638524505615,-0.8660254037844384,-0.5000000000000004,0.13642491572703452
1968-09,553.7333333333333,6.316683223088488,0.11403694841260492,246.6,0.05563212937000474,0.01274167513652677,1.0139291330736948,0.4094867415373601,-1.0,-1.8369701987210297e-16,0.6533896710967229
1968-10,300.5806451612903,5.705716087891596,-0.5122073197140331,138.2,-0.8868622967311748,0.030678556824150553,1.1570260866043696,-0.0756692123009596,-0.8660254037844386,0.5000000000000001,0.11403694841260492
1968-11,727.2333333333333,6.589247379729869,0.9078902390380366,287.1,1.732819074199338,0.5877143904151353,0.8075085972560351,0.4358872085291435,-0.5000000000000004,0.8660254037844384,-0.5122073197140331
1968-12,401.48387096774195,5.995167360644017,1.134330901417619,63.199999999999996,0.26793428362609867,0.690713141234284,0.40511075219086906,0.6328560137722538,-2.4492935982947064e-16,1.0,0.9078902390380366
1969-01,126.54838709677419,4.840624741724406,0.4648968690940247,35.5,-0.33464773247720303,1.4364463869037996,0.7728322858325664,0.6266757259876938,0.49999999999999994,0.8660254037844387,1.134330901417619
1969-02,76.5,4.33729074083249,0.17577090800226802,48.8,0.03364936098938653,-0.23062259131817434,0.35049626720024946,0.7101018957351464,0.8660254037844386,0.5000000000000001,0.4648968690940247
1969-03,57.03225806451613,4.043617038712442,-0.07931028607651225,71.5,0.18434168695940242,-0.24565653678857982,0.3872662788383736,0.9077210480248028,1.0,6.123233995736766e-17,0.17577090800226802
1969-04,194.0,5.267858159063328,0.5704155047171948,68.9,-0.6406010320603889,-0.6212728151432689,0.45044316063084683,1.0419101985523773,0.8660254037844387,-0.49999999999999983,-0.07931028607651225
1969-05,476.3225806451613,6.166095315133965,0.31154264984166513,291.1,0.470113522876964,-0.15572263717222107,-0.3358667968290464,0.3762557976556982,0.49999999999999994,-0.8660254037844387,0.5704155047171948
1969-06,235.5,5.461710913456472,-0.3423681647260217,277.5,0.26356912667936355,-0.05282699504985253,-0.28252906053652793,0.07962738615640978,1.2246467991473532e-16,-1.0,0.31154264984166513
1969-07,375.2903225806452,5.92769991998556,0.42004670753137674,329.1,1.0963617611478569,0.9106383011015262,0.3723253465898771,0.7277087120592102,-0.4999999999999998,-0.8660254037844388,-0.3423681647260217
1969-08,128.38709677419354,4.855049893793337,-0.927452291987092,175.0,-1.1638687525641525,0.16839169674069202,-0.06217261546287622,0.0790962884396448,-0.8660254037844384,-0.5000000000000004,0.42004670753137674
1969-09,317.3666666666667,5.760057782623536,-0.44258849205234707,152.5,-1.242556381531362,-0.6399264988341412,-0.5399920539042093,-0.2916465583768103,-1.0,-1.8369701987210297e-16,-0.927452291987092
1969-10,770.7741935483871,6.647395455892023,0.42947204828639407,280.3,0.858232384408749,-0.8815932617174789,0.11123992378051643,0.27485697012496146,-0.8660254037844386,0.5000000000000001,-0.44258849205234707
1969-11,575.5333333333333,6.355297147133313,0.6739400064414802,189.8,0.8292517995890782,0.25965396417389025,0.2211631369177992,-0.09549429989753308,-0.5000000000000004,0.8660254037844384,0.42947204828639407
1969-12,128.67741935483872,4.85730864742026,-0.003527811806137926,44.9,-0.18512652463806897,0.8763775051571561,0.07674618914332615,-0.1591794227385391,-2.4492935982947064e-16,1.0,0.6739400064414802
1970-01,134.74193548387098,4.903361360012029,0.5276334873816477,116.4,1.4349866101117257,1.135430959770019,-0.10083066344064423,0.14866556830009817,0.49999999999999994,0.8660254037844387,-0.003527811806137926
1970-02,66.17857142857143,4.192356716110156,0.03083688327993439,15.5,-1.0187923383198938,0.1538904944529531,0.23233992382778654,0.022770291176674593,0.8660254037844386,0.5000000000000001,0.5276334873816477
1970-03,39.516129032258064,3.676708918493681,-0.44621840629527343,6.7,-1.9023178949689619,-0.4697339504367352,0.44574902743543526,-0.16909027550589378,1.0,6.123233995736766e-17,0.03083688327993439
1970-04,26.433333333333334,3.2746258399726926,-1.4228168143734408,27.2,-1.610423712241671,-2.886708380664498,-0.7377467439163566,-0.32696493633030244,0.8660254037844387,-0.49999999999999983,-0.44621840629527343
1970-05,175.1290322580645,5.165523029420305,-0.6890296358719947,221.1,-0.23761888604472595,-1.6746290324956665,-1.3982451233324364,-0.6054667910669639,0.49999999999999994,-0.8660254037844387,-1.4228168143734408
1970-06,338.2,5.82363743646448,0.019558358281986266,192.4,-0.7124125514501997,-1.6418995373309428,-1.773026742310341,-1.0105185180797294,1.2246467991473532e-16,-1.0,-0.6890296358719947
1970-07,96.61290322580645,4.5707123060644035,-0.93694090638978,243.0,0.2662774254002684,-0.535761546461016,-1.8833993206002946,-1.3925367608637265,-0.4999999999999998,-0.8660254037844388,0.019558358281986266
1970-08,119.41935483870968,4.782641288648296,-0.999860897132133,224.4,-0.4740727276738848,-0.5957191090213089,-1.6634129352308753,-1.2033042312841484,-0.8660254037844384,-0.5000000000000004,-0.93694090638978
1970-09,468.43333333333334,6.149393793438589,-0.05325248123729409,378.0,1.3962758354719527,0.6281335858419852,-0.5804615056640283,-0.2862434310765926,-1.0,-1.8369701987210297e-16,-0.999860897132133
1970-10,515.8064516129032,6.245731601342854,0.027808193737224762,126.19999999999999,-1.0837037699651542,-0.011286307531300109,-0.4683133103344964,-0.9412901319784053,-0.8660254037844386,0.5000000000000001,-0.05325248123729409
1970-11,468.26666666666665,6.149037934212743,0.46768079352090997,114.3,-0.11344313892000277,0.2316056440337021,-0.37728862204057106,-1.2354595041982732,-0.5000000000000004,0.8660254037844384,0.027808193737224762
1970-12,194.19354838709677,5.26885533381772,0.40801887459132224,85.6,0.7154806591642361,-0.625533627018144,0.0762446632221702,-1.0158568422526748,-2.4492935982947064e-16,1.0,0.46768079352090997
1971-01,151.1290322580645,5.018133990187376,0.6424061175569946,45.6,-0.017720349791699702,0.07841020678094736,-0.01471148407762734,-1.3214405872477517,0.49999999999999994,0.8660254037844387,0.40801887459132224
1971-02,142.10714285714286,4.956581300251725,0.7950614674215029,63.7,0.34691065865996557,0.3704825201626708,0.31525238215617246,-1.0800138689279977,0.8660254037844386,0.5000000000000001,0.6424061175569946
1971-03,104.45161290322581,4.6487239297524345,0.5257966049634799,84.1,0.38610188460976286,0.19142948306753974,-0.45847921616187665,-0.6798854977670727,1.0,6.123233995736766e-17,0.7950614674215029
1971-04,359.7,5.885270350701578,1.1878276963554448,133.4,0.2255435039478171,0.23812221828098354,0.1490019892922917,-0.30624668992431536,0.8660254037844387,-0.49999999999999983,0.5257966049634799
1971-05,645.1935483870968,6.469550346801023,0.6149976815087239,284.6,0.4095204091447849,0.3316956957991325,0.3901119546014952,-0.10251641897053276,0.49999999999999994,-0.8660254037844387,1.1878276963554448
1971-06,485.9,6.186002841411857,0.38192376322936283,183.4,-0.8317901933685442,-0.31653606234717957,-0.2731067715274138,-0.1645018023385596,1.2246467991473532e-16,-1.0,0.6149976815087239
1971-07,697.7096774193549,6.547803081308156,1.0401498688539723,317.0,0.989053963616606,0.27193504501972626,0.2648864646387432,0.11575132406390205,-0.4999999999999998,-0.8660254037844388,0.38192376322936283
1971-08,453.7096774193548,6.117457516438811,0.33495533065838146,285.8,0.25204782740586623,0.1956363416403146,0.2986510344801595,0.33979445202167385,-0.8660254037844384,-0.5000000000000004,1.0401498688539723
1971-09,472.73333333333335,6.158531452201786,-0.04411482247409726,69.8,-2.9924384566918283,-0.5236418458267512,-0.641994263912407,-0.9097779564878297,-1.0,-1.8369701987210297e-16,0.33495533065838146
1971-10,708.0967741935484,6.562580771066994,0.3446573634613648,327.9,1.305222569505544,-0.3239762091690435,-0.06345761393960138,-0.06437143345944099,-0.8660254037844386,0.5000000000000001,-0.04411482247409726
1971-11,293.3,5.681195975983405,-0.0001611647084276413,75.0,-0.786769165846899,-0.8592474630845811,-0.4729665207215837,-0.20451910168841128,-0.5000000000000004,0.8660254037844384,0.3446573634613648
1971-12,107.6774193548387,4.679139899736634,-0.18169655948976438,36.8,-0.42710625935677343,0.3306671664523838,-0.22582015401832747,-0.3840184752983983,-2.4492935982947064e-16,1.0,-0.0001611647084276413
1972-01,85.09677419354838,4.443789128792114,0.06806125616173198,56.8,0.28201054973154344,-0.9045059289960666,-0.7333616917918906,-0.3420768490344597,0.49999999999999994,0.8660254037844387,-0.18169655948976438
1972-02,87.55172413793103,4.472229751718205,0.3107099188879827,64.8,0.3680739148005962,-0.08204029540306972,-0.850434385100515,-0.3261466082378187,0.8660254037844386,0.5000000000000001,0.06806125616173198
1972-03,110.83870967741936,4.7080760786189995,0.5851487538300448,115.7,0.8166106898306041,0.6350750069924832,0.5905042768165976,-0.15752931372418308,1.0,6.123233995736766e-17,0.3107099188879827
1972-04,60.766666666666666,4.107041393016508,-0.5904012613296254,44.4,-1.1291416196316155,-0.2599080032424849,-0.7921821124317208,-0.4855308043647765,0.8660254037844387,-0.49999999999999983,0.5851487538300448
1972-05,231.19354838709677,5.443255231508773,-0.4112974337835267,148.8,-1.152354736833696,-1.1495959205206834,-1.1217693939105393,-1.020291176837537,0.49999999999999994,-0.8660254037844387,-0.5904012613296254
1972-06,582.1666666666666,6.366756775578777,0.5626776973962828,263.8,0.12156068870084068,-1.4937334173283792,-0.9329135314572937,-0.785327879866126,1.2246467991473532e-16,-1.0,-0.4112974337835267
1972-07,283.741935483871,5.648065147189506,0.14041193473532232,295.5,0.7916194884426572,-0.19970883275913157,-0.4620908299423709,-0.8864323046587601,-0.4999999999999998,-0.8660254037844388,0.5626776973962828
1972-08,312.4516129032258,5.744449618478028,-0.03805256730240103,266.3,0.03386118761129247,0.42476517741405734,-0.45565447800514897,-0.9859574283098079,-0.8660254037844384,-0.5000000000000004,0.14041193473532232
1972-09,582.7333333333333,6.367729677478278,0.1650834028023942,320.1,0.8508311431951163,0.850905134964993,-0.3164116614818827,0.02632451410890401,-1.0,-1.8369701987210297e-16,-0.03805256730240103
1972-10,1085.9354838709678,6.990197091612235,0.7722736840066062,133.9,-0.9559813866872243,-0.06783997931541454,-0.25614279218603325,-0.7846476064782744,-0.8660254037844386,0.5000000000000001,0.1650834028023942
1972-11,284.1,5.649326288860142,-0.0320308518316903,79.9,-0.6911203571340597,-0.37711510222508277,0.01294984297893506,-0.734375419265089,-0.5000000000000004,0.8660254037844384,0.7722736840066062
1972-12,92.03225806451613,4.522139146728354,-0.33869731249804413,35.1,-0.4825123655540457,-1.4143415929098515,-0.13029467308240644,-0.7109679510463398,-2.4492935982947064e-16,1.0,-0.0320308518316903
1973-01,57.483870967741936,4.051504403545608,-0.3242234690847736,39.2,-0.21211223080956262,-1.1213486123437595,-0.5964555891592463,-0.7866007756946769,0.49999999999999994,0.8660254037844387,-0.33869731249804413
1973-02,52.964285714285715,3.969617831962728,-0.19190200086749387,34.0,-0.346656999179704,-0.8368767392797528,-0.773399394835246,-0.883676729448265,0.8660254037844386,0.5000000000000001,-0.3242234690847736
1973-03,77.51612903225806,4.3504860312513225,0.22755870646236787,,,,,,1.0,6.123233995736766e-17,-0.19190200086749387
1973-04,51.166666666666664,3.9350882783591423,-0.7623543759869911,72.2,-0.5848839620270193,,,,0.8660254037844387,-0.49999999999999983,0.22755870646236787
1973-05,96.6774193548387,4.571379862831517,-1.2831728024607827,277.8,0.3451435990592216,,,,0.49999999999999994,-0.8660254037844387,-0.7623543759869911
1973-06,376.6333333333333,5.931272123547091,0.12719304536459664,300.5,0.49186360813564667,0.039687322638794036,,,1.2246467991473532e-16,-1.0,-1.2831728024607827
1973-07,376.2903225806452,5.930360979970384,0.42270776751620076,169.4,-0.617345856378552,0.04721266611265156,,,-0.4999999999999998,-0.8660254037844388,0.12719304536459664
1973-08,363.16129032258067,5.894847061538826,0.11234487575839669,322.8,0.6403105675513521,0.2339540205620366,,,-0.8660254037844384,-0.5000000000000004,0.42270776751620076
1973-09,583.0,6.368187186350492,0.16554091167460872,234.7,-0.08743181927866807,-0.142344998668034,-0.12824264675287844,,-1.0,-1.8369701987210297e-16,0.11234487575839669
1973-10,735.483870967742,6.600528610457386,0.3826052028517566,126.5,-1.0786275214180787,-0.32043490836607585,-0.2401503588863858,,-0.8660254037844386,0.5000000000000001,0.16554091167460872
1973-11,292.7,5.6791481936978405,-0.0022089469939921003,46.3,-1.4607623314004112,-1.4221811639451236,-0.7686407604411342,,-0.5000000000000004,0.8660254037844384,0.3826052028517566
1973-12,118.2258064516129,4.7725964098356055,-0.08824004939079266,35.6,-0.4660248920733988,-1.8984011614651273,-1.1989071751324787,,-2.4492935982947064e-16,1.0,-0.0022089469939921003
1974-01,57.70967741935484,4.0554248790235725,-0.32030299360680914,11.0,-1.5478006304782974,-2.248549644456994,-1.211597467196277,,0.49999999999999994,0.8660254037844387,-0.08824004939079266
1974-02,52.607142857142854,3.962851906287426,-0.19866792654279575,42.0,-0.13019150265022666,-1.201156437676892,-1.8713809888537143,,0.8660254037844386,0.5000000000000001,-0.32030299360680914
1974-03,58.483870967741936,4.0687510062697045,-0.05417631851925009,68.69999999999999,0.13631777696552916,-0.7093289205080612,-2.059593525926652,-1.048505901580885,1.0,6.123233995736766e-17,-0.19866792654279575
1974-04,45.166666666666664,3.8103593516516456,-0.8870833026944878,97.1,-0.21319751427586617,-0.4276977766209675,-1.5863664474222805,-0.967724165824908,0.8660254037844387,-0.49999999999999983,-0.05417631851925009
1974-05,204.90322580645162,5.322537798441825,-0.5320148668504743,157.3,-1.0307264471451503,-1.0220023277921801,-1.5617907355976544,-1.471512828242369,0.49999999999999994,-0.8660254037844387,-0.8870833026944878
1974-06,82.7,4.415219602029645,-1.3888594761528488,303.4,0.5198187106135916,-0.6496183334179705,-1.0354327696434593,-1.5819052596823284,1.2246467991473532e-16,-1.0,-0.5320148668504743
1974-07,196.5483870967742,5.280908645763348,-0.22674456669083565,85.7,-2.0392668504962423,-1.3176854619447684,-1.5574982177547585,-1.985000709667351,-0.4999999999999998,-0.8660254037844388,-1.3888594761528488
1974-08,254.70967741935485,5.540124376628171,-0.24237780915225837,570.4,2.693279307562766,1.1533234416385585,0.27180023556165667,-0.9312478846032727,-0.8660254037844384,-0.5000000000000004,-0.22674456669083565
1974-09,463.6666666666667,6.139165903255333,-0.06348037142055052,399.09999999999997,1.5815382288770727,1.8333636135942968,0.9530659263871244,-0.27212361764420945,-1.0,-1.8369701987210297e-16,-0.24237780915225837
1974-10,510.19354838709677,6.234790160365306,0.016866752759677084,160.6,-0.5489466624789306,2.330151925835668,0.8835411574516764,-0.13718569752779708,-0.8660254037844386,0.5000000000000001,-0.06348037142055052
1974-11,233.46666666666667,5.453039311743587,-0.2283178289482457,,,,,,-0.5000000000000004,0.8660254037844384,0.016866752759677084
1974-12,161.41935483870967,5.084005667101655,0.22316920787525696,56.9,0.12338584394223741,,,,-2.4492935982947064e-16,1.0,-0.2283178289482457
1975-01,70.96774193548387,4.262225434861261,-0.11350243776912095,80.1,0.7979109766392688,,,,0.49999999999999994,0.8660254037844387,0.22316920787525696
1975-02,56.035714285714285,4.025989242557829,-0.1355305902723929,50.599999999999994,0.07451492047076295,0.28480515619124475,,,0.8660254037844386,0.5000000000000001,-0.11350243776912095
1975-03,51.064516129032256,3.933089855395866,-0.18983746939308865,34.8,-0.5956857428457294,-0.12663531701191472,,,1.0,6.123233995736766e-17,-0.1355305902723929
1975-04,27.133333333333333,3.300762984340385,-1.3966796700057484,23.900000000000002,-1.7280254292808288,-1.6497350830963144,,,0.8660254037844387,-0.49999999999999983,-0.18983746939308865
1975-05,180.83870967741936,5.197605527239587,-0.6569471380527121,182.0,-0.7013364318373789,-1.8268013130041898,-1.4263395198436384,,0.49999999999999994,-0.8660254037844387,-1.3966796700057484
1975-06,199.46666666666667,5.295647137992158,-0.5084319401903361,221.6,-0.34957217493707293,-1.7646787614369752,-1.6672658563126388,,1.2246467991473532e-16,-1.0,-0.6569471380527121
1975-07,215.41935483870967,5.372586616018453,-0.13506659643573027,276.1,0.6052484265489877,-0.38254903902787324,-1.33144318451438,,-0.4999999999999998,-0.8660254037844388,-0.5084319401903361
1975-08,328.96774193548384,5.7959596971299545,0.01345751134952522,355.1,0.9559571671192667,0.5787473134787561,-0.6682038622807441,,-0.8660254037844384,-0.5000000000000004,-0.13506659643573027
1975-09,892.8333333333334,6.794399926652906,0.5917536519770223,556.0,2.795270775781985,2.5132678672849673,0.9604749882082154,,-1.0,-1.8369701987210297e-16,0.01345751134952522
1975-10,282.2903225806452,5.6429360540506845,-0.5749873535549446,235.9,0.3941412792589055,2.4157727591359146,1.5200238852013777,,-0.8660254037844386,0.5000000000000001,0.5917536519770223
1975-11,459.1,6.129268051255177,0.4479109105633441,190.5,0.836710864355308,2.3584151899638868,2.0345567487885994,0.9701245936370453,-0.5000000000000004,0.8660254037844384,-0.5749873535549446
1975-12,235.4516129032258,5.461505426966486,0.6006689677400878,78.19999999999999,0.5771915369825596,0.8042770246903507,2.3764003574714967,1.011607667337334,-2.4492935982947064e-16,1.0,0.4479109105633441
1976-01,83.64516129032258,4.426583581053518,0.05085570842313647,9.4,-1.6843423384060563,0.4322200172113757,2.215169211392591,0.7662055880020935,0.49999999999999994,0.8660254037844387,0.6006689677400878
1976-02,61.758620689655174,4.123233572074238,-0.03828626075598418,123.19999999999999,1.2659058241628376,0.5500122136282073,2.2766414666423493,0.9917521590058532,0.8660254037844386,0.5000000000000001,0.05085570842313647
1976-03,43.61290322580645,3.775353052117763,-0.3475742726711917,75.0,0.2426249367483534,0.3416199299689173,0.8021664744277913,1.0822999757195368,1.0,6.123233995736766e-17,-0.03828626075598418
1976-04,127.46666666666667,4.847854892509137,0.1504122381630033,70.4,-0.6150468429449676,0.13291112275100453,0.27595987462867216,1.2239304210226303,0.8660254037844387,-0.49999999999999983,-0.3475742726711917
1976-05,368.7096774193548,5.91000955230371,0.055456887011410494,178.2,-0.7499167033225327,-1.0175806059063477,-0.636146474366238,1.203852083013756,0.49999999999999994,-0.8660254037844387,0.1504122381630033
1976-06,664.7666666666667,6.4994361018910665,0.6953570237085724,276.7,0.2554064891331978,-0.9095298356386803,-0.6723209462026308,1.4490000651528283,1.2246467991473532e-16,-1.0,0.055456887011410494
1976-07,429.7096774193548,6.063109811866316,0.5554565994121328,266.90000000000003,0.513853098297118,-0.11326276682820581,-0.14082592893798906,1.4475994039368671,-0.4999999999999998,-0.8660254037844388,0.6953570237085724
1976-08,225.0,5.41610040220442,-0.36640178357600917,192.3,-0.908668177517282,-0.10827181427217658,-0.8485735719148283,0.8894876746265371,-0.8660254037844384,-0.5000000000000004,0.5554565994121328
1976-09,367.6,5.906995390481532,-0.2956508841943517,234.7,-0.08743181927866807,-0.3716928406970778,-0.9257081618813096,-0.32078207064628994,-1.0,-1.8369701987210297e-16,-0.36640178357600917
1976-10,430.0,6.063785208687608,-0.15413819891802127,220.4,0.21860440990555774,-0.5843992689994563,-0.5473393277553901,-0.38853384450752404,-0.8660254037844386,0.5000000000000001,-0.2956508841943517
1976-11,370.3,5.914313487919567,0.23295634722773428,65.4,-0.987716179898001,-0.4793536145585877,-0.4853679520372155,-0.8865910415819765,-0.5000000000000004,0.8660254037844384,-0.15413819891802127
1976-12,92.41935483870968,4.526336424663694,-0.33450003456270405,67.6,0.3632694108942945,-0.3774588672130218,-0.5701470825499134,-0.8941915522618229,-2.4492935982947064e-16,1.0,0.23295634722773428
1977-01,76.09677419354838,4.332005874922529,-0.0437219977078529,113.8,1.3939490655338211,0.09309925275835779,-0.4779905706685088,-0.47541410517155147,0.49999999999999994,0.8660254037844387,-0.33450003456270405
1977-02,46.82142857142857,3.8463409735884957,-0.3151788592417262,10.899999999999999,-1.2559284436751827,0.34021495371178595,-0.30335076917716824,-0.9013385602527149,0.8660254037844386,0.5000000000000001,-0.0437219977078529
1977-03,32.67741935483871,3.486684299763537,-0.6362430250254176,26.2,-0.8606480570875061,-0.30769908006789876,-0.5705015986403328,-0.9874262656116404,1.0,6.123233995736766e-17,-0.3151788592417262
1977-04,54.4,3.996364153861897,-0.7010785004842366,90.8,-0.30032410350855454,-1.3719710963554586,-0.9417310027467279,-0.9239737360084498,0.8660254037844387,-0.49999999999999983,-0.6362430250254176
1977-05,139.3548387096774,4.9370234767530095,-0.91752918853929,202.6,-0.4494033735996668,-1.053086961878431,-0.7941063785845545,-0.859191941098869,0.49999999999999994,-0.8660254037844387,-0.7010785004842366
1977-06,138.03333333333333,4.927495201883412,-0.8765838762990823,178.2,-0.9026088554681703,-1.3640727053035109,-1.4451010841629714,-1.3472144031807047,1.2246467991473532e-16,-1.0,-0.91752918853929
1977-07,166.48387096774192,5.114898433663581,-0.3927547787906027,303.1,0.8624478904581127,-0.35519007815579584,-1.1870014375162543,-1.2165047100067563,-0.4999999999999998,-0.8660254037844388,-0.8765838762990823
1977-08,155.19354838709677,5.044673037214308,-0.7378291485661217,263.2,-0.0017975835739184422,-0.055349337463163284,-0.8239443067913677,-0.9387490959431342,-0.8660254037844384,-0.5000000000000004,-0.3927547787906027
1977-09,437.06666666666666,6.08008573876151,-0.12256053591437333,238.2,-0.04485963459007833,0.37082185812056273,-0.6312869307112637,-0.967293779917653,-1.0,-1.8369701987210297e-16,-0.7378291485661217
1977-10,536.3870967741935,6.284856095887382,0.06693268828175292,256.0,0.6107671953402113,0.1816783814912139,-0.19376666666618106,-0.8099635782437921,-0.8660254037844386,0.5000000000000001,-0.12256053591437333
1977-11,669.0333333333333,6.505833884497338,0.824476743805505,248.89999999999998,1.4055841817191526,1.0345767215763895,0.5981549029962834,-0.030876011286349377,-0.5000000000000004,0.8660254037844384,0.06693268828175292
1977-12,101.7741935483871,4.622756570490167,-0.2380798887362312,59.099999999999994,0.17502878819524886,1.2038679922738686,1.013776534835075,-0.05909963434956888,-2.4492935982947064e-16,1.0,0.824476743805505
1978-01,57.516129032258064,4.052065413377994,-0.3236624592523878,71.4,0.6184945214386554,1.3822808632753323,0.8556378694472067,-0.22352456490371292,0.49999999999999994,0.8660254037844387,-0.2380798887362312
1978-02,122.03571428571429,4.804313741940088,0.6427939091098658,124.80000000000001,1.2862327222281065,1.0094428667329265,1.3317819286995962,0.20572757816137083,0.8660254037844386,0.5000000000000001,-0.3236624592523878
1978-03,75.61290322580645,4.325626946211757,0.20269962142280207,52.599999999999994,-0.16937954822317228,0.7422103292543405,1.3715959616482218,0.3143494770419341,1.0,6.123233995736766e-17,0.6427939091098658
1978-04,275.8,5.619675965359201,0.922233311013068,175.7,0.6452392088856839,0.7855737277658024,1.3306466455669606,0.5889384128901668,0.8660254037844387,-0.49999999999999983,0.20269962142280207
1978-05,494.7741935483871,6.204101483839659,0.3495488185473592,233.7,-0.10014786584637796,0.06092384754694601,0.5065593677053626,0.6771538833421769,0.49999999999999994,-0.8660254037844387,0.922233311013068
1978-06,621.0666666666667,6.4314384299020215,0.6273593517195275,366.0,1.0847588803408637,0.8716326854184134,1.047257727716118,1.3432658971198217,1.2246467991473532e-16,-1.0,0.3495488185473592
1978-07,237.6451612903226,5.470778642197668,-0.03687457025651586,217.20000000000002,-0.01987126650670548,0.45855959634042615,0.7904872898217195,1.0767232336784378,-0.4999999999999998,-0.8660254037844388,0.6273593517195275
1978-08,451.83870967741933,6.113325279153901,0.33082309337347127,337.09999999999997,0.782493388136667,0.9473584664671986,0.730517746707178,1.3366763448181918,-0.8660254037844384,-0.5000000000000004,-0.03687457025651586
1978-09,1350.3666666666666,7.208131439492803,1.0054851648169194,265.1,0.26916027483038857,0.46554321038692587,0.8734206853589459,1.5201285404996363,-1.0,-1.8369701987210297e-16,0.33082309337347127
1978-10,578.0,6.359573868672378,0.1416504610667486,129.2,-1.0333142164462452,0.007694959279714046,0.30979086069566797,1.0366248687924626,-0.8660254037844386,0.5000000000000001,1.0054851648169194
1978-11,107.93333333333334,4.681513752575425,-0.9998433881164077,73.6,-0.8148991185154411,-0.8988127352613717,0.1471490892344349,0.38100572963951856,-0.5000000000000004,0.8660254037844384,0.1416504610667486
1978-12,73.54838709677419,4.29794351746334,-0.5628929417630584,75.4,0.5226377727552268,-1.0974279680756927,-0.3024852470363931,0.42970208726158887,-2.4492935982947064e-16,1.0,-0.9998433881164077
1979-01,51.193548387096776,3.9356135160412626,-0.440114356589119,39.5,-0.2025326140947229,-0.6249115689483473,-0.32605309380571457,0.31364783163407595,0.49999999999999994,0.8660254037844387,-0.5628929417630584
1979-02,38.214285714285715,3.643209417280748,-0.518310415549474,24.1,-0.6659143884306883,-0.35173677396251746,-1.0216290107414292,-0.063523835115822,0.8660254037844386,0.5000000000000001,-0.440114356589119
1979-03,30.419354838709676,3.4150790781483114,-0.7078482466406433,111.0,0.7578982332401614,-0.019186519771135335,-0.9679844360721066,0.1752601517504267,1.0,6.123233995736766e-17,-0.518310415549474
1979-04,51.86666666666667,3.9486763230761817,-0.7487663312699517,109.30000000000001,-0.05492462343149125,-0.07880283695915231,-0.49388803315680013,-0.061541558309607586,0.8660254037844387,-0.49999999999999983,-0.7078482466406433
1979-05,607.3548387096774,6.409113198035887,0.5545605327435874,,,,,,0.49999999999999994,-0.8660254037844387,-0.7487663312699517
1979-06,665.5,6.500538637835167,0.6964595596526726,284.8,0.3373417497384165,,,,1.2246467991473532e-16,-1.0,0.5545605327435874
1979-07,846.7741935483871,6.741434063534624,1.2337808510804402,223.7,0.0542719289057389,,,,-0.4999999999999998,-0.8660254037844388,0.6964595596526726
1979-08,831.483870967742,6.723211900931609,0.9407097151511801,224.0,-0.4792187134830141,-0.12930874463285158,,,-0.8660254037844384,-0.5000000000000004,1.2337808510804402
1979-09,657.3,6.4881405352695305,0.285494260593647,278.4,0.4166233972432508,-0.14782154569716693,,,-1.0,-1.8369701987210297e-16,0.9407097151511801
1979-10,848.4193548387096,6.743375035771549,0.5254516281659196,400.6,1.9136144672738602,1.089258974148873,,,-0.8660254037844386,0.5000000000000001,0.285494260593647
1979-11,328.1333333333333,5.793420029848791,0.11206288915695861,120.8,-0.018212211724206468,1.3707520670222635,0.7944694092827579,,-0.5000000000000004,0.8660254037844384,0.5254516281659196
1979-12,135.06451612903226,4.905752561533997,0.04491610230759857,47.0,-0.12738735001491944,1.2323549001399552,0.672786537439354,,-2.4492935982947064e-16,1.0,0.11206288915695861
1980-01,69.16129032258064,4.236441317705546,-0.13928655492483522,1.8,-2.8797032916781244,-0.8899300191063102,0.5227443864306756,,0.49999999999999994,0.8660254037844387,0.04491610230759857
1980-02,50.13793103448276,3.9147778281069905,-0.24674200472323138,51.300000000000004,0.09015318371220225,-0.9823491918657086,0.8076520975131236,,0.8660254037844386,0.5000000000000001,-0.13928655492483522
1980-03,40.29032258064516,3.6961113056404313,-0.4268160191485233,85.1,0.4012271979742478,-0.47516563643783255,0.7689607010841435,,1.0,6.123233995736766e-17,-0.24674200472323138
1980-04,186.3,5.227358277607543,0.5299156232614095,197.8,0.8384121212445582,0.6493617538704048,-0.0003723345762503042,,0.8660254037844387,-0.49999999999999983,-0.4268160191485233
1980-05,1236.2903225806451,7.119870499254868,1.2653178339625688,419.9,1.522395723550909,1.5075649493307,0.9750130926167855,1.0958865398815432,0.49999999999999994,-0.8660254037844387,0.5299156232614095
1980-06,445.1666666666667,6.098448743881906,0.2943696656994117,279.5,0.2839075976774282,1.6017582423959,1.1064681019218177,1.1330276147193445,1.2246467991473532e-16,-1.0,1.2653178339625688
1980-07,199.32258064516128,5.294924520575833,-0.21272869187835042,212.7,-0.07207659511479463,0.9883604717891513,1.1575051443505922,1.1185691903155086,-0.4999999999999998,-0.8660254037844388,0.2943696656994117
1980-08,287.8709677419355,5.662512351067277,-0.11998983471315228,193.1,-0.8972562646900459,-0.4283588502442828,0.7565197668562178,1.014452447862899,-0.8660254037844384,-0.5000000000000004,-0.21272869187835042
1980-09,551.1,6.311916280889189,0.10927000621330585,210.9,-0.38889147796731965,-0.9384977295251512,0.5119327887764538,0.8284181353176994,-1.0,-1.8369701987210297e-16,-0.11998983471315228
1980-10,628.3548387096774,6.44310503669145,0.22518162908582084,354.2,1.5344129140035692,0.18696818045076222,0.8564748595157409,0.6366125859448277,-0.8660254037844386,0.5000000000000001,0.10927000621330585
1980-11,232.63333333333333,5.449463537354997,-0.23189360333683595,90.8,-0.4921505185389038,0.4830447244749948,-0.07360896221693941,0.5275638035071589,-0.5000000000000004,0.8660254037844384,0.22518162908582084
1980-12,94.09677419354838,4.544323765382575,-0.31651269384382275,35.0,-0.48582959829518746,0.6297631604715822,-0.3072013185086897,0.4673325633322936,-2.4492935982947064e-16,1.0,-0.23189360333683595
1981-01,90.35483870967742,4.503744570774963,0.12801669814458094,132.2,1.6728460849286217,0.21756436118221645,0.21923024930882382,0.9380094234711507,0.49999999999999994,0.8660254037844387,-0.31651269384382275
1981-02,243.14285714285714,5.493649160078006,1.3321293272477845,85.1,0.7231438698047465,0.9801885788336031,0.8532288737554514,1.024247078211284,0.8660254037844386,0.5000000000000001,0.12801669814458094
1981-03,318.83870967741933,5.7646853626233545,1.6417580378343999,10.6,-1.5872552661704835,0.544950340516949,0.7766845571123078,0.7499066177297966,1.0,6.123233995736766e-17,1.3321293272477845
1981-04,180.23333333333332,5.194252307719849,0.49680965337371585,24.1,-1.7205560332136227,-1.4891266766069882,-0.9167233076935173,0.16898906364072663,0.8660254037844387,-0.49999999999999983,1.6417580378343999
1981-05,684.483870967742,6.5286650812189535,0.674112415926654,,,,,,0.49999999999999994,-0.8660254037844387,0.49680965337371585
1981-06,341.5,5.833347679010845,0.0292686008283507,130.7,-1.6276490260024223,,,,1.2246467991473532e-16,-1.0,0.674112415926654
1981-07,447.19354838709677,6.10299149505323,0.5953382825990463,120.8,-1.358780249711276,,,,-0.4999999999999998,-0.8660254037844388,0.0292686008283507
1981-08,329.7741935483871,5.798408158271868,0.015905972491438547,156.4,-1.4585515895620693,-2.552707970551382,,,-0.8660254037844384,-0.5000000000000004,0.5953382825990463
1981-09,208.53333333333333,5.3400989005629915,-0.862547374112892,240.1,-0.02192434146777193,-1.744346460457471,,,-1.0,-1.8369701987210297e-16,0.015905972491438547
1981-10,939.5806451612904,6.845433653553108,0.6275102459474793,,,,,,-0.8660254037844386,0.5000000000000001,-0.862547374112892
1981-11,798.7666666666667,6.683068871410413,1.00171173071858,214.6,1.0834035850123425,,,,-0.5000000000000004,0.8660254037844384,0.6275102459474793
1981-12,423.5806451612903,6.048743921373859,1.1879074621474608,104.39999999999999,1.035084746122456,,,,-2.4492935982947064e-16,1.0,1.00171173071858
1982-01,109.74193548387096,4.698131568470661,0.32240369584027917,,,,,,0.49999999999999994,0.8660254037844387,1.1879074621474608
1982-02,66.82142857142857,4.202023816098886,0.040503983268664,,,,,,0.8660254037844386,0.5000000000000001,0.32240369584027917
1982-03,54.064516129032256,3.990178076556882,-0.13274924823207268,,,,,,1.0,6.123233995736766e-17,0.040503983268664
1982-04,87.63333333333334,4.473161443067726,-0.2242812112784076,93.0,-0.26943893295366816,,,,0.8660254037844387,-0.49999999999999983,-0.13274924823207268
1982-05,553.483870967742,6.316232611647765,0.4616799463554653,199.7,-0.4837785882211265,,,,0.49999999999999994,-0.8660254037844387,-0.2242812112784076
1982-06,545.0666666666667,6.3009081113412755,0.49682903315878146,195.3,-0.6747633598404306,-1.2216657222942073,,,1.2246467991473532e-16,-1.0,0.4616799463554653
1982-07,711.7096774193549,6.567670071823225,1.0600168593690418,190.9,-0.3361001008933739,-1.025781468988759,,,-0.4999999999999998,-0.8660254037844388,0.49682903315878146
1982-08,280.2903225806452,5.635825932354059,-0.14667625342636992,256.9,-0.075140681188246,-0.7077027931200502,,,-0.8660254037844384,-0.5000000000000004,1.0600168593690418
1982-09,452.6333333333333,6.1150823790366395,-0.08756389563924394,234.9,-0.08498769954685448,-0.45119355556847596,-1.1840766688706688,,-1.0,-1.8369701987210297e-16,-0.14667625342636992
1982-10,254.51612903225808,5.5393642093547735,-0.6785591982508556,94.1,-1.6843702291305247,-1.05161775994341,-1.584418389838932,,-0.8660254037844386,0.5000000000000001,-0.08756389563924394
1982-11,394.6,5.977872593588515,0.29651545289668224,189.0,0.8207052864602205,-0.4986237507896699,-0.971037058762421,,-0.5000000000000004,0.8660254037844384,-0.6785591982508556
1982-12,150.7741935483871,5.015783310613657,0.15494685138725917,107.8,1.088841855565007,-0.056956400887012586,-0.42914572852232274,,-2.4492935982947064e-16,1.0,0.29651545289668224
1983-01,74.41935483870968,4.309716053688607,-0.06601181894177444,13.0,-1.3969408789478353,0.7508478804070766,-0.46904260217539506,,0.49999999999999994,0.8660254037844387,0.15494685138725917
1983-02,45.17857142857143,3.8106228909864166,-0.35089694184380527,0.0,-1.9563820246439585,-0.6291780145019557,-0.7968991997451245,,0.8660254037844386,0.5000000000000001,-0.06601181894177444
1983-03,30.838709677419356,3.428770708566255,-0.6941566162226995,14.5,-1.3533609626635006,-2.906259998362263,-1.2509958808452897,-1.5130012841979261,1.0,6.123233995736766e-17,-0.35089694184380527
1983-04,58.43333333333333,4.067886503259079,-0.629556151087054,237.4,1.1523547896904847,-0.011742119539126232,0.36916806162126525,-0.9635308792956492,0.8660254037844387,-0.49999999999999983,-0.6941566162226995
1983-05,441.9032258064516,6.091090911966243,0.23653824667394385,280.4,0.36988008107068837,0.5262853587874547,0.13036775980915813,-0.6864709690351953,0.49999999999999994,-0.8660254037844387,-0.629556151087054
1983-06,385.53333333333336,5.954627657056008,0.15054857887351414,193.89999999999998,-0.6928907155487378,0.4594219614059074,-0.6306757765611117,-0.7605524391945838,1.2246467991473532e-16,-1.0,0.23653824667394385
1983-07,91.7741935483871,4.519331142075285,-0.9883220703788984,116.39999999999999,-1.435626166834758,-0.9912337981460408,-0.9961930801338013,-1.0804991522702867,-0.4999999999999998,-0.8660254037844388,0.15054857887351414
1983-08,311.4516129032258,5.741243990377469,-0.041258195402960496,288.3,0.27929638648099253,-1.016052690482961,-0.47410848218461865,-0.9688052609550851,-0.8660254037844384,-0.5000000000000004,-0.9883220703788984
1983-09,362.6333333333333,5.893392222758927,-0.3092540519169562,189.3,-0.6831280980757033,-1.1142451685644694,-0.48160872336400545,-1.2177812654609896,-1.0,-1.8369701987210297e-16,-0.041258195402960496
1983-10,552.4516129032259,6.314365851100991,0.09644244349536191,234.5,0.37860609738531203,-0.12414154496472,-0.8841955942225289,-0.6034731312389681,-0.8660254037844386,0.5000000000000001,-0.3092540519169562
1983-11,236.46666666666667,5.465807253671412,-0.21554988702042088,83.8,-0.617879157466679,-0.5794681807220129,-1.263151206482377,-1.0214790485608365,-0.5000000000000004,0.8660254037844384,0.09644244349536191
1983-12,88.64516129032258,4.484641448857094,-0.3761950103693046,78.0,0.5733376882817591,-0.012528372297931505,-0.8841336928923459,-1.1048656969439379,-2.4492935982947064e-16,1.0,-0.21554988702042088
1984-01,67.38709677419355,4.210453557071419,-0.16527431555896221,36.8,-0.290630141637188,-0.4906852075047492,-0.38011175712284534,-1.0107446647960199,0.49999999999999994,0.8660254037844387,-0.3761950103693046
1984-02,52.62068965517241,3.963109381857928,-0.1984104509722937,203.20000000000002,2.1338195927709753,1.5760489895885428,0.3867355343687666,-0.18577749371574645,0.8660254037844386,0.5000000000000001,-0.16527431555896221
1984-03,44.806451612903224,3.8023521382691974,-0.32057518651975725,68.80000000000001,0.13805542142960084,1.2545650887237219,0.7600369417957222,0.049743761183833876,1.0,6.123233995736766e-17,-0.1984104509722937
1984-04,47.766666666666666,3.8663280461660166,-0.8311146081801168,15.2,-2.113249451544191,0.28712236096423766,-0.121002028063048,-0.7557422377419784,0.8660254037844387,-0.49999999999999983,-0.32057518651975725
1984-05,227.38709677419354,5.426653837288729,-0.4278988280035705,330.2,0.8170228687576173,-0.28320695003833146,0.5906513176387586,-0.5965884809355994,0.49999999999999994,-0.8660254037844387,-0.8311146081801168
1984-06,768.5666666666667,6.644527308294458,0.8404482301119636,250.7,-0.018905283023722817,-0.3561387746420263,0.38832777196555446,-0.4365573214436215,1.2246467991473532e-16,-1.0,-0.4278988280035705
1984-07,262.0967741935484,5.568713802712792,0.06106059025860855,179.1,-0.4876165965033179,0.12212544470102914,0.1650439085542242,-0.19817174714226704,-0.4999999999999998,-0.8660254037844388,0.8404482301119636
1984-08,200.4516129032258,5.300572885467846,-0.48192930031258285,197.8,-0.8308580899332604,-0.8134139480113284,-0.9440222297433132,-0.5677644714074027,-0.8660254037844384,-0.5000000000000004,0.06106059025860855
1984-09,1273.0333333333333,7.149157783079737,0.9465115084038533,317.3,0.8228803249121521,-0.36957525418178433,-0.5591940231008383,-0.05697851504372363,-1.0,-1.8369701987210297e-16,-0.48192930031258285
1984-10,833.3870967741935,6.725498236236139,0.50757482863051,256.8,0.6191536896404257,0.27698547294438874,0.23414742293200452,0.026032499506332265,-0.8660254037844386,0.5000000000000001,0.9465115084038533
1984-11,199.56666666666666,5.296148349263197,-0.38520879142863595,83.5,-0.6234278055959773,0.49424546267560304,-0.34349371928891576,0.0396815533168332,-0.5000000000000004,0.8660254037844384,0.50757482863051
1984-12,83.0,4.418840607796598,-0.4419958514297999,,,,,,-2.4492935982947064e-16,1.0,-0.38520879142863595
1985-01,61.774193548387096,4.1234856971296,-0.25224217550078176,,,,,,0.49999999999999994,0.8660254037844387,-0.4419958514297999
1985-02,42.535714285714285,3.750344059180096,-0.4111757736501258,57.1,0.21471780243646563,,,,0.8660254037844386,0.5000000000000001,-0.25224217550078176
1985-03,87.93548387096774,4.476603407771331,0.3536760829823766,112.30000000000001,0.7742959536921803,,,,1.0,6.123233995736766e-17,-0.4111757736501258
1985-04,244.26666666666668,5.498260524691811,0.8008178703456776,90.9,-0.29890909397467413,0.06179402725637755,,,0.8660254037844387,-0.49999999999999983,0.3536760829823766
1985-05,1019.1612903225806,6.926735303643897,1.072182638351597,245.8,0.027254647377099185,-0.03020978871296733,,,0.49999999999999994,-0.8660254037844387,0.8008178703456776
1985-06,413.96666666666664,6.025785455285877,0.22170637710338337,173.9,-0.9622540166282282,-1.0306822621677996,,,1.2246467991473532e-16,-1.0,1.072182638351597
1985-07,282.16129032258067,5.642478858934709,0.1348256464805253,221.3,0.027066028865412883,-0.6401685571885963,-0.6452369561104807,,-0.4999999999999998,-0.8660254037844388,0.22170637710338337
1985-08,356.7096774193548,5.876922222412732,0.09442003663230292,248.20000000000002,-0.17843363785763267,-0.7056738724872821,-0.6739797187182445,,-0.8660254037844384,-0.5000000000000004,0.1348256464805253
1985-09,246.23333333333332,5.506279595866582,-0.6963666788093015,183.8,-0.7616758065719181,-0.6641473226904587,-1.2208771184934966,,-1.0,-1.8369701987210297e-16,0.09442003663230292
1985-10,983.1612903225806,6.89077318636466,0.6728497787590308,392.9,1.8526915337264074,0.6155707544404233,-0.07584358015293502,,-0.8660254037844386,0.5000000000000001,-0.6963666788093015
1985-11,613.1,6.418528054768642,0.7371709140768097,193.5,0.8684787442869373,1.197266995150469,0.2643850385077601,,-0.5000000000000004,0.8660254037844384,0.6728497787590308
1985-12,90.93548387096774,4.510150286628966,-0.35068617259743196,5.9,-2.1345398074237885,1.384645749106166,0.44032888783556584,,-2.4492935982947064e-16,1.0,0.7371709140768097
1986-01,58.70967741935484,4.072604575585695,-0.3031232970446869,78.10000000000001,0.7578304730001146,0.42596380333446976,0.678856276357135,-0.011059053866238467,0.49999999999999994,0.8660254037844387,-0.35068617259743196
1986-02,67.10714285714286,4.2062904892382615,0.04477065640803968,18.5,-0.8847868236400096,-0.9389371536574432,0.6563226287269303,-0.1534936745133473,0.8660254037844386,0.5000000000000001,-0.3031232970446869
1986-03,73.2258064516129,4.293547905990302,0.17062058120134704,141.7,1.1165125225556862,0.6445241232759085,1.4674845192966097,-0.00634129700177636,1.0,6.123233995736766e-17,0.04477065640803968
1986-04,621.0666666666667,6.4314384299020215,1.7339957755558881,176.3,0.6506862728251444,0.6662026810989364,0.681833803310577,0.276812195822831,0.8660254037844387,-0.49999999999999983,0.17062058120134704
1986-05,2053.7096774193546,7.62740303552239,1.7728503702300902,488.0,1.995489639446947,2.0280341866985614,1.509867041794001,1.0544964686184766,0.49999999999999994,-0.8660254037844387,1.7339957755558881
1986-06,318.1333333333333,5.762470582115597,-0.04160849606689698,231.5,-0.23396054734505994,1.5937455329247765,1.6109951850900845,1.3000459087528442,1.2246467991473532e-16,-1.0,1.7728503702300902
1986-07,211.58064516129033,5.354606226808589,-0.15304698564559427,192.8,-0.3123024791062633,0.9894342566285563,1.1692775545052574,1.2295735978025357,-0.4999999999999998,-0.8660254037844388,-0.04160849606689698
1986-08,210.09677419354838,5.3475682540612555,-0.4349339317191738,264.6,0.014340954053114922,-0.4050712344230583,1.2230243856774554,1.2916482235436204,-0.8660254037844384,-0.5000000000000004,-0.15304698564559427
1986-09,144.76666666666668,4.975123250872667,-1.2275230238032169,108.0,-2.0630704678542244,-1.342304746196255,0.2695132344088602,1.0963882293685756,-1.0,-1.8369701987210297e-16,-0.4349339317191738
1986-10,679.9032258064516,6.521950473051901,0.304027065446272,240.8,0.4480393788102538,-0.8387857525354079,0.20541023234737543,0.5048837357554602,-0.8660254037844386,0.5000000000000001,-1.2275230238032169
1986-11,198.73333333333332,5.291963892575861,-0.3893932481159714,39.9,-1.6510985919166485,-1.5959009813653449,-1.419237125079243,-0.08397193819912067,-0.5000000000000004,0.8660254037844384,0.304027065446272
1986-12,259.741935483871,5.559688582274536,0.6988521230481375,95.6,0.8905404045505877,-0.17917290868581467,-1.161644365788957,0.2601462380302087,-2.4492935982947064e-16,1.0,-0.3893932481159714
1987-01,74.19354838709677,4.306677197432094,-0.06905067519828734,60.5,0.3722391415177051,-0.5247857955789764,-1.001227383132446,0.19529236518642853,0.49999999999999994,0.8660254037844387,0.6988521230481375
1987-02,93.10714285714286,4.533750903758298,0.37223107092807606,105.0,1.0221688551674628,1.0653773049782378,-0.7211733301527851,0.5002012236852821,0.8660254037844386,0.5000000000000001,-0.06905067519828734
1987-03,43.67741935483871,3.776831248987074,-0.3460960758018805,78.3,0.29593151794836836,0.6960360247920139,0.23241501797378264,0.2888925339060111,1.0,6.123233995736766e-17,0.37223107092807606
1987-04,158.4,5.0651234793803255,0.3676808250341921,53.2,-0.9353478827568881,-0.15095462550855218,-0.49682180245069063,-0.14199578833577603,0.8660254037844387,-0.49999999999999983,-0.3460960758018805
1987-05,164.7741935483871,5.104576012667284,-0.7499766526250156,106.8,-1.8381812171361958,-1.8529598867706778,-0.8839089713048562,-1.6135998786748835,0.49999999999999994,-0.8660254037844387,0.3676808250341921
1987-06,286.96666666666664,5.659366064995799,-0.14471301318669472,459.1,1.81901520965061,-0.18595125904274462,0.14269572827437613,-0.7933321613623014,1.2246467991473532e-16,-1.0,-0.7499766526250156
1987-07,189.06451612903226,5.242088311991283,-0.26556490046290016,186.70000000000002,-0.3892809493276598,0.07715370209000133,-0.14796198572729297,-0.831498694741637,-0.4999999999999998,-0.8660254037844388,-0.14471301318669472
1987-08,205.29032258064515,5.324425184972531,-0.45807700080789804,154.70000000000002,-1.486679976308714,0.2796605274800676,-0.9603083984968696,-1.313200523898255,-0.8660254037844384,-0.5000000000000004,-0.26556490046290016
1987-09,517.0,6.248042874508429,0.045396599832545625,226.6,-0.18761671813718783,-1.3212512149864628,-1.0959142702178137,-0.8499296147651513,-1.0,-1.8369701987210297e-16,-0.45807700080789804
1987-10,424.9032258064516,6.051861439011109,-0.16606196859452016,151.4,-0.6835484687635609,-1.4834899808017,-0.9748942444931273,-1.2397085354464807,-0.8660254037844386,0.5000000000000001,0.045396599832545625
1987-11,346.1333333333333,5.846824057281716,0.16546691658988344,116.7,-0.07786490283378698,-0.6813173546145177,-0.29473072340052475,-0.8704271714527045,-0.5000000000000004,0.8660254037844384,-0.16606196859452016
1987-12,159.96774193548387,5.074972182003988,0.21413572277758952,38.5,-0.3734610559007166,-0.8115093433057676,-1.5612598242557274,-1.0713488323477514,-2.4492935982947064e-16,1.0,0.16546691658988344
1988-01,65.3225806451613,4.179337775055493,-0.19639009757488868,18.2,-1.0731530171227273,-0.835075130864238,-1.6915619683817715,-1.2562702530584136,0.49999999999999994,0.8660254037844387,0.21413572277758952
1988-02,47.86206896551724,3.868323311080276,-0.2931965217499459,36.199999999999996,-0.28411125872869775,-1.1171246729781352,-1.1615194639586603,-1.504570585550974,0.8660254037844386,0.5000000000000001,-0.19639009757488868
1988-03,32.516129032258064,3.4817362441461674,-0.6411910806427872,106.4,0.6988565637776348,-0.18369816640110107,-0.8523061161817512,-1.2536398124679502,1.0,6.123233995736766e-17,-0.2931965217499459
1988-04,93.0,4.532599493153256,-0.16484316119287712,203.2,0.8834655387060611,0.7335410099258161,0.10056593326229692,-0.6965847847525259,0.8660254037844387,-0.49999999999999983,-0.6411910806427872
1988-05,365.258064516129,5.900604129828893,0.04605146453659348,278.7,0.353723505373838,0.868680740843738,0.29791364809484905,-0.09864077068088913,0.49999999999999994,-0.8660254037844387,-0.16484316119287712
1988-06,330.1666666666667,5.799597577470496,-0.004481500711998265,217.29999999999998,-0.40087662229725396,0.37569856479481295,0.125444525092639,-1.0773302010059425,1.2246467991473532e-16,-1.0,0.04605146453659348
1988-07,296.1290322580645,5.69079527912939,0.18314206667520683,283.5,0.6773206159431043,0.2392522115323012,0.5680919121362384,-0.6977829098744297,-0.4999999999999998,-0.8660254037844388,-0.004481500711998265
1988-08,661.258064516129,6.494144178963742,0.7116419931833127,407.7,1.4321671548093946,0.8842344711641783,1.2311220647741168,0.2751617991360594,-0.8660254037844384,-0.5000000000000004,0.18314206667520683
1988-09,552.1333333333333,6.3137895630033025,0.11114328832741904,231.7,-0.1242624861928249,1.0940187226608222,0.9926664197544569,0.32083348841732157,-1.0,-1.8369701987210297e-16,0.7116419931833127
1988-10,804.9032258064516,6.690722053802493,0.47279864619686407,152.4,-0.6686508757680455,0.40586940355063084,0.4149843823391508,0.31401541696917884,-0.8660254037844386,0.5000000000000001,0.11114328832741904
1988-11,170.96666666666667,5.1414686057271135,-0.5398885349647191,55.9,-1.2083872932568687,-1.1344392332655902,-0.03898610083710956,0.08792362027912073,-0.5000000000000004,0.8660254037844384,0.47279864619686407
1988-12,81.0,4.394449154672439,-0.46638730455395905,,,,,,-2.4492935982947064e-16,1.0,-0.5398885349647191
1989-01,54.54838709677419,3.999088144413434,-0.3766397282169476,12.5,-1.4329150975802194,,,,0.49999999999999994,0.8660254037844387,-0.46638730455395905
1989-02,46.42857142857143,3.8379150332744243,-0.3236047995557976,102.5,0.986680465744081,,,,0.8660254037844386,0.5000000000000001,-0.3766397282169476
1989-03,65.54838709677419,4.1827886042132265,0.059861279424271885,94.2,0.5337574658358685,0.3581106914319586,,,1.0,6.123233995736766e-17,-0.3236047995557976
1989-04,117.83333333333333,4.769271196668518,0.07182854232238434,114.1,0.0040442750048351956,0.4735319773150555,,,0.8660254037844387,-0.49999999999999983,0.059861279424271885
1989-05,120.6774193548387,4.793121029863,-1.0614316354292992,92.7,-2.111678701079022,-1.2223413612387186,,,0.49999999999999994,-0.8660254037844387,0.07182854232238434
1989-06,210.7,5.350435320810143,-0.4536437573723511,139.0,-1.4889688353296981,-2.5899705211002146,-1.9649348913544655,,1.2246467991473532e-16,-1.0,-1.0614316354292992
1989-07,413.19354838709677,6.02391612334599,0.5162629108918066,187.5,-0.37908914607177796,-2.3699060407481656,-1.7189369151712033,,-0.4999999999999998,-0.8660254037844388,-0.4536437573723511
1989-08,429.61290322580646,6.062884578185422,0.2803823924049924,165.3,-1.3146723883110858,-1.8260529105174057,-2.4220329239092724,,-0.8660254037844384,-0.5000000000000004,0.5162629108918066
1989-09,380.6666666666667,5.941924101547846,-0.2607221731280376,312.5,0.7745869239023178,-0.5764627787007436,-2.08942209532863,,-1.0,-1.8369701987210297e-16,0.2803823924049924
1989-10,1063.3225806451612,6.969153794813722,0.7512303872080928,200.3,-0.021721975442765884,-0.3623335444257712,-2.0066602861454625,,-0.8660254037844386,0.5000000000000001,-0.2607221731280376
1989-11,197.66666666666666,5.286582110329616,-0.39477503036221684,62.2,-1.0593293869095675,-0.07390691901819067,-1.4789110120253628,,-0.5000000000000004,0.8660254037844384,0.7512303872080928
1989-12,92.3225806451613,4.52528875563125,-0.3355477035951484,24.5,-0.8795466720289016,-1.0067730377330366,-1.1003041077381737,-2.081045327257398,-2.4492935982947064e-16,1.0,-0.39477503036221684
1990-01,62.225806451612904,4.130769808420583,-0.24495806420979882,23.0,-0.83023837360946,-1.8968674427050485,-1.1403875904910268,-2.0431820392039617,0.49999999999999994,0.8660254037844387,-0.3355477035951484
1990-02,49.357142857142854,3.8990824941524114,-0.2624373386778105,45.1,-0.053520927750074415,-1.1228973021189386,-0.600450647482719,-2.2374233344012615,0.8660254037844386,0.5000000000000001,-0.24495806420979882
1990-03,44.516129032258064,3.7958515736661043,-0.32707575112285037,42.1,-0.405638720109724,-0.885880864081878,-1.433454672883284,-2.2701024768243645,1.0,6.123233995736766e-17,-0.2624373386778105
1990-04,39.666666666666664,3.6805112044434196,-1.0169314499027138,48.0,-1.0467558879526548,-1.2708191937753217,-2.150293814447141,-2.5863960044686216,0.8660254037844387,-0.49999999999999983,-0.32707575112285037
1990-05,115.3225806451613,4.747733250642962,-1.1068194146493378,92.1,-2.1239656233232242,-2.5260990024586216,-2.858310245494209,-2.6330033446208354,0.49999999999999994,-0.8660254037844387,-1.0169314499027138
1990-06,189.8,5.245970886175828,-0.5581081920066664,299.8,0.4850891952038457,-1.6492679470040408,-2.0043318194410245,-2.0789924141663403,1.2246467991473532e-16,-1.0,-1.1068194146493378
1990-07,219.51612903225808,5.39142571060042,-0.1162275018537633,146.1,-0.9512806879759338,-1.3816088491803524,-2.112846253693155,-2.309828450516345,-0.4999999999999998,-0.8660254037844388,-0.5581081920066664
1990-08,141.03225806451613,4.9489886448112825,-0.8335135409691468,171.4,-1.2191441014308118,-0.8846430425781012,-2.378358641092518,-2.3149410919272233,-0.8660254037844384,-0.5000000000000004,-0.1162275018537633
1990-09,284.4,5.6503816979290855,-0.552264576746798,316.3,0.8128588185825725,-0.8089842129500726,-1.7234493679855325,-2.4185492263655566,-1.0,-1.8369701987210297e-16,-0.8335135409691468
1990-10,467.83870967741933,6.148123599075103,-0.06979980853052581,323.4,1.2648372638808023,0.5288318443086868,-0.648127107013763,-1.8058481542545763,-0.8660254037844386,0.5000000000000001,-0.552264576746798
1990-11,322.1,5.774862056337153,0.09350491564532071,163.7,0.5373019189557146,1.3915647423186945,0.2969048507870248,-1.2997567719481142,-0.5000000000000004,0.8660254037844384,-0.06979980853052581
1990-12,105.12903225806451,4.655188474352415,-0.20564798487398317,49.5,-0.06090725667578627,1.0231379649116532,0.07072599384546636,-1.1426975558693457,-2.4492935982947064e-16,1.0,0.09350491564532071
1991-01,56.903225806451616,4.0413520320815906,-0.3343758405487911,8.399999999999999,-1.779039340068411,-0.2014480422077752,0.30915739655920205,-1.2106304867903486,0.49999999999999994,0.8660254037844387,-0.20564798487398317
1991-02,50.67857142857143,3.925503166984839,-0.23601666584538306,41.6,-0.14034826264346997,-0.9933157387753264,0.8241574285747761,-1.185976294656347,0.8660254037844386,0.5000000000000001,-0.3343758405487911
1991-03,31.548387096774192,3.451522465549671,-0.6714048592392836,17.7,-1.1953363271761874,-1.6815069760737718,0.12913485344887068,-1.1621435383447536,1.0,6.123233995736766e-17,-0.23601666584538306
1991-04,71.9,4.275276264727001,-0.42216638961913233,155.79999999999998,0.4572225050562732,-0.3549614474038469,-0.4661083112076771,-0.7661965220102197,0.8660254037844387,-0.49999999999999983,-0.6714048592392836
1991-05,475.2258064516129,6.163790073079809,0.30923740778750997,296.3,0.5179484128061098,0.1147845601922257,-0.39980989862858435,-0.050842216380682766,0.49999999999999994,-0.8660254037844387,-0.42216638961913233
1991-06,144.06666666666666,4.970276155404676,-0.8338029227778181,231.2,-0.23741438281113367,0.26775542802803826,-0.5533132759982962,-0.33552378017313045,1.2246467991473532e-16,-1.0,0.30923740778750997
1991-07,231.06451612903226,5.442696962129305,-0.06495625032487862,208.6,-0.12029109044355611,-0.024193750413055756,-0.35882531912902954,-0.09818170155359728,-0.4999999999999998,-0.8660254037844388,-0.8338029227778181
1991-08,683.516129032258,6.527250253591886,0.7447480678114564,264.1,0.008583759974478583,-0.30891066405124945,-0.25720803372860146,0.24590437076383037,-0.8660254037844384,-0.5000000000000004,-0.06495625032487862
1991-09,503.4,6.221385082701215,0.0187388080253319,261.20000000000005,0.22499142121043747,-0.09459631021780751,0.06262138480164059,0.04898214697484247,-1.0,-1.8369701987210297e-16,0.7447480678114564
1991-10,449.258064516129,6.107597476567945,-0.11032593103768384,240.7,0.4469466927496618,0.23835020307068272,0.09530687936607454,-0.29401618008948416,-0.8660254037844386,0.5000000000000001,0.0187388080253319
1991-11,142.1,4.956531035103055,-0.7248261055887779,60.5,-1.0984460680186698,-0.1652714171100914,-0.43635489800512456,-0.6974745155021572,-0.5000000000000004,0.8660254037844384,-0.11032593103768384
1991-12,72.06451612903226,4.277561775144,-0.5832746840823981,25.799999999999997,-0.8249289135399098,-0.6171351321863695,-0.496940460830621,-0.7645154445997722,-2.4492935982947064e-16,1.0,-0.7248261055887779
1992-01,68.51612903225806,4.227069177876683,-0.1486586947536983,40.7,-0.16470652056363458,-1.5728880224080202,-0.4851562133988426,-0.6373849140100603,0.49999999999999994,0.8660254037844387,-0.5832746840823981
1992-02,36.96551724137931,3.609985511644273,-0.5515343211859487,13.6,-1.1114697940652696,-1.3761594731659073,-0.771329931340662,-0.7264254424161773,0.8660254037844386,0.5000000000000001,-0.1486586947536983
1992-03,58.96774193548387,4.076990547528949,-0.04593677726000589,98.9,0.5989272429750394,-0.27840920408257486,-0.7528962125118313,-0.34695237530574197,1.0,6.123233995736766e-17,-0.5515343211859487
1992-04,166.5,5.1149953094204985,0.4175526550743651,96.4,-0.22268253735847715,-0.4166272917741961,-1.2674847563982863,-0.5730828838817548,0.8660254037844387,-0.49999999999999983,-0.04593677726000589
1992-05,374.80645161290323,5.926409763697715,0.07185709840541588,388.2,1.2853528042914943,0.8401931397569753,0.1935247296595581,-0.26374944602011996,0.49999999999999994,-0.8660254037844387,0.4175526550743651
1992-06,418.7,6.037154673025098,0.23307559484260398,210.9,-0.47852719553478285,0.35072632790833724,0.057852139107736844,-0.38091246568612214,1.2246467991473532e-16,-1.0,0.07185709840541588
1992-07,255.90322580645162,5.5447993488168565,0.037146136362673055,67.7,-2.470295112222148,-0.4672977588589592,-0.7963353623331435,-0.9540438473488626,-0.4999999999999998,-0.8660254037844388,0.23307559484260398
1992-08,337.83870967741933,5.822568591287999,0.040066405507570124,177.1,-1.131987479680054,-2.1272072973012857,-0.9581350726738141,-1.3430136705339262,-0.8660254037844384,-0.5000000000000004,0.037146136362673055
1992-09,642.2333333333333,6.464951685218605,0.26230541054272116,,,,,,-1.0,-1.8369701987210297e-16,0.040066405507570124
1992-10,841.2903225806451,6.734936811555443,0.5170134039498135,,,,,,-0.8660254037844386,0.5000000000000001,0.26230541054272116
1992-11,248.33333333333334,5.51477192971145,-0.16658521098038293,,,,,,-0.5000000000000004,0.8660254037844384,0.5170134039498135
1992-12,127.54838709677419,4.848495799245416,-0.012340659980981883,159.0,1.7941314207234815,,,,-2.4492935982947064e-16,1.0,-0.16658521098038293
1993-01,91.38709677419355,4.51510429534537,0.13937642271498873,39.1,-0.21531664128367597,,,,0.49999999999999994,0.8660254037844387,-0.012340659980981883
1993-02,80.14285714285714,4.383810756467383,0.22229092363716152,48.7,0.031350679340033695,0.9259654166700264,,,0.8660254037844386,0.5000000000000001,0.13937642271498873
1993-03,59.16129032258065,4.080267448331264,-0.04265987645769087,144.5,1.1466486187737661,0.5874339593286764,,,1.0,6.123233995736766e-17,0.22229092363716152
1993-04,339.56666666666666,5.827670294927911,1.1302276405817775,215.2,0.9808968146176744,1.158718162308093,,,0.8660254037844387,-0.49999999999999983,-0.04265987645769087
1993-05,567.9677419354839,6.342064624741298,0.48751195944899894,149.5,-1.142158071924169,0.37812540781764487,0.7226622507351268,,0.49999999999999994,-0.8660254037844387,1.1302276405817775
1993-06,179.33333333333334,5.1892462714936745,-0.6148328066888196,198.8,-0.6298304081090642,-0.6050979646165185,-0.2668318673984031,,1.2246467991473532e-16,-1.0,0.48751195944899894
1993-07,97.61290322580645,4.581009689863155,-0.9266435225910286,106.8,-1.6107105949480236,-2.0527499572365313,-0.8693943284516907,,-0.4999999999999998,-0.8660254037844388,-0.6148328066888196
1993-08,171.29032258064515,5.1433599097508385,-0.6391422760295908,144.8,-1.654938486798796,-2.1728023986263825,-1.4023061596028472,,-0.8660254037844384,-0.5000000000000004,-0.9266435225910286
1993-09,447.6666666666667,6.104048907855128,-0.09859736682075582,,,,,,-1.0,-1.8369701987210297e-16,-0.6391422760295908
1993-10,786.516129032258,6.6676132296399455,0.4496898220343164,70.6,-2.2254116402953796,,,,-0.8660254037844386,0.5000000000000001,-0.09859736682075582
1993-11,186.06666666666666,5.226105032434112,-0.4552521082577208,51.6,-1.3172046479188748,,,,-0.5000000000000004,0.8660254037844384,0.4496898220343164
1993-12,136.61290322580646,4.917151402601009,0.05631494337461085,5.6,-2.1733175959014197,-3.109721452760089,,,-2.4492935982947064e-16,1.0,-0.4552521082577208
1994-01,68.6774193548387,4.229420460408333,-0.14630741222204868,43.4,-0.08230916466851815,-2.0821337172890635,,,0.49999999999999994,0.8660254037844387,0.05631494337461085
1994-02,59.42857142857143,4.08477511120595,-0.07674472162427204,70.1,0.4669390891041626,-0.6565242077998323,,,0.8660254037844386,0.5000000000000001,-0.14630741222204868
1994-03,63.096774193548384,4.144669646109616,0.02174232132066134,109.1,0.7337073245144359,0.4930551401154606,-1.861492766592499,,1.0,6.123233995736766e-17,-0.07674472162427204
1994-04,39.56666666666667,3.6779870129475127,-1.0194556413986207,36.1,-1.3397456320902068,-0.3529924854327111,-1.4456476062808625,,0.8660254037844387,-0.49999999999999983,0.02174232132066134
1994-05,220.03225806451613,5.3937741631695735,-0.460778502122726,211.89999999999998,-0.34137186941376274,-0.7314224522876848,-1.0547296711202945,,0.49999999999999994,-0.8660254037844387,-1.0194556413986207
1994-06,161.16666666666666,5.08243902622524,-0.7216400519572543,305.6,0.5409087786257725,-0.6826199089507434,-0.3907979661174465,,1.2246467991473532e-16,-1.0,-0.460778502122726
1994-07,66.74193548387096,4.2008334732603965,-1.306819739193787,159.6,-0.753684758565351,-0.39954254311745807,-0.6974349445466682,,-0.4999999999999998,-0.8660254037844388,-0.7216400519572543
1994-08,205.1290322580645,5.3236392067822615,-0.45886297899816775,134.9,-1.8314898692810684,-1.0054096806221968,-1.416080778498824,,-0.8660254037844384,-0.5000000000000004,-1.306819739193787
1994-09,555.6,6.320048610880189,0.11740233620430551,279.6,0.4296970243176605,-1.2721134046257612,-1.4192797229491154,-2.382531551755279,-1.0,-1.8369701987210297e-16,-0.45886297899816775
1994-10,315.1290322580645,5.752982181167797,-0.46494122643783253,100.2,-1.5601407658267732,-1.6362785486617837,-1.4741930416742202,-2.21842740983674,-0.8660254037844386,0.5000000000000001,0.11740233620430551
1994-11,135.06666666666666,4.905768483706418,-0.7755886569854145,106.3,-0.23582841187514947,-0.7502199452695993,-1.372009282781016,-1.9039908763244444,-0.5000000000000004,0.8660254037844384,-0.46494122643783253
1994-12,227.8709677419355,5.42877953779865,0.5679430785722515,105.9,1.058936569766448,-0.7553709791572577,-1.4889014244309637,-1.3889087983463684,-2.4492935982947064e-16,1.0,-0.7755886569854145
1995-01,76.90322580645162,4.3425478237000945,-0.03318004893028714,70.60000000000001,0.6012962725663472,0.48092132234417806,-1.0775781103579494,-1.278949052026053,0.49999999999999994,0.8660254037844387,0.5679430785722515
1995-02,57.285714285714285,4.048051278251256,-0.11346855457896599,75.4,0.5611312383110549,0.9762710355931233,-0.1431778461627508,-1.2157407687972688,0.8660254037844386,0.5000000000000001,-0.03318004893028714
1995-03,161.8709677419355,5.086799522441221,0.9638721976522664,77.10000000000001,0.27672423234887156,0.49798540974612365,-0.3429246790432757,-1.219664738314459,1.0,6.123233995736766e-17,-0.11346855457896599
1995-04,46.733333333333334,3.84445768593238,-0.8529849684137534,20.2,-1.8757502118575275,-0.80426916011704,-0.3310237516935267,-1.2977421311799064,0.8660254037844387,-0.49999999999999983,0.9638721976522664
1995-05,770.741935483871,6.647353603505384,0.7928009382130847,271.9,0.2884362986425414,-0.6325843292533418,-0.06638836041214971,-1.0934771127115503,0.49999999999999994,-0.8660254037844387,-0.8529849684137534
1995-06,756.9,6.6292311443151215,0.8251520661326275,361.2,1.0437831992088333,0.05945163526190751,0.2224990566599453,-0.9615997627940958,1.2246467991473532e-16,-1.0,0.7928009382130847
1995-07,222.4516129032258,5.404709607858383,-0.10294360459580076,90.0,-1.9462300425248258,-0.1051170907061074,-0.6774528801839091,-1.2704573271725819,-0.4999999999999998,-0.8660254037844388,0.8251520661326275
1995-08,177.67741935483872,5.179969655363399,-0.6025325304170304,210.1,-0.662057226578535,-0.5857548152482799,-1.0055332512211093,-0.9738226317859531,-0.8660254037844384,-0.5000000000000004,-0.10294360459580076
1995-09,425.2,6.052559646467793,-0.15008662820809082,266.9,0.2894004358046501,-1.3293409213050327,-0.9199294854898051,-1.0760758858216266,-1.0,-1.8369701987210297e-16,-0.6025325304170304
1995-10,745.0,6.61338421837956,0.3954608107739306,265.9,0.7133662944912121,0.08514924776003294,-0.07536692574532343,-0.3653507968424035,-0.8660254037844386,0.5000000000000001,-0.15008662820809082
1995-11,132.83333333333334,4.88909520956216,-0.7922619311296728,18.0,-2.5571669521037386,-0.25060536410454193,-0.7079261224422185,-0.7075265858227655,-0.5000000000000004,0.8660254037844384,0.3954608107739306
1995-12,82.90322580645162,4.417673973404119,-0.44316248582227935,62.6,0.2545950639470206,-0.4388980727633899,-1.3271489892413606,-0.8543475475883298,-2.4492935982947064e-16,1.0,-0.7922619311296728
1996-01,70.45161290322581,4.25492613237965,-0.12080174025073198,54.9,0.23414981531930787,-1.4250600117677608,-0.5728615907833378,-0.9237671172062829,0.49999999999999994,0.8660254037844387,-0.44316248582227935
1996-02,371.48275862068965,5.917502452907718,1.7559826200774964,161.9,1.7185613723339457,1.2367792479533972,0.4135062886272455,-0.5520003031049215,0.8660254037844386,0.5000000000000001,-0.12080174025073198
1996-03,133.19354838709677,4.8918033214009435,0.7688759966119889,24.7,-0.9131587275038712,0.6745880700702778,0.020683504917866836,-0.6699329662849014,1.0,6.123233995736766e-17,1.7559826200774964
1996-04,77.7,4.3528552573736015,-0.34458739697253193,169.0,0.5835717634649746,0.8032317404364366,-0.08517675693889631,-0.14585938058550443,0.8660254037844387,-0.49999999999999983,0.7688759966119889
1996-05,406.64516129032256,6.007940965587909,0.15338830029560935,215.6,-0.29928572315113,-0.3199649918522272,0.34185350743603304,-0.36843372583372264,0.49999999999999994,-0.8660254037844387,-0.34458739697253193
1996-06,526.7,6.266631126489344,0.4625520483068497,169.0,-1.0314767374242781,-0.6826199089507443,-0.2712237447874228,-1.1847841608580465,1.2246467991473532e-16,-1.0,0.15338830029560935
1996-07,225.93548387096774,5.4202494889205965,-0.08740372353358694,100.3,-1.7357113206875154,-1.8024541536189498,-1.0090509462180706,-1.1619797581222842,-0.4999999999999998,-0.8660254037844388,0.4625520483068497
1996-08,449.48387096774195,6.108099971104918,0.32559778532448913,258.8,-0.05289568872555845,-1.5382793618693273,-1.5306294710690118,-0.9775871664087027,-0.8660254037844384,-0.5000000000000004,-0.08740372353358694
1996-09,478.9,6.171491807348564,-0.031154467327319857,230.8,-0.1353740689395458,-1.1464727595860378,-1.3321604264283304,-1.184545405039985,-1.0,-1.8369701987210297e-16,0.32559778532448913
1996-10,439.5806451612903,6.085821193264675,-0.13210221434095448,205.0,0.03586858873360035,-0.24576457342530733,-1.5418313417408553,-1.4521874085338828,-0.8660254037844386,0.5000000000000001,-0.031154467327319857
1996-11,209.93333333333334,5.3467900199988145,-0.3345671206930181,153.1,0.41000666859434426,0.025343863968534337,-1.2049225054577066,-0.823343209766812,-0.5000000000000004,0.8660254037844384,-0.13210221434095448
1996-12,107.80645161290323,4.6803375046701925,-0.18049895455620568,9.399999999999999,-1.769071367669568,-0.25438259409458847,-1.0709562570392652,-1.0087844065710934,-2.4492935982947064e-16,1.0,-0.3345671206930181
1997-01,530.2258064516129,6.2733029657213795,1.8975750930909978,163.1,2.091602681303416,0.901707682359355,0.24111938669797986,-0.5709485816732509,0.49999999999999994,0.8660254037844387,-0.18049895455620568
1997-02,105.75,4.661077817926388,0.4995579850961658,52.0,0.10565417046611408,0.697688967960997,0.3152523821561733,-0.9880684674874469,0.8660254037844386,0.5000000000000001,1.8975750930909978
1997-03,53.87096774193548,3.9865917009256546,-0.1363356238633,15.5,-1.3013508850920732,0.5710829695996844,0.08811602165866818,-0.9187897706730125,1.0,6.123233995736766e-17,0.4995579850961658
1997-04,40.93333333333333,3.711944727044932,-0.9854979273012012,5.8,-2.8239897365662725,-2.3038431045585974,-0.750131569358325,-1.573507852210522,0.8660254037844387,-0.49999999999999983,-0.1363356238633
1997-05,189.61290322580646,5.2449846424937165,-0.6095680227985829,267.4,0.24463380827965925,-1.3382807546739892,-0.7848528867133185,-1.3978428671048668,0.49999999999999994,-0.8660254037844387,-0.9854979273012012
1997-06,73.06666666666666,4.291372266405751,-1.5127068117767433,99.8,-2.2069263668256944,-2.301400431503839,-1.5865826072795717,-1.816789534249356,1.2246467991473532e-16,-1.0,-0.6095680227985829
1997-07,148.67741935483872,5.001778988235362,-0.5058742242188217,277.3,0.6170212070128505,-0.6164450288732882,-1.8017177259017405,-1.081754474736393,-0.4999999999999998,-0.8660254037844388,-1.5127068117767433
1997-08,409.83870967741933,6.015763691269118,0.23326150548868885,211.9,-0.6379252107196614,-1.0846015827374103,-1.886341144450887,-1.3024190105560427,-0.8660254037844384,-0.5000000000000004,-0.5058742242188217
1997-09,188.03333333333333,5.236619252077821,-0.9660270225980625,78.39999999999999,-2.755686369578494,-1.3244859293334919,-2.5206885428025156,-2.084033650012163,-1.0,-1.8369701987210297e-16,0.23326150548868885
1997-10,282.96774193548384,5.645332905052633,-0.5725905025529965,90.69999999999999,-1.7561234826702727,-2.906452902140288,-2.432584318311333,-2.632262756205506,-0.8660254037844386,0.5000000000000001,-0.9660270225980625
1997-11,197.63333333333333,5.286413462045212,-0.3949436786466203,92.8,-0.4574653987655962,-2.9549615711091803,-2.7698296158974616,-2.8730900153510937,-0.5000000000000004,0.8660254037844384,-0.5725905025529965
1997-12,97.19354838709677,4.576704334645155,-0.2841321245812436,21.4,-1.0188295182517602,-1.9432436767138046,-2.211680896584452,-2.7044236421473125,-2.4492935982947064e-16,1.0,-0.3949436786466203
1998-01,72.61290322580645,4.285142636421586,-0.09058523620879555,117.1,1.4459369587293767,-0.0855357089149568,-2.3813019927231687,-2.947512057353727,0.49999999999999994,0.8660254037844387,-0.2841321245812436
1998-02,43.17857142857143,3.7653443404395888,-0.3961754923906331,42.4,-0.12009712996327188,0.20420018137679144,-2.327593920283633,-2.9007529430723014,0.8660254037844386,0.5000000000000001,-0.09058523620879555
1998-03,62.25806451612903,4.131288077413785,0.008360752624830603,54.1,-0.1383876027571471,0.403034288573599,-1.2501504641891454,-2.487570846471967,1.0,6.123233995736766e-17,-0.3961754923906331
1998-04,34.43333333333333,3.539025087457483,-1.1584175668886503,23.6,-1.739319852450928,-1.484688511923145,-1.1343934080113642,-2.430307169943812,0.8660254037844387,-0.49999999999999983,0.008360752624830603
1998-05,453.80645161290323,6.117670789108727,0.26311812381642774,248.6,0.0561347504424907,-0.9937841335120021,-0.8276952386770392,-2.557716352181346,0.49999999999999994,-0.8660254037844387,-1.1584175668886503
1998-06,772.6666666666666,6.649847735231587,0.845768657049093,270.6,0.19264462643081284,-0.7682660237051965,-0.5181831315288206,-1.9595707631245252,1.2246467991473532e-16,-1.0,0.26311812381642774
1998-07,557.8387096774194,6.324069869840776,0.8164166573865925,267.1,0.5158618209048627,0.2796378331685255,-0.615482203633048,-2.0417087120532647,-0.4999999999999998,-0.8660254037844388,0.845768657049093
1998-08,495.6774193548387,6.205925350942434,0.4234231651620046,239.1,-0.289114087306391,0.13984847905097234,-0.6179617081429708,-1.9474533364890654,-0.8660254037844384,-0.5000000000000004,0.8164166573865925
1998-09,1651.2,7.409257575287244,1.2066113006113603,367.3,1.2997749581579674,0.8001836087015807,0.0583451448406291,-0.7302798022933111,-1.0,-1.8369701987210297e-16,0.4234231651620046
1998-10,553.7096774193549,6.3166405014066465,0.09871709380101734,261.5,0.6680813550996771,0.8798512200877441,0.7858784749086103,-0.022500651477632142,-0.8660254037844386,0.5000000000000001,1.2066113006113603
1998-11,482.7,6.179395342666448,0.498038201974615,193.1,0.8642615374614356,1.4975736032440845,1.0792254821947933,0.38253357608929767,-0.5000000000000004,0.8660254037844384,0.09871709380101734
1998-12,164.48387096774192,5.102812516570009,0.24197605734361094,118.1,1.2453992040161532,1.2600564843094004,1.3589998614663927,0.7217186612205565,-2.4492935982947064e-16,1.0,0.498038201974615
1999-01,199.09677419354838,5.293791008997905,0.9180631363675236,29.8,-0.5421353086531313,1.0442214855540668,1.2150436276214895,0.4076231495050394,0.49999999999999994,0.8660254037844387,0.24197605734361094
1999-02,67.71428571428571,4.2152971726397634,0.05377733980954158,6.8,-1.5111724154324953,-0.13167997230943967,1.218804321938113,0.26798168976368775,0.8660254037844386,0.5000000000000001,0.9180631363675236
1999-03,299.7741935483871,5.703029503072193,1.580102178283238,127.4,0.9563913199941886,-0.1447265000494812,0.9454602470515105,0.5266505616542569,1.0,6.123233995736766e-17,0.05377733980954158
1999-04,279.53333333333336,5.633121546068553,0.9356788917224197,163.1,0.5279290418383176,0.36809465201138064,0.8211532363800448,0.9709756202181562,0.8660254037844387,-0.49999999999999983,1.580102178283238
1999-05,377.19354838709677,5.932758446655172,0.0782057813628727,130.9,-1.4253430881122997,-0.22972284352626188,-0.3549077296469862,0.5781112175056765,0.49999999999999994,-0.8660254037844387,0.9356788917224197
1999-06,746.2,6.614993660787057,0.8109145826045632,284.59999999999997,0.3353373894066209,-0.48860868425648024,-0.6083000189056151,0.6466388958934872,1.2246467991473532e-16,-1.0,0.0782057813628727
1999-07,160.09677419354838,5.075778471102295,-0.43187474135188886,201.7,-0.2028928383101796,-0.8038583501161964,-0.5684556098534853,0.4238998583814644,-0.4999999999999998,-0.8660254037844388,0.8109145826045632
1999-08,298.16129032258067,5.6976345827796315,-0.08486760300079776,232.8,-0.3674132505984411,-0.21286140050503294,-0.42498499274386303,0.39703192304684654,-0.8660254037844384,-0.5000000000000004,-0.43187474135188886
1999-09,594.9666666666667,6.388505381567352,0.18585910689146878,188.6,-0.6930376952839714,-0.8897432511057962,-1.018118921425711,-0.2916465583768103,-1.0,-1.8369701987210297e-16,-0.08486760300079776
1999-10,927.0967741935484,6.83205795514787,0.6141345475422408,250.6,0.55370302059236,-0.4059107081030525,-0.9546095862320018,-0.34056195966853087,-0.8660254037844386,0.5000000000000001,0.18585910689146878
1999-11,729.8666666666667,6.59286186905836,0.911504728366527,173.6,0.6513898213578604,0.19240551736164976,-0.11790031622605196,-0.398296848130672,-0.5000000000000004,0.8660254037844384,0.6141345475422408
1999-12,177.70967741935485,5.18015119298757,0.31931473376117214,35.9,-0.45621017549228143,0.484234405560768,-0.3782558455666154,-0.7081355925726199,-2.4492935982947064e-16,1.0,0.911504728366527
2000-01,84.29032258064517,4.434267061035467,0.058539188405084985,22.3,-0.8632180548749263,-0.0796500859791832,-0.4208967790337579,-0.7424799535647735,0.49999999999999994,0.8660254037844387,0.31931473376117214
2000-02,50.172413793103445,3.9154653496191187,-0.24605448321110313,82.8,0.6858349463110043,-0.3227961120611594,-0.04461191788461039,-0.422146465573654,0.8660254037844386,0.5000000000000001,0.058539188405084985
2000-03,37.41935483870968,3.622188079615264,-0.5007392451736905,37.1,-0.5329798018255468,-0.42132530126966317,0.11593374041692492,-0.6857880190634141,1.0,6.123233995736766e-17,-0.24605448321110313
2000-04,83.9,4.429625613473161,-0.26781704087297253,79.5,-0.4677102059830532,-0.5135844218641601,-0.5063692597132107,-1.013586327684511,0.8660254037844387,-0.49999999999999983,-0.5007392451736905
2000-05,244.8709677419355,5.500731409531622,-0.35382125576067747,103.5,-1.899746448123401,-2.05765009821912,-1.9996005769630476,-1.149215377605963,0.49999999999999994,-0.8660254037844387,-0.26781704087297253
2000-06,218.96666666666667,5.388919511230317,-0.4151595669521768,215.2,-0.4261825849267255,-2.046893842018773,-2.083043022001408,-1.54399400726883,1.2246467991473532e-16,-1.0,-0.35382125576067747
2000-07,277.16129032258067,5.624599612263499,0.11694639980931587,163.9,-0.6931747856612024,-1.8213865117220291,-2.050356704631257,-1.738515658320189,-0.4999999999999998,-0.8660254037844388,-0.4151595669521768
2000-08,387.5806451612903,5.959923943685423,0.1774217579049937,260.8,-0.02959776783985644,-0.7293845661644903,-1.994979266279892,-1.6409126707260602,-0.8660254037844384,-0.5000000000000004,0.11694639980931587
2000-09,998.3333333333334,6.90608722188144,0.7034409472055563,242.2,0.0032842691686370802,-0.5648522985104635,-1.7728473201086725,-1.4756973300897591,-1.0,-1.8369701987210297e-16,0.1774217579049937
2000-10,646.2258064516129,6.471148988296506,0.2532255806908772,245.6,0.5001400846986596,0.12324359241427942,-1.2606700923274627,-1.4895140149312076,-0.8660254037844386,0.5000000000000001,0.7034409472055563
2000-11,231.53333333333333,5.444723851641864,-0.23663328904996828,69.60000000000001,-0.8974019533688926,-0.20190716237749995,-0.7834981883000575,-1.9226820913563727,-0.5000000000000004,0.8660254037844384,0.2532255806908772
2000-12,78.45161290322581,4.362482038600912,-0.4983544206254864,28.299999999999997,-0.7252220081340568,-0.4658689177591211,-0.7720531835775966,-1.8825861114436384,-2.4492935982947064e-16,1.0,-0.23663328904996828
2001-01,70.09677419354838,4.249876775771283,-0.12585109685909845,58.699999999999996,0.3288163111278523,-1.0842619407749592,-0.4126046926809336,-1.7282516748126773,0.49999999999999994,0.8660254037844387,-0.4983544206254864
2001-02,46.535714285714285,3.8402200669496414,-0.3212997658805805,27.099999999999998,-0.561546807734385,-0.7385486736850897,-0.5742912567438869,-1.9169198563107925,0.8660254037844386,0.5000000000000001,-0.12585109685909845
2001-03,45.58064516129032,3.819483178199381,-0.30344414658957364,38.8,-0.4883898759362604,-0.6666504514703896,-0.8468221066961381,-1.74050301555311,1.0,6.123233995736766e-17,-0.3212997658805805
2001-04,124.58999999999999,4.825028346310772,0.12758569196463831,166.4,0.5592107199174083,-0.18997724186271195,-0.828314657539125,-1.405654237835599,0.8660254037844387,-0.49999999999999983,-0.30344414658957364
2001-05,473.8806451612903,6.16095548653007,0.3064028212377705,345.90000000000003,0.9487450412289314,0.64376409520083,0.20309013126706824,-0.5078640440156241,0.49999999999999994,-0.8660254037844387,0.12758569196463831
2001-06,232.7,5.449750070308246,-0.3543290078742478,238.9,-0.1497040051327292,0.7177602657689972,0.2189696755021043,-0.47147940001755684,1.2246467991473532e-16,-1.0,0.3064028212377705
2001-07,343.96774193548384,5.840547879533033,0.3328946670788495,213.20000000000002,-0.06623962010104588,0.34858537741078394,0.07521827141046038,-0.285031200707268,-0.4999999999999998,-0.8660254037844388,-0.3543290078742478
2001-08,398.7741935483871,5.988395325734072,0.205893139953643,257.0,-0.07396714878801267,-0.27589649236975766,0.16550593314954173,-0.3114573503027566,-0.8660254037844384,-0.5000000000000004,0.3328946670788495
2001-09,945.2666666666667,6.851467074635348,0.6488207999594646,298.6,0.631935713694999,0.13903369716236755,0.5396291409210546,-0.08678036440803615,-1.0,-1.8369701987210297e-16,0.205893139953643
2001-10,498.83870967741933,6.212282816403021,-0.005640591202608292,388.2,1.8151324639849553,1.326071115419092,1.164681834657824,0.4701882356903742,-0.8660254037844386,0.5000000000000001,0.6488207999594646
2001-11,626.8333333333334,6.440680689242281,0.7593235485504488,110.7,-0.1677718386881373,1.3574231570115936,0.6820697228598832,0.6316608804067307,-0.5000000000000004,0.8660254037844384,-0.005640591202608292
2001-12,630.3870967741935,6.446334070019142,1.5854976107927437,161.8,1.8283100396934384,1.7996809766033737,1.285847381145066,1.0828272713030571,-2.4492935982947064e-16,1.0,0.7593235485504488
2002-01,105.30322580645162,4.656844053109942,0.2811161804795601,26.4,-0.6795650165973559,0.6438141015681582,1.3786967409622104,0.9749596782281738,0.49999999999999994,0.8660254037844387,1.5854976107927437
2002-02,56.089285714285715,4.026944808803497,-0.1345750240267245,14.7,-1.05700085459111,0.46197169749406264,1.3420658744826617,0.902949039787278,0.8660254037844386,0.5000000000000001,0.2811161804795601
2002-03,49.906451612903226,3.910150285239877,-0.21277703954907778,47.4,-0.2818087151909285,-1.2578327239887424,1.0173681264588763,0.9010722739050065,1.0,6.123233995736766e-17,-0.1345750240267245
2002-04,322.68333333333334,5.776671450167065,1.0792287958209315,265.2,1.353266357861623,0.5983787253598808,0.75222377819099,1.2072242957046337,0.8660254037844387,-0.49999999999999983,-0.21277703954907778
2002-05,267.4451612903226,5.588914540797603,-0.26563812449469637,89.7,-2.173702085579082,-0.3729949539799729,-0.16667935246457763,0.3678326623071261,0.49999999999999994,-0.8660254037844387,1.0792287958209315
2002-06,137.89666666666665,4.9265046124017156,-0.8775744657807785,106.3,-2.0753716583291233,-1.4561459874098535,-2.0075585857114024,-0.11584983486701264,1.2246467991473532e-16,-1.0,-0.26563812449469637
2002-07,188.76451612903224,5.24050029181585,-0.26715292063833385,259.2,0.43575063109052603,-2.051891286604554,-1.3731417030780524,0.05886550412492527,-0.4999999999999998,-0.8660254037844388,-0.8775744657807785
2002-08,737.6451612903226,6.603462897713949,0.8209607119335196,512.2,2.27213482457372,0.7168886349231293,0.25952615932841305,0.9876559474870001,-0.8660254037844384,-0.5000000000000004,-0.26715292063833385
2002-09,567.4666666666667,6.341182010479216,0.13853573580333212,212.39999999999998,-0.36923283305090127,1.4423940301551896,0.1938280693120238,0.7281383363387558,-1.0,-1.8369701987210297e-16,0.8209607119335196
2002-10,833.1290322580645,6.725188530840918,0.5072651232352889,264.0,0.6938721067291433,1.5785189355602367,-0.18172150332854858,0.23360564027033628,-0.8660254037844386,0.5000000000000001,0.13853573580333212
2002-11,645.3333333333334,6.469766979168413,0.7884098384765803,204.5,0.9823099393788651,0.6458692599358623,0.9082116126606289,0.6016875775789564,-0.5000000000000004,0.8660254037844384,0.5072651232352889
2002-12,154.01612903225808,5.037057330905111,0.17622087167871303,29.5,-0.6795903972431,0.7580146324940125,1.5131157091504306,0.09447767411337457,-2.4492935982947064e-16,1.0,0.7884098384765803
2003-01,84.69677419354838,4.43907751585068,0.06334964322029801,90.8,1.0020683874485814,0.8941855301195103,1.7118355218969379,0.33591489519518286,0.49999999999999994,0.8660254037844387,0.17622087167871303
2003-02,80.11785714285715,4.383498764844056,0.22197893201383412,55.599999999999994,0.18331632463591094,0.14274303460522486,0.5664158640788545,0.4722292995881284,0.8660254037844386,0.5000000000000001,0.06334964322029801
2003-03,43.75483870967742,3.7786022057663375,-0.3443251190226171,72.39999999999999,0.19950858809392727,0.4553445993113041,0.8293145448223816,0.555467633807504,1.0,6.123233995736766e-17,0.22197893201383412
2003-04,310.49666666666667,5.738173165942855,1.0407305115967214,284.9,1.4877263400729235,1.187607425485254,1.3574976169380935,0.6141336482118999,0.8660254037844387,-0.49999999999999983,-0.3443251190226171
2003-05,697.2967741935485,6.547211108077656,0.6926584427853566,247.2,0.041722048278563316,0.9637192607961311,0.855192218346493,1.107864193162023,0.49999999999999994,-0.8660254037844387,1.0407305115967214
2003-06,484.8666666666667,6.18387393905233,0.37979486086983627,264.1,0.1247223277478201,1.0013827452264892,0.9983019068207346,1.6839200257005495,1.2246467991473532e-16,-1.0,0.6926584427853566
2003-07,134.60645161290324,4.902355347807133,-0.6052978646470502,129.4,-1.21408864029508,-0.6422060706687909,0.19880868446248157,1.283507481273529,-0.4999999999999998,-0.8660254037844388,0.37979486086983627
2003-08,330.2354838709677,5.799805987465812,0.017303801685383036,263.5,0.001665498425599785,-0.6143601183763104,0.17170900530203514,0.4014803551077466,-0.8660254037844384,-0.5000000000000004,-0.6052978646470502
2003-09,276.8333333333333,5.6234156403852396,-0.5792306342906439,205.10000000000002,-0.46580832970020347,-1.082949150404064,-0.04723381665362312,0.4055599569760843,-1.0,-1.8369701987210297e-16,0.017303801685383036
2003-10,523.3225806451613,6.2601980629252525,0.04227465531962338,300.6,1.0544419652814818,0.25932937102474896,-0.3462583459625982,0.5352589582519287,-0.8660254037844386,0.5000000000000001,-0.5792306342906439
2003-11,658.4333333333333,6.489863275865845,0.8085061351740128,225.5,1.1891370865662623,0.9619096837597424,0.14714908923443604,0.6196803539235867,-0.5000000000000004,0.8660254037844384,0.04227465531962338
2003-12,207.8709677419355,5.336917539811719,0.4760810805853204,146.1,1.6316713832775793,1.8667098104847775,0.5580114162577836,1.013001341816084,-2.4492935982947064e-16,1.0,0.8085061351740128
2004-01,129.42903225806452,4.8631327174741,0.48740484484371827,81.5,0.8255838808406637,1.9740725123281875,1.2802779427256676,0.9851451216247084,0.49999999999999994,0.8660254037844387,0.4760810805853204
2004-02,67.2,4.207673247529104,0.04615341469888179,33.699999999999996,-0.3553860272083063,1.06729170465391,1.3013657359362059,0.8803859457784384,0.8660254037844386,0.5000000000000001,0.48740484484371827
2004-03,54.46451612903226,3.9975494094231974,-0.12537791536575726,69.6,0.15189560187569207,0.09686706170411283,1.607278016927426,0.8439154697603146,1.0,6.123233995736766e-17,0.04615341469888179
2004-04,83.74,4.4277167605909975,-0.2697258937551359,162.7,0.5241091994097608,0.11079337062186034,1.2608796766779757,0.441162143155312,0.8660254037844387,-0.49999999999999983,-0.12537791536575726
2004-05,179.17419354838708,5.188358480953918,-0.6661941843383818,192.9,-0.5657380832711242,-0.20174272703804094,0.328997522650334,0.24204710605689173,0.49999999999999994,-0.8660254037844387,-0.2697258937551359
2004-06,137.61,4.92442359727719,-0.8796554809053037,242.0,-0.11492906002681604,-0.34490653994133236,-0.35135926719930693,0.1570239108582057,1.2246467991473532e-16,-1.0,-0.6661941843383818
2004-07,215.36774193548385,5.372346994619116,-0.13530621783506724,244.4,0.28121362400214045,-0.38516057570328743,-0.39215503105616234,0.584545699945167,-0.4999999999999998,-0.8660254037844388,-0.8796554809053037
2004-08,322.77741935483874,5.776962981516663,-0.005539204263766528,224.3,-0.47535864076898526,-0.26577098553974243,-0.44848854173831876,0.43885517643952193,-0.8660254037844384,-0.5000000000000004,-0.13530621783506724
2004-09,1050.6666666666667,6.95718016230966,0.7545338876337766,244.6,0.03191570886345412,-0.23600094866795007,-0.4555498785180572,0.6270595414444312,-1.0,-1.8369701987210297e-16,-0.005539204263766528
2004-10,278.10322580645163,5.627992360620512,-0.5899310469851171,85.3,-1.8741515248250047,-1.3055596764192383,-1.248349548138005,-0.23741816557576478,-0.8660254037844386,0.5000000000000001,0.7545338876337766
2004-11,363.5933333333333,5.896036026968383,0.21467888627655007,116.0,-0.08819035523667229,-1.083778921006493,-0.9946245734600377,-0.6661186012725142,-0.5000000000000004,0.8660254037844384,-0.5899310469851171
2004-12,130.93548387096774,4.8747047123537515,0.013868253127353292,45.5,-0.16844391019833563,-1.4380292479144978,-1.0554620459825366,-1.0504536655122862,-2.4492935982947064e-16,1.0,0.21467888627655007
2005-01,122.75806451612904,4.8102154632223,0.4344875905919183,46.1,-0.003337899084744314,-0.3749347875135978,-1.3113778398149938,-1.2055240921817445,0.49999999999999994,0.8660254037844387,0.013868253127353292
2005-02,63.121428571428574,4.1450603089087,-0.0164595239215215,21.099999999999998,-0.7787499960150897,-0.7619598639376729,-1.3777385220890974,-1.218639094625359,0.8660254037844386,0.5000000000000001,0.4344875905919183
2005-03,36.148387096774194,3.587632330646038,-0.5352949941429168,7.0,-1.8734973258537277,-1.5400971845662554,-2.1511718791027463,-1.342466418236806,1.0,6.123233995736766e-17,-0.0164595239215215
2005-04,356.1166666666667,5.875258392520887,1.177815738174754,187.3,0.7484800789724115,-0.3520084708064325,-0.5670457044885674,-1.2615160572829567,0.8660254037844387,-0.49999999999999983,-0.5352949941429168
2005-05,512.8774193548387,6.240036867991953,0.38548420269965344,268.6,0.256362035849217,0.06716936064847769,-0.35819716540325386,-0.9971708074796402,0.49999999999999994,-0.8660254037844387,1.177815738174754
2005-06,432.23333333333335,6.068965565886729,0.26488648770423495,179.1,-0.8902508872887694,-0.0707623445182059,-0.8311877380295812,-1.3493241702086576,1.2246467991473532e-16,-1.0,0.38548420269965344
2005-07,274.2258064516129,5.613951878132212,0.10629866567802893,189.3,-0.35626499950906865,-0.6673885824959316,-0.9364751449333918,-1.6128185611126598,-0.4999999999999998,-0.8660254037844388,0.26488648770423495
2005-08,954.6451612903226,6.861339712577333,1.078837526796904,386.7,1.247115565388163,0.009321602051559963,-0.03821444023038922,-0.9399997956388543,-0.8660254037844384,-0.5000000000000004,0.10629866567802893
2005-09,714.5333333333333,6.571629648952586,0.36898337427670214,242.10000000000002,0.002087182794025127,0.4573246102599655,0.23174081230759835,-0.9950556162874328,-1.0,-1.8369701987210297e-16,1.078837526796904
2005-10,704.4193548387096,6.557373853301221,0.3394504456955918,479.6,2.4999709579569847,2.2189955668818655,1.179977725179226,0.6148814171343542,-0.8660254037844386,0.5000000000000001,0.36898337427670214
2005-11,279.06666666666666,5.631450701903735,-0.04990643878809742,106.30000000000001,-0.23582841187514905,1.532187851412088,1.0130359349251805,0.5825412417612674,-0.5000000000000004,0.8660254037844384,0.3394504456955918
2005-12,95.99677419354839,4.564314588752734,-0.2965218704736641,10.399999999999999,-1.6847007655304622,1.4097431194765069,1.2192197070693307,0.4362870171264422,-2.4492935982947064e-16,1.0,-0.04990643878809742
2006-01,75.6741935483871,4.326437198073821,-0.04929067455656089,44.4,-0.05268084278796614,-1.0157727523352653,1.5063993323868827,0.43191912959239975,0.49999999999999994,0.8660254037844387,-0.2965218704736641
2006-02,57.20357142857143,4.046616333999046,-0.11490349883117545,24.6,-0.6479737635772225,-1.3911498355489431,0.8488478959222394,0.43174353178850083,0.8660254037844386,0.5000000000000001,-0.04929067455656089
2006-03,110.00967741935484,4.700568338462297,0.5776410136733423,277.7,2.292781784159037,1.5458576890485132,2.0442529155194054,1.2957863257186464,1.0,6.123233995736766e-17,-0.11490349883117545
2006-04,202.13333333333333,5.308927545660052,0.6114848913139186,129.8,0.18594307563666818,1.3086452910316102,0.5596725860058116,1.1158262180124603,0.8660254037844387,-0.49999999999999983,0.5776410136733423
2006-05,576.183870967742,6.356426830185998,0.5018741648936986,333.0,0.8408092521181568,1.7030470774353028,1.0640939075607652,1.3076969988801075,0.49999999999999994,-0.8660254037844387,0.6114848913139186
2006-06,504.26666666666665,6.223105228676138,0.4190261504936439,343.7,0.8913217942574313,1.0648115866444925,1.7052858647882019,1.910318535125942,1.2246467991473532e-16,-1.0,0.5018741648936986
2006-07,286.19354838709677,5.656668324545056,0.14901511209087293,370.5,1.4453273560021207,1.6812590506019292,2.1945581471951563,2.5207407289694035,-0.4999999999999998,-0.8660254037844388,0.4190261504936439
2006-08,310.6741935483871,5.738744753884029,-0.04375743189640069,,,,,,-0.8660254037844384,-0.5000000000000004,0.14901511209087293
2006-09,341.3666666666667,5.832957168413282,-0.36968910626260154,155.6,-1.19204106863785,,,,-1.0,-1.8369701987210297e-16,-0.04375743189640069
2006-10,233.9225806451613,5.454990208670367,-0.7629331989352623,276.3,0.818488857094625,,,,-0.8660254037844386,0.5000000000000001,-0.36968910626260154
2006-11,229.14666666666665,5.434362264336857,-0.2469948763549752,59.9,-1.1124391948400967,-0.7044605822633794,,,-0.5000000000000004,0.8660254037844384,-0.7629331989352623
2006-12,239.1032258064516,5.476895365826435,0.6160589066000366,95.7,0.892229901687709,0.270703383986067,,,-2.4492935982947064e-16,1.0,-0.2469948763549752
2007-01,56.63225806451613,4.036578753328933,-0.33914911930144864,15.7,-1.2188107138752922,-0.8652862155200192,,,0.49999999999999994,0.8660254037844387,0.6160589066000366
2007-02,52.76428571428572,3.9658345549194336,-0.19568527791078827,89.4,0.7912182674691347,0.43818972028178454,-0.4345099819896673,,0.8660254037844386,0.5000000000000001,-0.33914911930144864
2007-03,337.81290322580645,5.822492201470725,1.6995648766817704,170.4,1.409440173239064,0.9790832845675445,0.7737149476156016,,1.0,6.123233995736766e-17,-0.19568527791078827
2007-04,261.24333333333334,5.565452284612115,0.8680096302659814,196.2,0.8249108673713885,1.454590603301231,0.7585260051107193,,0.8660254037844387,-0.49999999999999983,1.6995648766817704
2007-05,679.2258064516129,6.520953629639897,0.6664009643475977,353.9,1.0143722475463115,1.6001616132816836,1.5718979955307288,,0.49999999999999994,-0.8660254037844387,0.8680096302659814
2007-06,318.3333333333333,5.76309905181262,-0.040980026369873634,234.0,-0.2052952409658532,0.926177868291685,1.232985827990718,,1.2246467991473532e-16,-1.0,0.6664009643475977
2007-07,207.4516129032258,5.334898121649717,-0.1727550908044666,202.79999999999998,-0.18959821044646485,0.30564621881984416,1.1593897703137712,,-0.4999999999999998,-0.8660254037844388,-0.040980026369873634
2007-08,455.93548387096774,6.122351316765654,0.3398491309852245,303.9,0.44588499312058605,-0.07868301270476911,1.0782602918825825,0.532329897436067,-0.8660254037844384,-0.5000000000000004,-0.1727550908044666
2007-09,557.1,6.322744757026769,0.12009848235088594,286.6,0.5052305420337372,0.2988530258229858,0.7967134155911354,1.0703256391172107,-1.0,-1.8369701987210297e-16,0.3398491309852245
2007-10,306.7741935483871,5.72611195105429,-0.4918114565513392,208.7,0.08058726715027335,0.4532478254355995,0.4993087826303905,0.7997218216361207,-0.8660254037844386,0.5000000000000001,0.12009848235088594
2007-11,218.53333333333333,5.386938558201565,-0.29441858249026787,86.9,-0.5613350889854317,-0.022298753738496845,-0.1609601063438304,0.8996524157454958,-0.5000000000000004,0.8660254037844384,-0.4918114565513392
2007-12,302.6548387096774,5.712593010016525,0.8517565507901272,134.3,1.4750817502209501,0.25521244738999993,0.33182266840386954,1.004636879011336,-2.4492935982947064e-16,1.0,-0.29441858249026787
2008-01,71.18709677419355,4.265311576913129,-0.11041629571725231,31.0,-0.4962809338727508,0.1535687760844416,0.4099285516127351,1.0628341728239887,0.49999999999999994,0.8660254037844387,0.8517565507901272
2008-02,47.786206896551725,3.866737039206807,-0.2947827936234151,30.6,-0.44865960116345155,0.38205274491646707,0.10432182159986948,0.8299744491859388,0.8660254037844386,0.5000000000000001,-0.11041629571725231
2008-03,38.89354838709678,3.660828385638119,-0.46209893915083544,34.3,-0.6097072112857126,-1.124407232947826,-0.412697214640014,0.3620823727836454,1.0,6.123233995736766e-17,-0.2947827936234151
2008-04,69.97333333333333,4.248114217087615,-0.4493284372585187,189.5,0.7675881505911841,0.01031322531843562,0.018131842150743094,0.3326621584121563,0.8660254037844387,-0.49999999999999983,-0.46209893915083544
2008-05,249.03870967741935,5.517608344933853,-0.33694432035844635,214.39999999999998,-0.3128813315217272,-0.10727296967891631,0.014341701686429559,-0.16720570353318448,0.49999999999999994,-0.8660254037844387,-0.4493284372585187
2008-06,288.22666666666663,5.663747207621742,-0.14033187056075214,96.8,-2.2697370441828086,-1.113618627321336,-1.6397537701347362,-0.7326485889383524,1.2246467991473532e-16,-1.0,-0.33694432035844635
2008-07,378.158064516129,5.935312268310599,0.4276590558564157,222.5,0.040693516686992406,-1.4145965608861462,-1.337202823030406,-0.6651101836389061,-0.4999999999999998,-0.8660254037844388,-0.14033187056075214
2008-08,407.7741935483871,6.010713574010412,0.22821138822998233,248.3,-0.17723265847410394,-1.2401976373469799,-1.1415947315351924,-0.9096064116061761,-0.8660254037844384,-0.5000000000000004,0.4276590558564157
2008-09,549.3,6.308644740348575,0.10599846567269111,263.8,0.25448557242452213,-0.08983821738518943,-0.8414777818709377,-1.0525526606312414,-1.0,-1.8369701987210297e-16,0.22821138822998233
2008-10,335.3225806451613,5.815092995806967,-0.4028304117986625,154.89999999999998,-0.6316979434222251,-0.44182839257048423,-1.4255466560158603,-1.2866312560929107,-0.8660254037844386,0.5000000000000001,0.10599846567269111
2008-11,298.8,5.699774453258662,0.018417312566829658,85.9,-0.5794199438390423,-0.6029963877947563,-1.4490229499104477,-1.2521585670137374,-0.5000000000000004,0.8660254037844384,-0.4028304117986625
2008-12,135.41935483870967,4.908376295895432,0.04753983666903405,90.2,0.7975634188371976,-0.5799973316322649,-0.47178784885710445,-1.3910637423799967,-2.4492935982947064e-16,1.0,0.018417312566829658
2009-01,88.34193548387097,4.481214915412987,0.10548704278260512,108.19999999999999,1.3035183005460829,0.4963517556819238,-0.14423263384361748,-1.0689788776052969,0.49999999999999994,0.8660254037844387,0.04753983666903405
2009-02,193.7392857142857,5.26651336716521,1.1049935343349881,93.2,0.8496755517955414,1.3470770960193512,0.21325323382370934,-0.78268878001154,0.8660254037844386,0.5000000000000001,0.10548704278260512
2009-03,97.09677419354838,4.575708153257775,0.4527808284688204,84.5,0.39216623702730147,1.0673170876453097,0.21164011452314604,-0.5094955314753857,1.0,6.123233995736766e-17,1.1049935343349881
2009-04,110.60333333333332,4.705950227271808,0.008507572925674722,84.3,-0.3947106357493145,0.07648230770024066,0.27345122986354947,-0.9122134713358446,0.8660254037844387,-0.49999999999999983,0.4527808284688204
2009-05,431.8806451612903,6.0681492657216936,0.2135966004293941,341.8,0.9147282650824357,0.3872298716895313,0.9713187170761457,-0.4643380870878366,0.49999999999999994,-0.8660254037844387,0.008507572925674722
2009-06,679.3,6.521062856197256,0.7169837780147619,293.4,0.4226620905185493,0.511172980818808,0.9469057980320927,0.22440577952470228,1.2246467991473532e-16,-1.0,0.2135966004293941
2009-07,204.3548387096774,5.319857888270093,-0.18779532418409062,95.3,-1.8358635772133165,-0.05893495604622294,-0.12931167322134623,-0.2527686517463072,-0.4999999999999998,-0.8660254037844388,0.7169837780147619
2009-08,211.32258064516128,5.35338578424673,-0.42911640153369923,232.7,-0.3686675657934836,-0.8561938279097301,-0.4684655777778222,-0.32526040601219525,-0.8660254037844384,-0.5000000000000004,-0.18779532418409062
2009-09,917.9333333333333,6.822124766342163,0.6194784916662792,225.1,-0.20643256512350014,-1.4428113645913048,-0.6491390819889432,-0.49667392052279224,-1.0,-1.8369701987210297e-16,-0.42911640153369923
2009-10,623.8064516129032,6.435840146558347,0.21791673895271746,245.6,0.5001400846986596,-0.1843523005203189,-0.22950243237332274,-0.12501933673172969,-0.8660254037844386,0.5000000000000001,0.6194784916662792
2009-11,219.63333333333333,5.391959489251665,-0.2893976514401677,125.39999999999999,0.047112818645097254,0.07614031196579478,-0.680507333457221,0.04871730102983413,-0.5000000000000004,0.8660254037844384,0.21791673895271746
2009-12,97.25483870967743,4.577334736630232,-0.28350172259616624,31.1,-0.6207590898609976,0.03474195866491624,-1.0836030829316874,-0.17575271657351793,-2.4492935982947064e-16,1.0,-0.2893976514401677
2010-01,106.30322580645162,4.666295631138185,0.2905677585078035,103.7,1.2286917511315494,0.2415881364934577,-0.07410492423285142,-0.1943705647898258,0.49999999999999994,0.8660254037844387,-0.28350172259616624
2010-02,63.449999999999996,4.150252194160396,-0.011267638669825608,60.5,0.28397733666917696,0.3751153107049615,0.18452730154786007,-0.31092562949709596,0.8660254037844386,0.5000000000000001,0.2905677585078035
2010-03,58.08387096774194,4.06188801718923,-0.061039307599724424,78.0,0.29114822377133276,0.6811297865305838,0.3872662788383754,-0.27762961590602075,1.0,6.123233995736766e-17,-0.011267638669825608
2010-04,42.473333333333336,3.7488764280202327,-0.9485662263259007,87.1,-0.3534546339226799,-0.25322683506186366,-0.12100202806304755,-0.27809459832085437,0.8660254037844387,-0.49999999999999983,-0.061039307599724424
2010-05,277.01612903225805,5.624075732045458,-0.23047693324684104,299.7,0.5489267670396019,0.08032776787425291,0.17254679372938833,-0.4526652724408734,0.49999999999999994,-0.8660254037844387,-0.9485662263259007
2010-06,445.8333333333333,6.099945190102052,0.29586611191955825,209.1,-0.5006542251157498,-0.35763784043242525,-0.006100777260179132,-0.8386688984248946,1.2246467991473532e-16,-1.0,-0.23047693324684104
2010-07,502.93548387096774,6.220461899191405,0.7128086867372216,352.7,1.2985343375448475,0.7115640781818344,0.37335674935201346,0.15476804152640306,-0.4999999999999998,-0.8660254037844388,0.29586611191955825
2010-08,389.5483870967742,5.964988086341584,0.18248590056115432,267.6,0.04873231225781937,0.4464771901481856,0.3263609553491572,0.27965647566639995,-0.8660254037844384,-0.5000000000000004,0.7128086867372216
2010-09,401.56666666666666,5.995373563604697,-0.2072727110711865,215.0,-0.3353791080667567,0.5653717225972531,0.12890887727777128,0.26535077952699,-1.0,-1.8369701987210297e-16,0.18248590056115432
2010-10,1041.1935483870968,6.948122976776872,0.7301995691712433,261.1,0.6639398605280826,0.09050754493738593,0.5681832980473777,0.3159700668868009,-0.8660254037844386,0.5000000000000001,-0.2072727110711865
2010-11,173.73333333333332,5.15752155658258,-0.5238355841092526,89.2,-0.5202803696487716,-0.14412260477408156,0.17728542201566458,0.1857678376786243,-0.5000000000000004,0.8660254037844384,0.7301995691712433
2010-12,87.16129032258064,4.467760314034998,-0.3930761451914,87.1,0.7425541567613536,0.31305940517870173,0.5698862440077573,0.38938003770011215,-2.4492935982947064e-16,1.0,-0.5238355841092526
2011-01,64.8741935483871,4.172449910555411,-0.20327796207497073,42.2,-0.11848437391001462,-0.239210922957505,-0.08205665688185572,0.1618453735996158,0.49999999999999994,0.8660254037844387,-0.3930761451914
2011-02,51.378571428571426,3.939221187258052,-0.22229864557216983,171.0,1.8151101183611202,1.4239414677078783,0.6163104241943993,0.5534769844074886,0.8660254037844386,0.5000000000000001,-0.20327796207497073
2011-03,41.74516129032258,3.731583547342478,-0.3913437774464765,46.7,-0.29758902005347265,0.8425981689801717,0.713430975478815,0.44600760650394755,1.0,6.123233995736766e-17,-0.22229864557216983
2011-04,177.25666666666666,5.177598776364551,0.4801561220184176,273.2,1.408600758553276,1.6591936878364102,1.2098488331120372,1.0406531159132633,0.8660254037844387,-0.49999999999999983,-0.3913437774464765
2011-05,560.4967741935484,6.328823487265588,0.4742708219732883,335.09999999999997,0.8585635691570129,1.2497341347099202,1.734006324143637,1.1424642786392258,0.49999999999999994,-0.8660254037844387,0.4801561220184176
2011-06,773.5666666666667,6.651011854620603,0.8469327764381092,253.7,0.013687979132301175,1.3977730780348605,1.550225648798124,1.349569723450792,1.2246467991473532e-16,-1.0,0.4742708219732883
2011-07,522.9677419354839,6.259519783263053,0.7518665708088692,446.9,2.0288531168735418,1.62462941850192,2.3918721709582758,1.6915415752730347,-0.4999999999999998,-0.8660254037844388,0.8469327764381092
2011-08,416.19354838709677,6.03115041260704,0.24864822682661103,426.2,1.5901611375740021,1.9754848073012856,2.376829536984032,2.220058169147428,-0.8660254037844384,-0.5000000000000004,0.7518665708088692
2011-09,783.2333333333333,6.66343065074645,0.4607843760705661,287.0,0.5095097935740494,2.3778154283094834,2.606236578467052,2.5983648459867856,-1.0,-1.8369701987210297e-16,0.24864822682661103
2011-10,363.64516129032256,5.896178560559385,-0.3217448470462445,136.4,-0.9156120429500627,0.7684580957845517,1.7590156188640602,2.146265088008428,-0.8660254037844386,0.5000000000000001,0.4607843760705661
2011-11,212.47,5.358800801927547,-0.3225563387642856,101.6,-0.31068004290081475,-0.44482406297717536,1.3013913732315014,2.1635161741987567,-0.5000000000000004,0.8660254037844384,-0.3217448470462445
2011-12,79.84516129032258,4.380089275333655,-0.48074718389274285,75.7,0.5285457045882347,-0.742886003851666,1.4786956870319712,2.0497895582809,-2.4492935982947064e-16,1.0,-0.3225563387642856
2012-01,62.00967741935484,4.127290460273668,-0.24843741235671324,72.4,0.6398163413512395,0.1256820631009596,0.6627474735029137,2.15658580087412,0.49999999999999994,0.8660254037844387,-0.48074718389274285
2012-02,68.24827586206897,4.2231521716517495,0.06163233882152763,123.69999999999999,1.2722754334767745,1.1664997318395627,0.21683586862792573,1.9423439002002953,0.8660254037844386,0.5000000000000001,-0.24843741235671324
2012-03,270.26129032258063,5.599389232973517,1.4764619081845627,176.0,1.4629128291320401,1.729915678628946,0.644086891540688,2.2106126460716684,1.0,6.123233995736766e-17,0.06163233882152763
2012-04,274.03333333333336,5.613249753489979,0.9158070991438452,142.3,0.3204750767958805,1.3697107235540436,1.1155496911378688,1.8364239045472184,0.8660254037844387,-0.49999999999999983,1.4764619081845627
2012-05,499.4516129032258,6.213510722331691,0.3589580570393913,230.29999999999998,-0.13674143434481292,0.6282956084810956,1.0666955686470276,1.5198699340998307,0.49999999999999994,-0.8660254037844387,0.9158070991438452
2012-06,225.86666666666667,5.419944854669735,-0.38413422351275894,102.1,-2.159688951585692,-1.336897395202948,0.04642823285944536,1.1015776080554325,1.2246467991473532e-16,-1.0,0.3589580570393913
2012-07,239.51612903225808,5.4786207591857545,-0.02903245326842896,133.7,-1.1442592865757404,-1.9590712933560706,-0.6055890262662534,-0.008556220615325984,-0.4999999999999998,-0.8660254037844388,-0.38413422351275894
2012-08,156.3548387096774,5.05212803136023,-0.7303741544201996,204.8,-0.7339415611174248,-2.2581049339764183,-1.2343150434825023,-0.9008786340811958,-0.8660254037844384,-0.5000000000000004,-0.02903245326842896
2012-09,148.14666666666665,4.998202774047698,-1.2044435006281855,114.3,-1.933869375286468,-2.326119828553655,-2.603256825270625,-1.7273859691072029,-1.0,-1.8369701987210297e-16,-0.7303741544201996
2012-10,227.1290322580645,5.4255182800339865,-0.7924051275716426,237.3,0.40961562107043487,-1.2876207177472194,-2.4508202885330412,-1.2557744301451432,-0.8660254037844386,0.5000000000000001,-1.2044435006281855
2012-11,313.0,5.746203190540153,0.06484604984832032,87.5,-0.5505533200302757,-1.142207831530064,-2.5854612521101323,-1.27945846849887,-0.5000000000000004,0.8660254037844384,-0.7924051275716426
2012-12,161.31935483870967,5.083385970733035,0.22254951150663693,66.80000000000001,0.3462490765076196,-0.05117413410382962,-1.747962899533555,-1.2667955878241353,-2.4492935982947064e-16,1.0,0.06484604984832032
2013-01,59.07419354838709,4.078794171661757,-0.2969337009686246,40.2,-0.18037306568075812,-0.5445994049794005,-1.3842451142637626,-1.412138596152685,0.49999999999999994,0.8660254037844387,0.22254951150663693
2013-02,35.00714285714286,3.5555521223002433,-0.6059677105299786,33.4,-0.3641651934009398,-0.33144882484262383,-1.2211637835229807,-1.7532646910523726,0.8660254037844386,0.5000000000000001,-0.2969337009686246
2013-03,29.370967741935484,3.3800066946825162,-0.7429206301064384,42.0,-0.4080777684840316,-0.8014576582695255,-0.548954523682673,-2.155557981475814,1.0,6.123233995736766e-17,-0.6059677105299786
2013-04,87.54666666666667,4.472171984525228,-0.2252706698209055,147.7,0.3761629078504989,-0.2771530947069927,-0.6074402845286367,-2.152831873678798,0.8660254037844387,-0.49999999999999983,-0.7429206301064384
2013-05,683.6774193548387,6.527486197249635,0.6729335319573355,270.5,0.27486077111565027,0.04840841208314343,-0.19602311737302583,-2.0188267770738415,0.49999999999999994,-0.8660254037844387,-0.2252706698209055
2013-06,334.9,5.813831979800159,0.009752901617664733,346.2,0.9134067509810478,0.8020884485267169,0.2436416745248952,-1.1193546346021512,1.2246467991473532e-16,-1.0,0.6729335319573355
2013-07,162.88387096774193,5.093037498844381,-0.41461571360980276,226.6,0.08688660315785159,0.6093900322599782,0.26593112170354716,-0.7548901632795658,-0.4999999999999998,-0.8660254037844388,0.009752901617664733
2013-08,143.64193548387095,4.967323643813683,-0.8151785419667466,241.2,-0.26332395822141547,0.3580739557653403,0.2320856710074139,-0.6231364927885336,-0.8660254037844384,-0.5000000000000004,-0.41461571360980276
2013-09,324.9310344827586,5.783612958220282,-0.41903331645560105,92.5,-2.4057194657537604,-1.383794981971672,-0.38672824328145633,-0.742794566507565,-1.0,-1.8369701987210297e-16,-0.8151785419667466
2013-10,691.4516129032259,6.538793174546932,0.32086976694130254,393.4,1.8566703944592184,-0.021474880279806055,0.41088740704751897,-0.09344429705367385,-0.8660254037844386,0.5000000000000001,-0.41903331645560105
2013-11,583.2,6.3685301806944485,0.6871730400026159,234.1,1.270277030948381,0.8928056304428988,0.8018603500382195,0.4916573368252461,-0.5000000000000004,0.8660254037844384,0.32086976694130254
2013-12,122.30000000000001,4.8064770426931265,-0.0543594165332717,38.8,-0.3641665200721246,1.8324136101140165,0.3483767885941732,0.3739475334438316,-2.4492935982947064e-16,1.0,0.6871730400026159
2014-01,61.94516129032258,4.126249498330921,-0.24947837429946063,10.0,-1.631193918164634,0.48195169525960563,0.18518854137311452,0.26339108941644623,0.49999999999999994,0.8660254037844387,-0.0543594165332717
2014-02,46.589285714285715,3.841370594401579,-0.32014923842864285,64.2,0.35655916666611165,-0.7569262955430617,0.42975342820499546,0.3668084896098961,0.8660254037844386,0.5000000000000001,-0.24947837429946063
2014-03,22.49451612903226,3.11327155190541,-1.0096557728835447,14.0,-1.380401018244077,-1.263406312440351,1.0476200875186181,0.28184748559148864,1.0,6.123233995736766e-17,-0.32014923842864285
2014-04,49.52333333333333,3.902443938981152,-0.7949987153649816,116.7,0.03528625935455075,-0.560616851855689,-0.17557771307129205,0.1693298701736492,0.8660254037844387,-0.49999999999999983,-1.0096557728835447
2014-05,193.51290322580644,5.265344193584102,-0.5892084717081971,223.9,-0.20662225577774626,-0.7521271279031282,-1.1194954559892665,-0.010244872084662151,0.49999999999999994,-0.8660254037844387,-0.7949987153649816
2014-06,234.15,5.455961935629551,-0.348117142552943,170.7,-1.0073053343785956,-1.0248596789322555,-1.6176740413847899,-0.7075967808690027,1.2246467991473532e-16,-1.0,-0.5892084717081971
2014-07,280.19354838709677,5.635480608609621,0.12782739615543726,249.9,0.3393481787606736,-0.6164450288732873,-1.0157947126573768,-0.6253078676602484,-0.4999999999999998,-0.8660254037844388,-0.348117142552943
2014-08,292.39677419354837,5.6781116956449615,-0.10439049013546775,320.3,0.6150309205011804,-0.07745293209285568,-0.6577123240911167,-0.32407663016587285,-0.8660254037844384,-0.5000000000000004,0.12782739615543726
2014-09,431.13793103448273,6.066428064508526,-0.1362182101673577,327.4,0.9229598609328824,0.944860047147222,0.02311607143830443,0.6096834155811319,-1.0,-1.8369701987210297e-16,-0.10439049013546775
2014-10,244.74193548387098,5.500204330852928,-0.7177190767527009,124.9,-1.105798555959705,0.281556280642778,-0.31109278674343965,-0.47587673795412067,-0.8660254037844386,0.5000000000000001,-0.1362182101673577
2014-11,371.43333333333334,5.917369395384899,0.2360122546930663,161.7,0.5137081826496003,0.2006782637002633,-0.008734587493869517,-0.7524500115592773,-0.5000000000000004,0.8660254037844384,-0.7177190767527009
2014-12,93.88709677419355,4.542092962226644,-0.3187434969997538,37.5,-0.4048119612543725,-0.6442535276327404,0.32450966514071183,-0.726761619044933,-2.4492935982947064e-16,1.0,0.2360122546930663
2015-01,101.5741935483871,4.620789502372788,0.24506162974240642,95.3,1.0833199704677456,0.5998820044912019,0.4936190936487112,-0.38858480724954314,0.49999999999999994,0.8660254037844387,-0.3187434969997538
2015-02,116.28928571428571,4.75608092900632,0.5945610961760979,168.3,1.7867955341443817,1.4309377462772344,0.8909098874347141,0.015758466860609183,0.8660254037844386,0.5000000000000001,0.24506162974240642
2015-03,54.73870967741936,4.002571131493634,-0.12035619329532032,39.3,-0.475539711293597,1.2071986966821202,0.27696967027470404,0.1355182290230841,1.0,6.123233995736766e-17,0.5945610961760979
2015-04,180.57999999999998,5.196173892879333,0.4987312385331997,187.2,0.7476080816646974,1.0701415585070204,1.102642982169919,0.36583050654341226,0.8660254037844387,-0.49999999999999983,-0.12035619329532032
2015-05,110.1516129032258,4.701857715930306,-1.1526949493619938,184.2,-0.6735285737184786,-0.309432561919677,0.47522720910941635,0.21472787369931762,0.49999999999999994,-0.8660254037844387,0.4987312385331997
2015-06,333.3666666666667,5.809242985314361,0.005163907131866985,125.0,-1.7265335917118851,-1.1499898611129418,-0.24491123735007916,0.040357994177054185,1.2246467991473532e-16,-1.0,-1.1526949493619938
2015-07,109.61290322580645,4.696955097746731,-0.8106981147074528,109.1,-1.567777867282115,-2.3780966487390005,-1.1788493522216665,-0.5023859946060761,-0.4999999999999998,-0.8660254037844388,0.005163907131866985
2015-08,458.4193548387097,6.127784387106716,0.3452822013262864,212.7,-0.6272446839368812,-2.2039862363891762,-2.010447055169482,-0.9566894098398723,-0.8660254037844384,-0.5000000000000004,-0.8106981147074528
2015-09,499.86206896551727,6.214332198296287,0.011685923620403216,274.1,0.36946783806480776,-1.099361743865411,-1.6175275855038074,-1.2393912167133605,-1.0,-1.8369701987210297e-16,0.3452822013262864
2015-10,331.2258064516129,5.802800337505885,-0.41512307009974414,197.1,-0.06145282505585796,-0.32114302950091894,-1.9782975948470407,-0.9156853465923362,-0.8660254037844386,0.5000000000000001,0.011685923620403216
2015-11,286.3333333333333,5.657156633316146,-0.024200507375686797,135.1,0.17976801511044402,0.1474064466836124,-1.5552030888118125,-0.9973806704081654,-0.5000000000000004,0.8660254037844384,-0.41512307009974414
2015-12,246.96774193548387,5.509257728647644,0.6484212694212461,98.7,0.9423962465257857,0.2629638840829726,-0.6817140292924526,-0.7069219481343715,-2.4492935982947064e-16,1.0,-0.024200507375686797
2016-01,99.25806451612904,4.597723170836896,0.2219952982065143,36.9,-0.28728905038292407,0.35442660313419216,-0.1253586699566539,-0.9507431971320317,0.49999999999999994,0.8660254037844387,0.6484212694212461
2016-02,100.82758620689656,4.613411990883195,0.45189215805297334,128.8,1.3363551481893325,1.0968448085023692,0.6450733936088389,-1.080013868927998,0.8660254037844386,0.5000000000000001,0.2219952982065143
2016-03,73.16129032258064,4.292666460362496,0.1697391355735416,46.9,-0.29306361458237135,0.3928784892775122,0.38220945498424436,-0.9407311437763932,1.0,6.123233995736766e-17,0.45189215805297334
2016-04,199.41,5.2953630067216,0.5979203523754668,185.5,0.7327376760425064,0.842494287721604,0.7848024943605196,-0.9612443891468532,0.8660254037844387,-0.49999999999999983,0.1697391355735416
2016-05,366.73870967741937,5.904649631756917,0.05009696646461759,242.10000000000002,-0.011248039666623055,0.14695174739663872,0.6280965622741347,-0.7696371656854941,0.49999999999999994,-0.8660254037844387,0.5979203523754668
2016-06,559.0666666666667,6.326268726628498,0.5221896484460036,232.4,-0.22361711191535932,0.10651661569824472,0.20011909792169955,-0.42029838972264943,1.2246467991473532e-16,-1.0,0.05009696646461759
2016-07,306.9,5.72652196162569,0.21886874917150667,372.5,1.4615359436638478,0.6302786724756282,0.9761427758739049,0.5672057672977778,-0.4999999999999998,-0.8660254037844388,0.5221896484460036
2016-08,372.5806451612903,5.920453511464793,0.13795132568436408,295.1,0.3526280482166571,0.8384291851832233,0.6954356295428937,0.8627707637777384,-0.8660254037844384,-0.5000000000000004,0.21886874917150667
2016-09,495.1034482758621,6.204766727149955,0.0021204524740712216,203.5,-0.4872858357388634,0.7856327678738465,0.5898390639454382,0.6528864279019693,-1.0,-1.8369701987210297e-16,0.13795132568436408
2016-10,604.8709677419355,6.405015158824573,0.1870917512189436,158.29999999999998,-0.582091876172153,-0.5149383616876477,0.10374501012929899,0.48986093321731833,-0.8660254037844386,0.5000000000000001,0.0021204524740712216
2016-11,897.4333333333333,6.799538837194966,1.1181816965031333,205.79999999999998,0.995499449866793,-0.12740102150272248,0.5090533709140513,0.7608302404611312,-0.5000000000000004,0.8660254037844384,0.1870917512189436
2016-12,268.0967741935484,5.59134801306788,0.7305115538414819,54.8,0.07282119425484185,0.16914469040247407,0.6516400577679402,0.5780600578195774,-2.4492935982947064e-16,1.0,1.1181816965031333
2017-01,118.29677419354839,4.773196502595219,0.39746862996483756,56.8,0.28201054973154344,0.8240255729196826,-0.013584338465246502,0.6526916716525752,0.49999999999999994,0.8660254037844387,0.7305115538414819
2017-02,72.44642857142857,4.282847372471298,0.12132753964107579,81.4,0.662802415073369,0.3483904282545596,-0.0026160059071712654,0.4662010571339688,0.8660254037844386,0.5000000000000001,0.39746862996483756
2017-03,111.36774193548388,4.712837715860356,0.5899103910714016,132.3,1.012489296754444,0.9358959969200086,0.6658764162703809,0.7457308325433215,1.0,6.123233995736766e-17,0.12132753964107579
2017-04,202.66,5.311529698020172,0.6140870436740382,174.5,0.634308581340355,1.0264449141351613,1.1897338663683648,0.705259476955076,0.8660254037844387,-0.49999999999999983,0.5899103910714016
2017-05,799.4516129032259,6.683926008745469,0.8293733434531694,140.3,-1.2789336002952263,-0.0436765155397403,0.051229099108678795,0.35400437130917184,0.49999999999999994,-0.8660254037844387,0.6140870436740382
2017-06,809.5333333333333,6.696457949951609,0.8923788717691146,447.5,1.7330789720995188,0.7887370953756253,1.0927604288747426,1.1090248838588481,1.2246467991473532e-16,-1.0,0.8293733434531694
2017-07,540.6451612903226,6.292763169550928,0.7851099570967444,268.7,0.5318960545677197,0.6836372804207835,1.1499626697383674,0.7686528299506591,-0.4999999999999998,-0.8660254037844388,0.8923788717691146
2017-08,595.1935483870968,6.388886644056736,0.6063844582763069,199.39999999999998,-0.8085013389715455,0.9222799285962671,0.642111710805603,0.4199974962829307,-0.8660254037844384,-0.5000000000000004,0.7851099570967444
2017-09,1790.25,7.49011055388705,1.2874642792111661,500.9,2.397123078198869,1.359057854333323,1.4568626128871685,1.5672138211001239,-1.0,-1.8369701987210297e-16,0.6063844582763069
2017-10,,,,334.8,1.3664604223739625,1.8327909552207617,1.7844184016735267,2.154739544477801,-0.8660254037844386,0.5000000000000001,1.2874642792111661
2017-11,,,,181.89999999999998,0.7438052806846549,2.5348959344686723,2.406869362813522,2.050872523352697,-0.5000000000000004,0.8660254037844384,
2017-12,,,,28.8,-0.7060442985308643,1.0824875077903067,1.6525589905574454,1.8937364937825616,-2.4492935982947064e-16,1.0,
2018-01,,,,108.10000000000001,1.3018770188349067,0.8373803632057882,1.8974327272348421,2.069030848810815,0.49999999999999994,0.8660254037844387,
2018-02,,,,57.8,0.22918998765062,0.36816376614597207,2.363755413429733,1.9310616997794294,0.8660254037844386,0.5000000000000001,
2018-03,,,,67.69999999999999,0.11884664805935742,0.5998847759976522,1.186246213453809,1.63971289428301,1.0,6.123233995736766e-17,
2018-04,,,,332.2,1.7884644254782645,1.464783587322602,1.5540859494041468,2.100245761991086,0.8660254037844387,-0.49999999999999983,
2018-05,,,,286.4,0.4263907589924054,1.419882746164953,1.3746550758223424,2.515127846543572,0.49999999999999994,-0.8660254037844387,
2018-06,498.4347826086956,6.211472753578858,0.4073936753963636,183.0,-0.837188360619726,1.0347033400101284,1.1054144675465225,1.853469006147642,1.2246467991473532e-16,-1.0,
2018-07,254.19354838709677,5.538095978366779,0.030442765912595426,245.9,0.29715382013196234,-0.15413908465990336,0.8052108312579316,1.8164814704863412,-0.4999999999999998,-0.8660254037844388,0.4073936753963636
2018-08,939.6129032258065,6.8454679853701235,1.0629657995896942,308.6,0.49496282313139667,-0.09839457709341232,0.9150084669638356,2.183841064334489,-0.8660254037844384,-0.5000000000000004,0.030442765912595426
2018-09,358.3333333333333,5.881463651893654,-0.32118262278222964,191.79999999999998,-0.6479395877632179,-0.010754748972168429,0.6653759762775258,1.226656274366045,-1.0,-1.8369701987210297e-16,1.0629657995896942
2018-10,246.0,5.5053315359323625,-0.7125918716732667,60.4,-2.501951713399669,-1.2518875570233159,-1.0229104103789681,0.16493865025750762,-0.8660254037844386,0.5000000000000001,-0.32118262278222964
2018-11,220.16666666666666,5.394384835294271,-0.2869723053975619,112.1,-0.14650364045602396,-1.830253950542947,-1.2869846026605867,-0.0970844737704738,-0.5000000000000004,0.8660254037844384,-0.7125918716732667
2018-12,82.26451612903226,4.409939861964295,-0.45089659726210307,37.6,-0.40165083450921885,-1.8768120195729674,-1.0767023694109652,-0.056809277953204534,-2.4492935982947064e-16,1.0,-0.2869723053975619
2019-01,71.11612903225806,4.2643141610440685,-0.11141371158631319,42.7,-0.10332708603239074,-0.5725140388118302,-1.3688097150502687,-0.31104711381490946,0.49999999999999994,0.8660254037844387,-0.45089659726210307
2019-02,44.73571428571428,3.8007721599161086,-0.36074767291411325,13.6,-1.1114697940652696,-1.0979768264105148,-2.1920269622853947,-0.4695016372747727,0.8660254037844386,0.5000000000000001,-0.11141371158631319
2019-03,54.52258064516129,3.9986149396252357,-0.1243123851637189,191.5,1.605624574197555,0.7330242359051691,-0.9272911483726002,0.0325720957832435,1.0,6.123233995736766e-17,-0.36074767291411325
2019-04,83.53333333333333,4.425245753793858,-0.2721969005522755,78.8,-0.4786108185888067,0.26025735801718347,-0.18587880196942,-0.891761423248836,0.8660254037844387,-0.49999999999999983,-0.1243123851637189
2019-05,1061.383870967742,6.967328874280352,1.1127762089880529,323.3,0.7578388489243224,0.8999597397275702,0.3348445343392523,-0.7797991873879768,0.49999999999999994,-0.8660254037844387,-0.2721969005522755
2019-06,568.7,6.343353054312754,0.5392739761302598,186.3,-0.7928934466240682,-0.4140986811643572,-0.017620993591319977,-0.8414836880303836,1.2246467991473532e-16,-1.0,1.1127762089880529
2019-07,311.8709677419355,5.742589537338227,0.23493632488404348,174.70000000000002,-0.5458525797912561,-0.3525903588287682,-0.2635594475985134,-1.1514449263086752,-0.4999999999999998,-0.8660254037844388,0.5392739761302598
2019-08,295.3225806451613,5.688068252623465,-0.09443393315696458,284.6,0.23891226864559564,-0.690814639153073,0.06470662980929788,-1.2752973478810872,-0.8660254037844384,-0.5000000000000004,0.23493632488404348
2019-09,832.7,6.724673433241774,0.5220271585658907,152.4,-1.244197741157819,-0.976826483277732,-1.0266131550022333,-1.5190271453972848,-1.0,-1.8369701987210297e-16,-0.09443393315696458
2019-10,415.3225806451613,6.02905552104679,-0.1888678865588389,211.9,0.11883764336014772,-0.5733862965390005,-0.7285722355230277,-0.8379181905973899,-0.8660254037844386,0.5000000000000001,0.5220271585658907
2019-11,308.93333333333334,5.733125503890111,0.0517683631982786,99.3,-0.3481744513626952,-0.934491821157444,-1.2469380249281852,-0.8615043904743498,-0.5000000000000004,0.8660254037844384,-0.1888678865588389
2019-12,115.0741935483871,4.745577081626497,-0.11525937759990157,57.199999999999996,0.13050619804031677,-0.24663545946173157,-0.9415991275436897,-0.7466372157789652,-2.4492935982947064e-16,1.0,0.0517683631982786
2020-01,76.89354838709677,4.342421976855538,-0.033305895774844,56.5,0.27452532274172115,-0.30710880961695625,-0.6731702738157015,-0.6944748761868077,0.49999999999999994,0.8660254037844387,-0.11525937759990157
2020-02,54.327586206896555,3.995032131210855,-0.16648770161936666,116.60000000000001,1.1802823061687129,0.7584329226140849,-0.4259921889991247,-0.27410253622717107,0.8660254037844386,0.5000000000000001,-0.033305895774844
2020-03,70.60645161290323,4.257121522943085,0.13419419815413036,137.6,1.0716965985112759,1.2696951784353256,0.6033325740956728,-0.41208555462032276,1.0,6.123233995736766e-17,-0.16648770161936666
2020-04,47.39333333333333,3.8584815718332273,-0.8389610825129061,66.1,-0.6893749428193933,0.5459309025912782,0.19124716901186178,-0.46919924734242163,0.8660254037844387,-0.49999999999999983,0.13419419815413036
2020-05,58.561290322580646,4.070073903607381,-1.7844787616849187,166.29999999999998,-0.9068222906728852,-0.6261277762812641,-0.19794206944037082,-1.0849300457117708,0.49999999999999994,-0.8660254037844387,-0.8389610825129061
2020-06,397.34666666666664,5.9848091154411405,0.18073003725864645,265.5,0.13944506916930552,-1.137277900469709,-0.18697576638603597,-0.8571796533439884,1.2246467991473532e-16,-1.0,-1.7844787616849187
2020-07,262.6774193548387,5.570926736981985,0.06327352452780133,471.8,2.2052316093581332,0.9425810662070281,1.0513261456287135,0.2854850891433939,-0.4999999999999998,-0.8660254037844388,0.18073003725864645
2020-08,246.09677419354838,5.505724849605083,-0.2767773361753463,159.79999999999998,-1.4029289999821122,0.8227364308609428,0.19838140220338815,-0.19655715463003512,-0.8660254037844384,-0.5000000000000004,0.06327352452780133
2020-09,322.3,5.775482788821392,-0.42716348585449104,178.3,-0.8418496934711317,0.4052837231694144,-0.47107659059000984,-0.09168628563701138,-1.0,-1.8369701987210297e-16,-0.2767773361753463
2020-10,335.2903225806452,5.814996791083241,-0.4029266165223877,158.2,-0.5835404189575079,-1.7963064903522794,-0.3952995352525271,-0.3170603586642174,-0.8660254037844386,0.5000000000000001,-0.42716348585449104
2020-11,199.7,5.296816240421769,-0.38454090027006327,165.0,0.5525365187634916,-0.6274084445246849,0.19532236918603388,-0.0332483542497669,-0.5000000000000004,0.8660254037844384,-0.4029266165223877
2020-12,96.68709677419355,4.5714799579219365,-0.28935650130446167,72.7,0.4687578115574278,-0.015805397523817464,0.2466224939233058,0.029885252543872927,-2.4492935982947064e-16,1.0,-0.38454090027006327
2021-01,59.23225806451613,4.081466293224453,-0.29426157940592823,15.899999999999999,-1.2065519396438276,0.16910495581164628,-1.3909662162559044,-0.1258620897732649,0.49999999999999994,0.8660254037844387,-0.28935650130446167
2021-02,42.978571428571435,3.7607016526110475,-0.40081818021917437,21.1,-0.7787499960150897,-0.8128140024246612,-0.990875530336678,-0.4837872760809456,0.8660254037844386,0.5000000000000001,-0.29426157940592823
2021-03,49.119354838709675,3.8942531493615404,-0.2286741754274142,79.5,0.3149433774180254,-0.787655799453571,-0.5105259808034625,-0.6261867987600881,1.0,6.123233995736766e-17,-0.40081818021917437
2021-04,268.47,5.592739175862877,0.8952965215167437,153.0,0.42952359502654686,0.0032713925843509367,0.02208812633229795,-0.3230323726550883,0.8660254037844387,-0.49999999999999983,-0.2286741754274142
2021-05,514.7741935483871,6.24372834538308,0.38917568009078085,357.2,1.0411629445303143,0.8769609664231405,0.4039951755271072,0.3212173562495348,0.49999999999999994,-0.8660254037844387,0.8952965215167437
2021-06,366.3333333333333,5.903543665735512,0.09946458755301801,301.4,0.5005582920094089,1.0960217171438666,0.5207780210015822,0.4517865990427719,1.2246467991473532e-16,-1.0,0.38917568009078085
2021-07,352.64516129032256,5.865462342562813,0.35780913010862925,262.6,0.4704235239869264,1.0370622152862032,0.8140330410859077,-0.3271502845742865,-0.4999999999999998,-0.8660254037844388,0.09946458755301801
2021-08,199.25806451612902,5.294600791210753,-0.4879013945696764,160.7,-1.3883437551243933,-0.17781810409712714,0.4206018109973558,-0.33552496472470217,-0.8660254037844384,-0.5000000000000004,0.35780913010862925
2021-09,419.73333333333335,6.039619588995029,-0.16302668568085465,218.39999999999998,-0.2915236766248686,-0.7499486554347858,0.23267514866252825,-0.17868571533623065,-1.0,-1.8369701987210297e-16,-0.4879013945696764
2021-10,321.71935483870965,5.773679596683583,-0.4442438109220461,132.6,-0.9771802493458314,-1.6620984876607707,-0.23434104321280697,-0.28867300924697203,-0.8660254037844386,0.5000000000000001,-0.16302668568085465
2021-11,83.42,4.423888088768799,-1.2574690519230334,123.0,0.013235218374666588,-0.8485789157730184,-0.7763226119138286,-0.4387519859382943,-0.5000000000000004,0.8660254037844384,-0.4442438109220461
2021-12,65.95483870967742,4.188970245837767,-0.6718662133886308,63.599999999999994,0.27678024500181886,-0.690451807561851,-1.0508768405286146,-0.4553632442383942,-2.4492935982947064e-16,1.0,-1.2574690519230334
2022-01,60.11612903225806,4.0962781754574955,-0.27944969717288615,35.4,-0.33807969595722087,-0.1966013917276845,-1.5007105862769246,-0.3806885604885492,0.49999999999999994,0.8660254037844387,-0.6718662133886308
2022-02,42.5,3.7495040759303713,-0.4120157568998506,84.0,0.7053812791160672,0.22967489495135138,-0.6720757936591144,-0.12990376286406125,0.8660254037844386,0.5000000000000001,-0.27944969717288615
2022-03,46.62580645161291,3.8421541743637344,-0.2807731504252202,113.8,0.7930647113453098,0.5960586052061637,-0.2233661241996089,0.03222837150644509,1.0,6.123233995736766e-17,-0.4120157568998506
2022-04,66.33793103448275,4.1947618457320415,-0.5026808086140919,172.70000000000002,0.6178202932369156,0.9068324439087204,0.5555126610501542,0.09133744650030137,0.8660254037844387,-0.49999999999999983,-0.2807731504252202
2022-05,75.06129032258065,4.318304984107756,-1.5362476811845438,70.0,-2.623944208880631,-0.7363825324971698,-0.6009716869721198,-0.9741044512978575,0.49999999999999994,-0.8660254037844387,-0.5026808086140919
2022-06,91.75,4.51906748693468,-1.2850115912478142,216.0,-0.41652255554296846,-1.4784909947896954,-0.9494368646134846,-1.4191880218958262,1.2246467991473532e-16,-1.0,-1.5362476811845438
2022-07,273.34838709677416,5.610747124817927,0.1030939123637431,290.2,0.7415191247705067,-1.0961892458349856,-0.3842336781463182,-1.325540613418947,-0.4999999999999998,-0.8660254037844388,-1.2850115912478142
2022-08,310.23870967741937,5.737342032374744,-0.04516015340568558,294.9,0.3504873117566164,0.28316413477112257,-0.33816676618590324,-0.7826966291882209,-0.8660254037844384,-0.5000000000000004,0.1030939123637431
2022-09,703.4,6.555925720039882,0.3532794453639987,486.0,2.2847694578763806,1.9180718490889437,0.5839711153248717,0.2919341685056231,-1.0,-1.8369701987210297e-16,-0.04516015340568558
2022-10,1022.5483870967741,6.930053209141324,0.7121298015356947,471.1,2.439935913655609,2.9304043551902126,1.5262035679456112,1.5428147303275943,-0.8660254037844386,0.5000000000000001,0.3532794453639987
2022-11,330.8,5.801513963149536,0.12015682245770343,127.60000000000001,0.07778673337083775,2.860828690105462,2.2283605683989407,1.5459023039789932,-0.5000000000000004,0.8660254037844384,0.7121298015356947
2022-12,122.03225806451613,4.804285420147883,-0.05655103907851533,42.2,-0.26215729639123014,1.6825006256231017,2.4556918682037665,1.419670291490242,-2.4492935982947064e-16,1.0,0.12015682245770343
2023-01,84.55483870967741,4.437400302680196,0.06167243004981415,51.7,0.15097422813557126,-0.20266062528787238,2.425336659519324,1.4815197108304676,0.49999999999999994,0.8660254037844387,-0.05655103907851533
2023-02,46.03214285714286,3.82933991023553,-0.33217992259469176,18.8,-0.872111426773564,-0.7619598639376718,2.2958738438584976,1.2210175067342495,0.8660254037844386,0.5000000000000001,0.06167243004981415
2023-03,36.49032258064516,3.597047090657162,-0.5258802341317925,27.500000000000004,-0.8168917717937518,-1.0878767861780683,0.9581736492787609,0.8994886339698032,1.0,6.123233995736766e-17,-0.33217992259469176
2023-04,50.44666666666667,3.920916672598266,-0.7765259817478674,96.2,-0.22540123092179207,-1.1734570947140637,-1.029153478966225,0.6490476208561006,0.8660254037844387,-0.49999999999999983,-0.5258802341317925
2023-05,110.78064516129032,4.707552076394556,-1.1470005888977433,271.7,0.2864997818475791,-0.4258807768591907,-0.821246991304818,1.2794984549454433,0.49999999999999994,-0.8660254037844387,-0.7765259817478674
2023-06,177.93666666666667,5.181427681734935,-0.6226513964475586,275.3,0.24108407365826512,-0.01210940573228607,-0.617505181447391,1.5424007627198528,1.2246467991473532e-16,-1.0,-1.1470005888977433
2023-07,119.0741935483871,4.779746774028148,-0.7279064384260359,196.29999999999998,-0.26887704816755903,0.020215103678603324,-0.7363707680295478,1.2572529428440329,-0.4999999999999998,-0.8660254037844388,-0.6226513964475586
2023-08,137.09354838709677,4.920663527744731,-0.8618386580356985,286.0,0.25423352325393217,0.024485727058023956,-0.36143632864958314,1.2322777026932445,-0.8660254037844384,-0.5000000000000004,-0.7279064384260359
2023-09,160.37333333333333,5.077504430572109,-1.1251418441037746,225.3,-0.2039189198314645,-0.275609643830935,-0.2578680924802301,0.3216243051859755,-1.0,-1.8369701987210297e-16,-0.8618386580356985
2023-10,239.5193548387097,5.478634227108529,-0.7392891804971002,114.1,-1.2958780339158251,-0.7479385486503988,-0.5498343897138037,-1.1734544586849314,-0.8660254037844386,0.5000000000000001,-1.1251418441037746
2023-11,172.70333333333335,5.151575286259552,-0.5297818544322803,128.4,0.08885287475084981,-0.8996399414354384,-0.6405417617704671,-1.1331771234748624,-0.5000000000000004,0.8660254037844384,-0.7392891804971002
2023-12,62.564516129032256,4.136198282394876,-0.7246381768315224,46.6,-0.13824694265532775,-0.9854226659043895,-0.8482809690888594,-1.0696757265140167,-2.4492935982947064e-16,1.0,-0.5297818544322803
2024-01,41.84516129032258,3.7339761699480167,-0.6417517026823649,36.9,-0.28728905038292407,-0.3208300815450174,-0.8251552510912594,-1.1376694880214564,0.49999999999999994,0.8660254037844387,-0.7246381768315224
2024-02,45.255172413793105,3.8123169711004725,-0.34920286172974935,70.9,0.48144168908550694,-0.1357397476797431,-0.912867478893275,-0.8896944933506427,0.8660254037844386,0.5000000000000001,-0.6417517026823649
2024-03,34.87096774193548,3.551654613154062,-0.5712727116348928,64.4,0.05992232566606488,-0.047151329665343196,-0.9003336785606509,-0.6559426181330132,1.0,6.123233995736766e-17,-0.34920286172974935
2024-04,154.14666666666665,5.037904530139011,0.3404618757928777,141.9,0.3162946479566362,0.2050681812388612,-0.09866514432704596,-0.5007975039560331,0.8660254037844387,-0.49999999999999983,-0.5712727116348928
2024-05,720.5903225806452,6.5800707685549895,0.7255181032626901,220.1,-0.2487533106213332,-0.19294184422263375,-0.3240805446411972,-0.7163614286990796,0.49999999999999994,-0.8660254037844387,0.3404618757928777
2024-06,248.96666666666667,5.517319018694911,-0.286760059487583,248.0,-0.04846329775121577,-0.25277070232434196,-0.35262820137408973,-0.8967228034891316,1.2246467991473532e-16,-1.0,0.7255181032626901
2024-07,177.49354838709678,5.1789342611399505,-0.328718951314233,287.2,0.7128948124069339,0.093596314101174,0.08696685795510618,-0.5437399407873568,-0.4999999999999998,-0.8660254037844388,-0.286760059487583
2024-08,744.2258064516129,6.612344492080462,0.8298423063000326,276.0,0.1436789282851664,0.3418817728615288,0.056980159469580384,-0.5984479827212765,-0.8660254037844384,-0.5000000000000004,-0.328718951314233
2024-09,613.9333333333333,6.419886344619157,0.21724006994327372,184.79999999999998,-0.7472759611647093,0.0006669647270897145,-0.22261422198639488,-0.7973242364628973,-1.0,-1.8369701987210297e-16,0.8298423063000326
2024-10,390.38709677419354,5.967138802697121,-0.2507846049085085,173.3,-0.3715269243403837,-0.6828089138224879,-0.44704614928662667,-0.5445396288290641,-0.8660254037844386,0.5000000000000001,0.21724006994327372
2024-11,167.21666666666667,5.119290376703512,-0.5620667639883203,158.7,0.477955185121392,-0.5078957073428811,-0.1365356069363065,-0.395033892384722,-0.5000000000000004,0.8660254037844384,-0.2507846049085085
2024-12,84.17096774193548,4.43285006062603,-0.42798639860036847,111.4,1.1445979760842997,0.35886503162344635,0.1754916883898364,-0.1257213768824413,-2.4492935982947064e-16,1.0,-0.5620667639883203
2025-01,63.37419354838709,4.149056736755623,-0.22667113587475907,23.8,-0.7934198988780715,0.5938579119488091,-0.27875733430014576,-0.17730164745850935,0.49999999999999994,0.8660254037844387,-0.42798639860036847
2025-02,42.88928571428572,3.758622044491434,-0.40289778833878787,45.3,-0.04869312115045476,0.19932557025469871,-0.40376551838831815,-0.26728299414332884,0.8660254037844386,0.5000000000000001,-0.22667113587475907
2025-03,41.79032258064516,3.7326647955170182,-0.3902625292719364,64.7,0.06536250562897816,-0.5356386276886275,-0.05228372640249396,-0.21300092657650008,1.0,6.123233995736766e-17,-0.40289778833878787
2025-04,162.09666666666666,5.088192865091993,0.3907502107458596,194.1,0.8070821227470516,0.42159022032954613,0.5881109780644834,-0.03996070582341213,0.8660254037844387,-0.49999999999999983,-0.3902625292719364
2025-05,471.03225806451616,6.154926580130885,0.3003739148385858,328.9,0.8059344374453031,0.8651281272050154,0.7892730057140629,0.3151220940308714,0.49999999999999994,-0.8660254037844387,0.3907502107458596
2025-06,237.96666666666667,5.472130607840305,-0.3319484703421889,209.5,-0.49572595004472747,0.5966062930302235,0.16287218468460948,0.1757405486719992,1.2246467991473532e-16,-1.0,0.3003739148385858
2025-07,152.99032258064514,5.030374668285106,-0.4772785441690779,207.5,-0.13333493523380796,0.036181054674329235,0.17983284786131204,-0.1207946130120594,-0.4999999999999998,-0.8660254037844388,-0.3319484703421889
2025-08,504.83870967741933,6.224238991483153,0.4417368057027238,338.0,0.7913085658822533,0.008714340520257095,0.5510302800141166,0.10763395522546906,-0.8660254037844384,-0.5000000000000004,-0.4772785441690779
2025-09,648.2333333333333,6.474250713842727,0.2716044391668433,184.6,-0.7501516558804742,-0.1204790434646325,0.2760276787187496,0.122733603993335,-1.0,-1.8369701987210297e-16,0.4417368057027238
2025-10,371.06451612903226,5.916375945410864,-0.30154746219476536,131.6,-0.9935854185034095,-0.5346106582872875,-0.3943164147080562,-0.05268131243804419,-0.8660254037844386,0.5000000000000001,0.2716044391668433
2025-11,392.56666666666666,5.972706374179393,0.29134923348756026,220.1,1.137174331424971,-0.358986740366893,-0.31371818736814633,0.20400067232601185,-0.5000000000000004,0.8660254037844384,-0.30154746219476536
2025-12,124.60967741935484,4.825186271229452,-0.035650187996946414,66.0,0.32909294003385436,0.15966490854450507,-0.04343134366534866,0.028748795390985887,-2.4492935982947064e-16,1.0,0.29134923348756026
2026-01,71.3483870967742,4.267574738156114,-0.10815313447426789,35.300000000000004,-0.34151839486453295,0.8620808610044267,-0.006261653578271091,0.07230427926346049,0.49999999999999994,0.8660254037844387,-0.035650187996946414
2026-02,186.22142857142856,5.22693644184879,1.065416609018568,217.7,2.2674442843605416,1.5844802449006523,0.5578773730357217,0.6871609026110129,0.8660254037844386,0.5000000000000001,-0.10815313447426789
2026-03,256.47419354838706,5.547028049601495,1.4241007248125408,195.2,1.6386268690774208,2.238097021369228,1.653776313018629,1.0872829315646773,1.0,6.123233995736766e-17,1.065416609018568
2026-04,533.5666666666667,6.279584023884542,1.5821413695384088,235.39999999999998,1.1373381516459582,2.482952491820996,2.449255662073163,1.2127957853421818,0.8660254037844387,-0.49999999999999983,1.4241007248125408
2026-05,287.93548387096774,5.662736440704069,-0.1918162245882309,241.79999999999998,-0.014387105910866328,1.3449547937209743,1.9021029010644757,0.9290751175701795,0.49999999999999994,-0.8660254037844387,1.5821413695384088
2026-06,216.69333333333333,5.378483143571307,-0.42559593461118705,152.7,-1.2722811426776113,-0.10749736757017687,1.3284338270041158,0.7764886193506741,1.2246467991473532e-16,-1.0,-0.1918162245882309
2026-07,244.4,5.4988062272974405,-0.008846985156742981,176.1,-0.5272155056805988,-1.1372055106451049,1.0274515523557812,0.6812537156085198,-0.4999999999999998,-0.8660254037844388,-0.42559593461118705
2026-08,263.93684210526317,5.5757098400754295,-0.20679234570499982,,,,,,-0.8660254037844384,-0.5000000000000004,-0.008846985156742981
