,discharge_cfs_mean,log_q,log_q_anomaly,precip_mm_sum,spi_1,spi_3,spi_6,spi_12,month_sin,month_cos,log_q_anomaly_lag1
1961-04,40.36666666666667,3.698004361890937,0.08210542127810694,45.0,-0.9072737579299558,-0.6428451023321602,0.5390929695337874,0.829364315092666,0.8660254037844387,-0.49999999999999983,
1961-05,46.096774193548384,3.830742973444721,-0.3007585291209409,136.2,-0.28386138220349955,-0.605910469156272,0.2194945387308368,0.8768249290285676,0.49999999999999994,-0.8660254037844387,0.08210542127810694
1961-06,26.6,3.2809112157876537,-0.5040257100861134,99.2,-0.33286006912971156,-0.7472582147616101,-0.8771424023966418,0.6595582891197842,1.2246467991473532e-16,-1.0,-0.3007585291209409
1961-07,49.87096774193548,3.909439024662221,0.23221652481749855,137.4,0.2062351366323716,-0.3913018977293754,-0.664433583630574,0.4694101367217909,-0.4999999999999998,-0.8660254037844388,-0.5040257100861134
1961-08,50.32258064516129,3.9184538957584363,0.0584681353671721,178.2,0.4037349960786256,-0.0724176831093491,-0.49235526047888484,0.3992111878709371,-0.8660254037844384,-0.5000000000000004,0.23221652481749855
1961-09,42.766666666666666,3.755758982953481,-0.45405129487931584,135.3,-0.39555239760463834,-0.08899423546460637,-0.6739238185815529,-0.34723049018384305,-1.0,-1.8369701987210297e-16,0.0584681353671721
1961-10,115.0,4.74493212836325,0.4151600063689882,206.0,0.2067147260620557,-0.01474203319816749,-0.4332687025254024,-0.05871134968097584,-0.8660254037844386,0.5000000000000001,-0.45405129487931584
1961-11,105.43333333333334,4.658078841643493,0.17349822747029187,272.29999999999995,0.9856982326512387,0.41638388121122144,0.22458973689908965,0.2548150690316968,-0.5000000000000004,0.8660254037844384,0.4151600063689882
1961-12,122.2258064516129,4.805870206533455,0.6393812243603607,181.2,1.0595788927034608,0.9017913800254774,0.6685798669414771,-0.12260259351770394,-2.4492935982947064e-16,1.0,0.17349822747029187
1962-01,64.74193548387096,4.170409144311192,0.401851838190908,,,,,,0.49999999999999994,0.8660254037844387,0.6393812243603607
1962-02,38.535714285714285,3.6515854550829308,0.17966830457740457,,,,,,0.8660254037844386,0.5000000000000001,0.401851838190908
1962-03,31.612903225806452,3.4535653671794715,0.11517381992533737,,,,,,1.0,6.123233995736766e-17,0.17966830457740457
1962-04,80.06666666666666,4.382859620977773,0.7669606803649431,,,,,,0.8660254037844387,-0.49999999999999983,0.11517381992533737
1962-05,130.74193548387098,4.873225422143163,0.7417239195775007,,,,,,0.49999999999999994,-0.8660254037844387,0.7669606803649431
1962-06,165.73333333333332,5.110380070968446,1.3254431450946793,,,,,,1.2246467991473532e-16,-1.0,0.7417239195775007
1962-07,71.03225806451613,4.263134112797479,0.5859116129527564,,,,,,-0.4999999999999998,-0.8660254037844388,1.3254431450946793
1962-08,60.935483870967744,4.109815663016363,0.24982990262509874,,,,,,-0.8660254037844384,-0.5000000000000004,0.5859116129527564
1962-09,91.13333333333334,4.5123236356217395,0.3025133577889427,,,,,,-1.0,-1.8369701987210297e-16,0.24982990262509874
1962-10,113.48387096774194,4.731660720812357,0.40188859881809513,,,,,,-0.8660254037844386,0.5000000000000001,0.3025133577889427
1962-11,47.46666666666667,3.8600277103097658,-0.6245529038634356,,,,,,-0.5000000000000004,0.8660254037844384,0.40188859881809513
1962-12,43.12903225806452,3.764196372616797,-0.4022926095562971,,,,,,-2.4492935982947064e-16,1.0,-0.6245529038634356
1963-01,46.354838709677416,3.8363256815938787,0.06776837547359493,123.2,0.9674402283926752,,,,0.49999999999999994,0.8660254037844387,-0.4022926095562971
1963-02,46.17857142857143,3.8325158685966536,0.3605987180911274,45.3,-0.4146408313802828,,,,0.8660254037844386,0.5000000000000001,0.06776837547359493
1963-03,37.55806451612903,3.625888122557824,0.28749657530369,108.1,0.9174300762356185,0.7497362536827042,,,1.0,6.123233995736766e-17,0.3605987180911274
1963-04,128.6,4.856706811803519,1.2408078711906887,276.09999999999997,2.058571369004794,1.719006479475679,,,0.8660254037844387,-0.49999999999999983,0.28749657530369
1963-05,103.90322580645162,4.643459944846053,0.5119584422803909,211.2,0.3108542963624476,1.215617007705717,,,0.49999999999999994,-0.8660254037844387,1.2408078711906887
1963-06,69.66666666666667,4.243721963296702,0.45878503742293475,95.4,-0.3912454463049279,0.7887968502288852,0.9071297020837114,,1.2246467991473532e-16,-1.0,0.5119584422803909
1963-07,73.06451612903226,4.2913428334319885,0.614120333587266,117.2,-0.11293690264695537,-0.11770472408165303,0.6234992875010411,,-0.4999999999999998,-0.8660254037844388,0.45878503742293475
1963-08,61.806451612903224,4.1240077540456594,0.26402199365439527,134.7,-0.3175232483163326,-0.6076682805771945,0.5737806548869325,,-0.8660254037844384,-0.5000000000000004,0.614120333587266
1963-09,60.63333333333333,4.104844796855967,-0.1049654809768299,111.1,-0.786624627830709,-0.8150445844422287,0.19145692031657768,,-1.0,-1.8369701987210297e-16,0.26402199365439527
1963-10,31.806451612903224,3.459669150117489,-0.870102971876773,70.1,-1.5200460959225084,-1.4827598013148868,-1.114661991766558,,-0.8660254037844386,0.5000000000000001,-0.1049654809768299
1963-11,59.63333333333333,4.088214701846564,-0.39636591232663765,106.1,-0.6540636648349945,-1.6302796942047406,-1.7160747014848377,,-0.5000000000000004,0.8660254037844384,-0.870102971876773
1963-12,33.70967741935484,3.517784959913765,-0.648704022259329,45.0,-1.3419035105946602,-1.8091982708453476,-1.9804253399127019,-0.5156359845371895,-2.4492935982947064e-16,1.0,-0.39636591232663765
1964-01,38.41935483870968,3.648561364870154,-0.11999594125012969,71.8,-0.10548961176356009,-1.2062372639333871,-1.9667530926615153,-0.6963653603678942,0.49999999999999994,0.8660254037844387,-0.648704022259329
1964-02,19.862068965517242,2.9888118307094174,-0.4831053197961088,54.199999999999996,-0.17114415818025888,-0.9661737158867422,-1.9660703994681406,-0.6874088057571732,0.8660254037844386,0.5000000000000001,-0.11999594125012969
1964-03,17.451612903225808,2.8594320743613353,-0.47895947289279883,54.5,-0.1941783361833075,-0.4271002069934785,-1.8107136157650778,-0.908372057534511,1.0,6.123233995736766e-17,-0.4831053197961088
1964-04,53.0,3.970291913552122,0.35439297293929206,174.8,1.1272929079442482,0.540693722209032,-0.5474149077599691,-1.242851220838831,0.8660254037844387,-0.49999999999999983,-0.47895947289279883
1964-05,21.93548387096774,3.088105593685006,-1.043395908880656,32.8,-1.764539640513094,-0.5439004651294597,-0.9504983150881816,-1.9670856699411208,0.49999999999999994,-0.8660254037844387,0.35439297293929206
1964-06,32.6,3.484312288372662,-0.30062463750110524,74.3,-0.7487784143462686,-0.7373112833824751,-0.8918508653984728,-2.0365140537252757,1.2246467991473532e-16,-1.0,-1.043395908880656
1964-07,52.32258064516129,3.957428030190212,0.28020553034548934,197.3,0.9997200129251852,-0.8017348890793988,-0.4685190071425747,-1.5734027023083694,-0.4999999999999998,-0.8660254037844388,-0.30062463750110524
1964-08,53.38709677419355,3.977569083326017,0.11758332293475293,181.3,0.45042813513787056,0.20417545304887277,-0.2924549308531706,-1.350190952181839,-0.8660254037844384,-0.5000000000000004,0.28020553034548934
1964-09,59.9,4.092676505121403,-0.11713377271139347,121.4,-0.6136559022384096,0.27570327689513674,-0.45567611838244004,-1.316951725421558,-1.0,-1.8369701987210297e-16,0.11758332293475293
1964-10,84.41935483870968,4.435796698044999,0.10602457605073745,129.8,-0.60293517216819,-0.5828646139556591,-1.128024552523249,-1.1770498024937472,-0.8660254037844386,0.5000000000000001,-0.11713377271139347
1964-11,37.43333333333333,3.622561573076288,-0.8620190410969135,63.0,-1.3743234820229375,-1.413318153356352,-0.989428265951355,-1.2946553222846027,-0.5000000000000004,0.8660254037844384,0.10602457605073745
1964-12,34.74193548387097,3.5479474726712423,-0.6185415095018518,78.3,-0.5111640101710403,-1.3717360137446324,-0.9023575850562993,-1.1948450371549344,-2.4492935982947064e-16,1.0,-0.8620190410969135
1965-01,44.96774193548387,3.805945386835323,0.037388080715039074,51.699999999999996,-0.6709349971048135,-1.5337572302437683,-1.4175143770442193,-1.3119865539819315,0.49999999999999994,0.8660254037844387,-0.6185415095018518
1965-02,21.321428571428573,3.059712603217398,-0.41220454728812816,35.699999999999996,-0.7180186221865422,-1.0377253981823114,-1.8172191442632377,-1.4124541497631902,0.8660254037844386,0.5000000000000001,0.037388080715039074
1965-03,20.483870967741936,3.0196377944075454,-0.3187537528465887,15.1,-1.741976067414769,-1.7594842759703562,-2.0250529406205087,-1.6302296364971172,1.0,6.123233995736766e-17,-0.41220454728812816
1965-04,25.990000000000002,3.257711848653399,-0.35818709195943077,67.8,-0.3827211371700527,-1.4586273064446036,-2.048118737232841,-2.0252530502415835,0.8660254037844387,-0.49999999999999983,-0.3187537528465887
1965-05,123.41935483870968,4.815587945515052,0.6840864429493898,247.6,0.548578433892525,-0.09434175937581614,-0.5853248829364729,-1.191794206353451,0.49999999999999994,-0.8660254037844387,-0.35818709195943077
1965-06,92.8,4.530446639792155,0.7455097139183877,221.20000000000002,1.047190369514834,0.5963930231861729,0.0016534089508209073,-0.638789290352577,1.2246467991473532e-16,-1.0,0.6840864429493898
1965-07,69.7741935483871,4.245264221467913,0.5680417216231906,101.39999999999999,-0.3895762941801712,0.5615839954079772,-0.020672665015632266,-0.8949252625814557,-0.4999999999999998,-0.8660254037844388,0.7455097139183877
1965-08,88.03225806451613,4.4777033162231925,0.6177175558319283,223.3,1.036957041430957,0.8199363309046346,0.33744458028933305,-0.7288950549650232,-0.8660254037844384,-0.5000000000000004,0.5680417216231906
1965-09,54.266666666666666,3.9939101649003304,-0.21590011293246647,146.5,-0.2306927154788959,0.06484960555389306,0.4171383835894334,-0.6536764721768128,-1.0,-1.8369701987210297e-16,0.6177175558319283
1965-10,69.83870967741936,4.246188435951444,-0.08358368604281807,71.2,-1.498787546780983,-0.524128494831334,0.04478909459236195,-0.8980776273544431,-0.8660254037844386,0.5000000000000001,-0.21590011293246647
1965-11,105.66666666666667,4.660289485209171,0.17570887103596977,148.1,-0.13071949291715057,-1.0310031064746497,-0.28837712063216164,-0.5871508564071973,-0.5000000000000004,0.8660254037844384,-0.08358368604281807
1965-12,165.90322580645162,5.11140464128977,0.9449156591166759,116.3,0.1748993024049361,-0.8832825438450328,-0.7174451762239965,-0.5082731936397876,-2.4492935982947064e-16,1.0,0.17570887103596977
1966-01,50.74193548387097,3.9267526985731314,0.15819539245284764,31.6,-1.4200552615263238,-0.5175107511060717,-0.7833878430285667,-0.5863715504153044,0.49999999999999994,0.8660254037844387,0.9449156591166759
1966-02,25.071428571428573,3.2217288938506075,-0.25018825665491873,46.5,-0.37998685485027744,-0.6673894970567886,-1.3015713968280822,-0.5696444219877698,0.8660254037844386,0.5000000000000001,0.15819539245284764
1966-03,39.96774193548387,3.688072677143996,0.3496811298898619,87.6,0.5482554449703182,-0.6437939118086525,-1.126101950030776,-0.3525580273571827,1.0,6.123233995736766e-17,-0.25018825665491873
1966-04,50.7,3.9259259105971376,0.3100269699843077,100.2,0.18271974292880264,0.054211406290889934,-0.39261974953550877,-0.21765091469356998,0.8660254037844387,-0.49999999999999983,0.3496811298898619
1966-05,52.03225806451613,3.9518638736400624,-0.17963762892559965,101.7,-0.636968872715569,-0.3551954514737886,-0.6539051383303948,-0.7128604834979397,0.49999999999999994,-0.8660254037844387,0.3100269699843077
1966-06,37.56666666666667,3.626117132377621,-0.15881979349614594,98.0,-0.351128763505099,-0.6207076529969972,-0.8737561709535799,-1.1358233704022125,1.2246467991473532e-16,-1.0,-0.17963762892559965
1966-07,40.12903225806452,3.6921000688139785,0.014877568969255961,120.99999999999999,-0.05022087897707349,-0.6985807771615093,-0.6257409181723629,-0.9719674233400916,-0.4999999999999998,-0.8660254037844388,-0.15881979349614594
1966-08,45.12903225806452,3.809525770180335,-0.050459990210929284,134.6,-0.31935044043854216,-0.554879173688854,-0.6041800602097266,-1.2440173371683143,-0.8660254037844384,-0.5000000000000004,0.014877568969255961
1966-09,65.43333333333334,4.181031812614306,-0.028778465218491256,236.0,0.853974976615855,0.2150580747370714,-0.41535696362366115,-0.9422050609951148,-1.0,-1.8369701987210297e-16,-0.050459990210929284
1966-10,59.935483870967744,4.093268714888637,-0.23650340710562467,167.79999999999998,-0.16766714154960147,0.10006380975048414,-0.574352865552581,-0.6730054654143454,-0.8660254037844386,0.5000000000000001,-0.028778465218491256
1966-11,59.4,4.084294226368599,-0.40028638780460213,180.0,0.20222799547381484,0.26614394691624954,-0.17179598819163502,-0.5440053337738493,-0.5000000000000004,0.8660254037844384,-0.23650340710562467
1966-12,85.12903225806451,4.444168132018178,0.2776791498450839,163.1,0.8371230594474663,0.1798294519262787,0.2088530880870196,-0.4405545046144476,-2.4492935982947064e-16,1.0,-0.40028638780460213
1967-01,48.74193548387097,3.8865397577875935,0.1179824516673098,37.0,-1.1915059699594681,0.14360129760486046,0.12216212944193873,-0.4336405139463829,0.49999999999999994,0.8660254037844387,0.2776791498450839
1967-02,38.0,3.6375861597263857,0.16566900922085948,66.8,0.1306469704301203,0.12557006787095099,0.22387958246469886,-0.3844787963845462,0.8660254037844386,0.5000000000000001,0.1179824516673098
1967-03,24.193548387096776,3.1860860020452098,-0.15230554520892436,39.0,-0.6539425657627691,-1.0068804350598082,-0.2404482712237899,-0.5671623914630095,1.0,6.123233995736766e-17,0.16566900922085948
1967-04,15.343333333333334,2.7306810691610406,-0.8852178714517893,27.8,-1.4506271604949794,-1.2163468170627385,-0.4996198406974979,-0.7849526197842538,0.8660254037844387,-0.49999999999999983,-0.15230554520892436
1967-05,21.451612903225808,3.065799836170708,-1.0657016663949541,108.3,-0.5635421951810677,-1.2530536043897433,-0.8968728193532446,-0.769805341399056,0.49999999999999994,-0.8660254037844387,-0.8852178714517893
1967-06,22.176666666666666,3.0990406850856864,-0.6858962407880806,121.10000000000001,-0.02317309052812135,-0.9060371326442457,-1.2633832019202262,-0.6656734100657513,1.2246467991473532e-16,-1.0,-1.0657016663949541
1967-07,35.54838709677419,3.5708947852277135,-0.10632771461700896,,,,,,-0.4999999999999998,-0.8660254037844388,-0.6858962407880806
1967-08,35.87096774193548,3.5799282703253814,-0.28005749006588276,30.2,-3.290935418527036,,,,-0.8660254037844384,-0.5000000000000004,-0.10632771461700896
1967-09,31.733333333333334,3.45736765312921,-0.7524426247035869,55.5,-1.9947827932804891,,,,-1.0,-1.8369701987210297e-16,-0.28005749006588276
1967-10,41.83870967741935,3.7338219798312977,-0.5959501421629643,128.29999999999998,-0.6218260803323369,-2.486219933381927,,,-0.8660254037844386,0.5000000000000001,-0.7524426247035869
1967-11,75.23333333333333,4.32059439515538,-0.16398621901782118,136.9,-0.25909817384837686,-1.362858947811038,,,-0.5000000000000004,0.8660254037844384,-0.5959501421629643
1967-12,26.225806451612904,3.2667439050626643,-0.8997450771104298,67.2,-0.7542260539615969,-0.9059000048348641,,,-2.4492935982947064e-16,1.0,-0.16398621901782118
1968-01,30.322580645161292,3.4118926707789035,-0.35666463534138027,49.4,-0.7448321080206355,-0.9013903752132045,-2.466647476276687,,0.49999999999999994,0.8660254037844387,-0.8997450771104298
1968-02,18.124137931034483,2.8972446371839267,-0.5746725133215995,67.0,0.13511373114837386,-0.8020225900055286,-1.6545875776853,,0.8660254037844386,0.5000000000000001,-0.35666463534138027
1968-03,12.961290322580645,2.5619672478956876,-0.7764242993584465,31.0,-0.9437552797785049,-0.9308872718725979,-1.2653193776405618,,1.0,6.123233995736766e-17,-0.5746725133215995
1968-04,11.353333333333333,2.4295113865664324,-1.1863875540463975,30.299999999999997,-1.3585485257520074,-1.2996561416346792,-1.4474349089374743,,0.8660254037844387,-0.49999999999999983,-0.7764242993584465
1968-05,30.432258064516127,3.415503166365015,-0.7159983362006472,83.2,-0.862681806021294,-1.562352216295515,-1.649979594410884,,0.49999999999999994,-0.8660254037844387,-1.1863875540463975
1968-06,87.2,4.468204330914934,0.6832674050411667,178.5,0.640483054682117,-0.6712712021105417,-1.0245116900476168,,1.2246467991473532e-16,-1.0,-0.7159983362006472
1968-07,56.225806451612904,4.029375841034875,0.35215334119015207,140.0,0.24498243053119514,-0.23336207812027354,-0.7495118595989358,-2.087231539247669,-0.4999999999999998,-0.8660254037844388,0.6832674050411667
1968-08,48.74193548387097,3.8865397577875935,0.026553997396329354,131.39999999999998,-0.37831257855353534,0.1829723686534858,-0.8290428915080535,-1.6225323358232828,-0.8660254037844384,-0.5000000000000004,0.35215334119015207
1968-09,25.033333333333335,3.2202082701019794,-0.9896020077308174,87.69999999999999,-1.2258491821088193,-0.8499041151471647,-1.0419551665633753,-1.5063088138966494,-1.0,-1.8369701987210297e-16,0.026553997396329354
1968-10,19.05806451612903,2.9474903461720783,-1.3822817758221837,44.6,-2.100892396444465,-1.9623410638170011,-1.481745488699929,-1.9216886507736948,-0.8660254037844386,0.5000000000000001,-0.9896020077308174
1968-11,64.6,4.168214410788556,-0.3163662033846455,142.6,-0.1929047109026601,-1.735128129403842,-1.211342504954695,-1.848934020130942,-0.5000000000000004,0.8660254037844384,-1.3822817758221837
1968-12,65.19354838709677,4.177360512918475,0.01087153074538083,171.3,0.9397805815238499,-0.7256094486439322,-1.1907002228994394,-1.4618394941936286,-2.4492935982947064e-16,1.0,-0.3163662033846455
1969-01,100.83870967741936,4.613522306496276,0.8449650003759923,155.3,1.4932772170869928,0.7446603163446481,-0.8055016963434647,-1.1356011085193725,0.49999999999999994,0.8660254037844387,0.01087153074538083
1969-02,47.535714285714285,3.8614813082199078,0.3895641577143816,79.5,0.3982422094185614,1.3140405931941535,-0.6141541855927749,-1.1198365008513385,0.8660254037844386,0.5000000000000001,0.8449650003759923
1969-03,57.516129032258064,4.052065413377994,0.7136738661238597,161.79999999999998,1.708645327890072,1.8871993930850035,0.2737594376041972,-0.7012992854273137,1.0,6.123233995736766e-17,0.3895641577143816
1969-04,44.8,3.8022081394209395,0.1863091988081096,79.7,-0.157150688571531,0.8751957195031597,1.049824463621276,-0.5009832150350242,0.8660254037844387,-0.49999999999999983,0.7136738661238597
1969-05,241.19354838709677,5.485599716514769,1.354098213949107,615.6,2.205663791223925,2.1747542209902777,2.427836374752017,1.121359653375019,0.49999999999999994,-0.8660254037844387,0.1863091988081096
1969-06,87.6,4.472780997942346,0.6878440720685788,84.3,-0.5715614659330867,1.5149281075645842,1.9748097784176177,0.8833549259154012,1.2246467991473532e-16,-1.0,1.354098213949107
1969-07,131.7741935483871,4.881089802808957,1.2038673029642348,179.2,0.7789183583247246,1.6864039011101262,1.752841297336989,0.9619306402633061,-0.4999999999999998,-0.8660254037844388,0.6878440720685788
1969-08,94.35483870967742,4.547062555180811,0.6870767947895469,180.4,0.436926748255233,0.1402822054407817,1.6921611243124306,1.0440891428990537,-0.8660254037844384,-0.5000000000000004,1.2038673029642348
1969-09,120.66666666666667,4.7930319231576615,0.5832216453248646,173.0,0.12802116746022146,0.5048646702208652,1.407981269067316,1.2440779291667532,-1.0,-1.8369701987210297e-16,0.6870767947895469
1969-10,58.064516129032256,4.06155473939911,-0.26821738259515193,148.3,-0.3814635645259353,-0.12544953049892327,1.3265002157342185,1.5493151833325167,-0.8660254037844386,0.5000000000000001,0.5832216453248646
1969-11,121.0,4.795790545596741,0.3112099314235399,426.29999999999995,1.9754911282345105,1.03830043694994,0.8803517650023481,2.1923404907216764,-0.5000000000000004,0.8660254037844384,-0.26821738259515193
1969-12,95.96774193548387,4.5640121134945835,0.3975231313214893,81.1,-0.45366772252405313,0.8847400750353437,0.9824439106974335,1.8623062722699553,-2.4492935982947064e-16,1.0,0.3112099314235399
1970-01,58.12903225806452,4.062665233683137,0.2941079275628531,54.3,-0.5901003002442223,1.293961595615793,0.7624804070007016,1.7208258728731654,0.49999999999999994,0.8660254037844387,0.3975231313214893
1970-02,40.357142857142854,3.6977684015311825,0.22585125102565629,56.1,-0.12278249031048194,-0.703026164067985,0.6166351314224073,1.6871618239059656,0.8660254037844386,0.5000000000000001,0.2941079275628531
1970-03,17.903225806451612,2.884980909261288,-0.453410637992846,37.9,-0.6911292174399405,-0.9162112863140791,0.5053783864510923,1.4358067991752752,1.0,6.123233995736766e-17,0.22585125102565629
1970-04,22.633333333333333,3.119423745896541,-0.4964751947162891,39.9,-1.0497369107484888,-1.2117010525760117,0.5673673329289592,1.3450755770460439,0.8660254037844387,-0.49999999999999983,-0.453410637992846
1970-05,106.29032258064517,4.666174242451461,0.5346727398857993,305.3,0.8823726395384807,0.21012485027669187,-0.17326063307993636,0.48337723383792575,0.49999999999999994,-0.8660254037844387,-0.4964751947162891
1970-06,110.0,4.700480365792417,0.9155434399186495,235.4,1.1711055906197338,0.7802527275059503,0.3925697948497927,0.9500876918908083,1.2246467991473532e-16,-1.0,0.5346727398857993
1970-07,67.41935483870968,4.210932140473711,0.5337096406289881,161.8,0.5525070788419311,1.0821912786877703,0.5613336147100574,0.8732803735998133,-0.4999999999999998,-0.8660254037844388,0.9155434399186495
1970-08,56.54838709677419,4.035096680436088,0.17511092004482398,209.7,0.8555910409264541,1.1871621909308039,0.7357676250917563,0.9100068623887794,-0.8660254037844384,-0.5000000000000004,0.5337096406289881
1970-09,69.33333333333333,4.238925791033208,0.02911551320041106,167.7,0.059392305241268394,0.5501220779171215,0.8019584668989169,0.886196742548299,-1.0,-1.8369701987210297e-16,0.17511092004482398
1970-10,260.4516129032258,5.56241709692774,1.2326449749334776,804.8,3.5266745785534024,3.023822114012618,2.7538272221509446,2.5052589793114164,-0.8660254037844386,0.5000000000000001,0.02911551320041106
1970-11,174.56666666666666,5.162306712617332,0.6777260984441309,338.1,1.4432469057410795,3.064808126928242,3.2461151188205006,2.275675610661411,-0.5000000000000004,0.8660254037844384,1.2326449749334776
1970-12,162.25806451612902,5.089188058608639,0.9226990764355447,238.6,1.6828054626205982,3.406214137219786,3.433017015275026,2.4710267247070075,-2.4492935982947064e-16,1.0,0.6777260984441309
1971-01,75.12903225806451,4.319207065399195,0.5506497592789112,144.8,1.329627053230709,2.1193193490703384,3.6590307480378073,2.787995751209845,0.49999999999999994,0.8660254037844387,0.9226990764355447
1971-02,58.285714285714285,4.065357025348848,0.5934398748433218,69.6,0.19238497843575983,1.6533101830908505,3.467194923359809,2.8597544829651813,0.8660254037844386,0.5000000000000001,0.5506497592789112
1971-03,26.161290322580644,3.2642808496302664,-0.07411069762386768,43.699999999999996,-0.502861481861607,0.5472175245525114,3.527732278335545,2.9937722868030203,1.0,6.123233995736766e-17,0.5934398748433218
1971-04,34.56666666666667,3.542889826567372,-0.07300911404545785,64.1,-0.45839273353491417,-0.6031307708661757,1.559704193373455,3.048612454862172,0.8660254037844387,-0.49999999999999983,-0.07411069762386768
1971-05,57.774193548387096,4.056542197575565,-0.07495930499009695,257.59999999999997,0.609810904712997,0.11098448104264318,0.9066681013438614,2.9797209764032164,0.49999999999999994,-0.8660254037844387,-0.07300911404545785
1971-06,37.4,3.6216707044204863,-0.16326622145328074,115.5,-0.09847572256994565,0.14099330542394334,0.25026513050402693,2.7374309940169717,1.2246467991473532e-16,-1.0,-0.07495930499009695
1971-07,19.283870967741933,2.959269045364691,-0.7179534544800314,51.0,-1.5473479347368875,-0.11616303342469872,-0.40527237108811864,2.354579972610987,-0.4999999999999998,-0.8660254037844388,-0.16326622145328074
1971-08,44.83870967741935,3.803071821639591,-0.056913938751673054,172.4,0.31490996158453494,-0.6790768239089198,-0.33745899718027583,2.1786731725312944,-0.8660254037844384,-0.5000000000000004,-0.7179534544800314
1971-09,36.16,3.5879535355239756,-0.6218567423088213,78.9,-1.412494069368185,-1.3898711689857557,-0.6378746604750026,1.9692727688820004,-1.0,-1.8369701987210297e-16,-0.056913938751673054
1971-10,38.225806451612904,3.6435108490840853,-0.6862612729101767,220.8,0.33922313927345155,-0.31553804832172083,-0.4169294998340914,0.5615436869236814,-0.8660254037844386,0.5000000000000001,-0.6218567423088213
1971-11,44.93333333333333,3.805179909810097,-0.6794007043631045,91.9,-0.8635750850705632,-0.8537470761138136,-1.1809319003606293,-0.14624450547388054,-0.5000000000000004,0.8660254037844384,-0.6862612729101767
1971-12,38.806451612903224,3.6585865114895326,-0.5079024706835615,97.0,-0.15062833748467938,-0.3965183069423616,-1.221720574410685,-0.6277067533145005,-2.4492935982947064e-16,1.0,-0.6794007043631045
1972-01,37.806451612903224,3.6324797656518117,-0.13607754046847198,116.69999999999999,0.8505180717007643,-0.43609041918782476,-0.5682592302666609,-0.7389458488982186,0.49999999999999994,0.8660254037844387,-0.5079024706835615
1972-02,26.862068965517242,3.290715215884274,-0.18120193462125211,32.9,-0.8172492012156426,-0.08006702435266344,-0.8474131003412194,-0.8853988039746518,0.8660254037844386,0.5000000000000001,-0.13607754046847198
1972-03,37.41935483870968,3.622188079615264,0.28379653236113,85.39999999999999,0.505403038271357,0.2804334729226093,-0.288605205240214,-0.7780771817176847,1.0,6.123233995736766e-17,-0.18120193462125211
1972-04,34.833333333333336,3.550574782736756,-0.06532415787607393,125.0,0.5364693110843436,0.14796059493935476,-0.2753794950864529,-0.5363804838480337,0.8660254037844387,-0.49999999999999983,0.28379653236113
1972-05,34.903225806451616,3.5525792549212807,-0.5789222476443814,85.8,-0.8289212597610309,-0.31092496660127333,-0.33551335560881,-1.1544349742529967,0.49999999999999994,-0.8660254037844387,-0.06532415787607393
1972-06,30.266666666666666,3.410046996939138,-0.37488992893462925,177.7,0.6322883170207166,-0.10770606016074179,-0.06993149646898233,-0.9039201725530619,1.2246467991473532e-16,-1.0,-0.5789222476443814
1972-07,24.322580645161292,3.19140516352281,-0.4858173363219125,116.9,-0.11794624946046248,-0.34898359942709106,-0.3040793397327841,-0.602224889668684,-0.4999999999999998,-0.8660254037844388,-0.37488992893462925
1972-08,40.0,3.6888794541139363,-0.17110630627732792,108.8,-0.8254583276360131,-0.15846639172443955,-0.357373052832497,-0.789011464505821,-0.8660254037844384,-0.5000000000000004,-0.4858173363219125
1972-09,70.2,4.251348311031766,0.04153803319896898,136.8,-0.3729474964643093,-0.8194994313079957,-0.5877723506720235,-0.6082922010940928,-1.0,-1.8369701987210297e-16,-0.17110630627732792
1972-10,140.06451612903226,4.942103145953091,0.6123310239588289,144.5,-0.42533400104881314,-0.8882275474818878,-0.9699080956922901,-0.9097717991173463,-0.8660254037844386,0.5000000000000001,0.04153803319896898
1972-11,80.76666666666667,4.39156433915437,-0.09301627501883125,85.69999999999999,-0.9622573827771743,-1.0225707923705025,-0.9724704160764172,-0.9002715797017257,-0.5000000000000004,0.8660254037844384,0.6123310239588289
1972-12,89.51612903225806,4.494418821695389,0.3279298395222945,122.39999999999999,0.27018238530105443,-0.7655546365137974,-1.2045280562951168,-0.84587103700496,-2.4492935982947064e-16,1.0,-0.09301627501883125
1973-01,41.70967741935484,3.730733174286711,-0.03782413183357258,77.0,0.022737572058936614,-0.612166211960959,-1.1260439030416003,-1.0102593904219614,0.49999999999999994,0.8660254037844387,0.3279298395222945
1973-02,42.92857142857143,3.759537604919949,0.28762045441442297,78.89999999999999,0.38626681080027403,0.23650059262656709,-0.8079978063266662,-0.8771624150600125,0.8660254037844386,0.5000000000000001,-0.03782413183357258
1973-03,31.774193548387096,3.4586544366869427,0.1202628894328086,84.6,0.4896406558159746,0.3454744989234846,-0.5738373142505429,-0.920173317699037,1.0,6.123233995736766e-17,0.28762045441442297
1973-04,56.86333333333334,4.0406507280243185,0.42475178741148856,125.0,0.5364693110843436,0.5869073471574939,-0.12374935538200531,-0.8860788925182559,0.8660254037844387,-0.49999999999999983,0.1202628894328086
1973-05,17.70967741935484,2.8741112370243846,-1.2573902655412774,38.2,-1.6307875865844512,-0.6478134142748201,-0.42330335688563464,-1.0685239318938176,0.49999999999999994,-0.8660254037844387,0.42475178741148856
1973-06,40.72,3.7067193722422673,-0.07821755363149974,60.2,-1.0298600982673718,-1.1563650569263464,-0.8833582986137211,-1.4939161678767379,1.2246467991473532e-16,-1.0,-1.2573902655412774
1973-07,30.387096774193548,3.414018070091217,-0.26320442975350566,66.4,-1.1303775593524972,-1.902570861188196,-1.1562165455522877,-1.5665383135261002,-0.4999999999999998,-0.8660254037844388,-0.07821755363149974
1973-08,105.96774193548387,4.663134726433564,0.8031489660423001,258.8,1.478941095088078,-0.29772341516915635,-0.6489262946454567,-0.9855932920519203,-0.8660254037844384,-0.5000000000000004,-0.26320442975350566
1973-09,111.16666666666667,4.711030576687569,0.501220298854772,197.3,0.42592672270891535,0.4348842796409713,-0.6099269179043693,-0.790138005478985,-1.0,-1.8369701987210297e-16,0.8031489660423001
1973-10,156.4516129032258,5.052746779446383,0.722974657452121,186.9,0.02596502183127897,0.6913362372909101,-0.7997995738344994,-0.6996500026659956,-0.8660254037844386,0.5000000000000001,0.501220298854772
1973-11,57.53333333333333,4.052364489981218,-0.4322161241919833,74.6,-1.1524301708062012,-0.42684339164938967,-0.6054859741209213,-0.7097152438452581,-0.5000000000000004,0.8660254037844384,0.722974657452121
1973-12,41.0,3.713572066704308,-0.4529169154687862,55.2,-1.0510239472528413,-1.0191018132098328,-0.5543643320511202,-0.9615906163095757,-2.4492935982947064e-16,1.0,-0.4322161241919833
1974-01,60.064516129032256,4.095419253351866,0.3268619472315826,56.8,-0.5148633861156398,-1.6084370580359038,-0.30469003641046555,-1.065671105003477,0.49999999999999994,0.8660254037844387,-0.4529169154687862
1974-02,39.535714285714285,3.677204422533433,0.20528727202790664,46.6,-0.37712711686930817,-1.1361122598332898,-0.9646308668269491,-1.2086067604237305,0.8660254037844386,0.5000000000000001,0.3268619472315826
1974-03,42.03225806451613,3.738437372639699,0.40004582538556477,77.39999999999999,0.3431468283328443,-0.4228349665472052,-1.1504047549999483,-1.2901664774051884,1.0,6.123233995736766e-17,0.20528727202790664
1974-04,23.69,3.165053018170694,-0.4508459224421357,48.400000000000006,-0.8186170199406909,-0.6674260093937837,-1.6333807850414996,-1.545821164230905,0.8660254037844387,-0.49999999999999983,0.40004582538556477
1974-05,20.287096774193547,3.0099850570643114,-1.1215164455013507,47.3,-1.4349014740015962,-1.272032613083585,-1.6235781258539366,-1.5272349202192166,0.49999999999999994,-0.8660254037844387,-0.4508459224421357
1974-06,10.860000000000001,2.3850863145057897,-1.3998506113679774,19.4,-2.2985652848572142,-2.2088797826300604,-1.9858715170006234,-1.6689582117658532,1.2246467991473532e-16,-1.0,-1.1215164455013507
1974-07,14.112903225806452,2.647089501312523,-1.0301329985321996,42.099999999999994,-1.8317318306594785,-2.5483717914270105,-2.2864048396506576,-1.6343679728934541,-0.4999999999999998,-0.8660254037844388,-1.3998506113679774
1974-08,37.432258064516134,3.622532847762103,-0.23745291262916135,162.2,0.15376438045277965,-1.8112448560767906,-1.9006555742605769,-1.9468680083002883,-0.8660254037844384,-0.5000000000000004,-1.0301329985321996
1974-09,116.06666666666666,4.754164738665979,0.5443544608331825,157.2,-0.08098668287902044,-0.8284217142547342,-1.9672604361330235,-2.1083580383635567,-1.0,-1.8369701987210297e-16,-0.23745291262916135
1974-10,192.7741935483871,5.261519522327507,0.9317474003332453,342.7,1.2566246157138656,0.7922972393407978,-0.9680544127674472,-1.596883066068094,-0.8660254037844386,0.5000000000000001,0.5443544608331825
1974-11,294.56666666666666,5.685505349855849,1.2009247356826478,404.7,1.8520368812271548,1.680628414637461,0.6337397786847485,-0.4209174817569065,-0.5000000000000004,0.8660254037844384,0.9317474003332453
1974-12,69.0,4.23410650459726,0.06761752242416552,114.3,0.1429349030910204,1.7302272354340886,1.118682555317006,-0.2875527032217963,-2.4492935982947064e-16,1.0,1.2009247356826478
1975-01,61.96774193548387,4.126613958283411,0.358056652163127,94.3,0.41162328384142444,1.575225258673236,1.6031395554017922,-0.1753154867040169,0.49999999999999994,0.8660254037844387,0.06761752242416552
1975-02,27.642857142857142,3.319367363414523,-0.1525497870910031,32.8,-0.8209024626468681,-0.13455727114478452,1.4491971988096868,-0.2296114135749874,0.8660254037844386,0.5000000000000001,0.358056652163127
1975-03,28.677419354838708,3.3561100310287584,0.01771848377462426,120.9,1.1254086948164483,0.43259831430234097,1.77699380341575,-0.10127248930280251,1.0,6.123233995736766e-17,-0.1525497870910031
1975-04,18.723333333333336,2.9297705178762317,-0.6861284227365982,25.4,-1.5450082196739432,-0.5815533963688212,1.0605823056789887,-0.14743851708191114,0.8660254037844387,-0.49999999999999983,0.01771848377462426
1975-05,26.86774193548387,3.2909263824561483,-0.8405751201095137,42.199999999999996,-1.5407560652641703,-1.1297066544714514,-0.969964692709873,-0.16453409446133013,0.49999999999999994,-0.8660254037844387,-0.6861284227365982
1975-06,21.466666666666665,3.066501344442198,-0.718435581431569,26.5,-1.983914216812035,-2.4936023682522026,-1.646177003261239,-0.11711503017719252,1.2246467991473532e-16,-1.0,-0.8405751201095137
1975-07,14.04516129032258,2.6422779443153006,-1.0349445555294219,64.1,-1.1879250371414796,-2.2470555417947065,-2.0542989310988733,-0.016226456738153497,-0.4999999999999998,-0.8660254037844388,-0.718435581431569
1975-08,29.258064516129032,3.3761552456299904,-0.4838305147612738,63.3,-1.9748179681255067,-2.7181232455096342,-2.2606938818295355,-0.3149457273038462,-0.8660254037844384,-0.5000000000000004,-1.0349445555294219
1975-09,219.43333333333334,5.391048465805722,1.1812381879729248,264.0,1.1358510868766118,-0.5685809430777393,-1.9147865910033077,-0.005454056800155165,-1.0,-1.8369701987210297e-16,-0.4838305147612738
1975-10,73.54838709677419,4.29794351746334,-0.03182860453092218,171.9,-0.12489310145501427,-0.141208136267399,-1.656021528128764,-0.5576381310912365,-0.8660254037844386,0.5000000000000001,1.1812381879729248
1975-11,87.1,4.467056883858457,-0.017523730314744412,168.0,0.08202748494981564,0.3680215053343422,-1.0374876194426057,-1.3398159038948607,-0.5000000000000004,0.8660254037844384,-0.03182860453092218
1975-12,236.51612903225808,5.466016404474449,1.299527422301355,247.9,1.774507084378898,0.5685181248837601,0.10531224265613003,-0.9020001913820204,-2.4492935982947064e-16,1.0,-0.017523730314744412
1976-01,39.58064516129032,3.678340240225765,-0.09021706589451872,39.4,-1.0975675226289987,0.6561666646370506,0.2871675406167959,-1.1233091882329789,0.49999999999999994,0.8660254037844387,1.299527422301355
1976-02,43.86206896551724,3.7810499139135936,0.3091327634080674,61.49999999999999,0.008849155078438552,0.8632992214042274,0.6748604888077078,-1.0501554678973357,0.8660254037844386,0.5000000000000001,-0.09021706589451872
1976-03,43.903225806451616,3.7819877981663197,0.4435962509121856,36.3,-0.7466017323144047,-1.1017162937028326,0.1261984654452828,-1.4154617235979388,1.0,6.123233995736766e-17,0.3091327634080674
1976-04,80.93333333333334,4.393625770517233,0.7777268299044033,158.8,0.9509133744081367,0.2823606574022154,0.6534442034978205,-0.8867887120730713,0.8660254037844387,-0.49999999999999983,0.4435962509121856
1976-05,80.96774193548387,4.394050827640683,0.26254932507502104,59.5,-1.212608365512273,-0.5978989359322424,-0.03144790851351153,-0.8343223711091148,0.49999999999999994,-0.8660254037844387,0.7777268299044033
1976-06,31.733333333333334,3.45736765312921,-0.32756927274455716,86.4,-0.5362354281373919,-0.5904324512303408,-1.009863515843663,-0.6009013134489033,1.2246467991473532e-16,-1.0,0.26254932507502104
1976-07,15.922580645161291,2.767738268106032,-0.9094842317386904,33.6,-2.1481290805009334,-1.760595243305352,-1.2538608415527175,-0.6378380412357539,-0.4999999999999998,-0.8660254037844388,-0.32756927274455716
1976-08,34.16129032258065,3.5310931411162603,-0.3288926192750039,187.5,0.5422574188752551,-0.9572425871164418,-0.9852293683118873,-0.2352133955366333,-0.8660254037844384,-0.5000000000000004,-0.9094842317386904
1976-09,77.33333333333333,4.3481250829982,0.13831480516540307,136.5,-0.3774549185553926,-0.863380423867979,-0.9887615525176946,-0.6349132164905891,-1.0,-1.8369701987210297e-16,-0.3288926192750039
1976-10,77.54838709677419,4.350902091169952,0.0211299691756901,195.3,0.1069111733021183,-0.0159717178414742,-1.3134142163675855,-0.6025658879145789,-0.8660254037844386,0.5000000000000001,0.13831480516540307
1976-11,37.43333333333333,3.622561573076288,-0.8620190410969135,117.1,-0.5048747367939754,-0.4869334430698322,-1.0447571285656638,-0.7443472672970423,-0.5000000000000004,0.8660254037844384,0.0211299691756901
1976-12,43.54838709677419,3.773872666947329,-0.39261631522576534,68.5,-0.7243777472309016,-0.5779296167732717,-1.076367906651393,-1.3789191041079478,-2.4492935982947064e-16,1.0,-0.8620190410969135
1977-01,15.416129032258064,2.735414301098966,-1.0331430050213175,237.4,2.582451593477305,0.44344145595026674,0.23171995519326685,-0.7415953526003073,0.49999999999999994,0.8660254037844387,-0.39261631522576534
1977-02,11.185714285714285,2.414637453941444,-1.0572796965640823,35.3,-0.7318480761521985,0.7999840457367948,-0.06130983531191618,-0.8521711380480477,0.8660254037844386,0.5000000000000001,-1.0331430050213175
1977-03,9.7,2.272125885509337,-1.0662656617447972,91.1,0.6149991341579557,1.601242295433432,0.22322465174203454,-0.6985227013556861,1.0,6.123233995736766e-17,-1.0572796965640823
1977-04,29.19,3.3738261848660236,-0.2420727557468063,56.5,-0.6239335454717865,-0.5338231488982191,0.0680726459635724,-1.0273192828656903,0.8660254037844387,-0.49999999999999983,-1.0662656617447972
1977-05,54.458064516129035,3.9974309470644735,-0.13407055550118852,96.8,-0.6936944318076149,-0.6731259652070886,-0.11854498037373902,-0.9030203118834912,0.49999999999999994,-0.8660254037844387,-0.2420727557468063
1977-06,13.020000000000001,2.5664866367804233,-1.2184502890933437,50.4,-1.2544235355907045,-1.3148367219277726,-0.3372828213247365,-1.0113900216438307,1.2246467991473532e-16,-1.0,-0.13407055550118852
1977-07,37.95483870967742,3.636396997945209,-0.040825501899513394,103.4,-0.3530063081760841,-1.172207493237968,-1.2688526592648577,-0.6869458485038344,-0.4999999999999998,-0.8660254037844388,-1.2184502890933437
1977-08,78.65483870967742,4.36506914966754,0.5050833892762756,212.0,0.8867901831220107,-0.45444047748489763,-0.754754614623222,-0.5881106056706649,-0.8660254037844384,-0.5000000000000004,-0.040825501899513394
1977-09,169.96666666666667,5.135602339393,0.9257920615602035,179.2,0.20654553743468054,0.23679555373718714,-0.8218456883984917,-0.46037379819482166,-1.0,-1.8369701987210297e-16,0.5050833892762756
1977-10,162.3548387096774,5.089784302291213,0.7600121802969513,348.3,1.2932596888043402,1.182982661477935,-0.03718815565382858,-0.018014232169236304,-0.8660254037844386,0.5000000000000001,0.9257920615602035
1977-11,228.93333333333334,5.433430840355211,0.9488502261820093,359.6,1.5803376333669832,1.6127783948472132,1.1118427318743627,0.6815084983003971,-0.5000000000000004,0.8660254037844384,0.7600121802969513
1977-12,75.29032258064517,4.321351608361355,0.15486262618826085,44.9,-1.3449798027459343,1.3018389752068986,1.2116652519585864,0.5382056937912714,-2.4492935982947064e-16,1.0,0.9488502261820093
1978-01,27.548387096774192,3.3159439893034235,-0.45261331681686023,44.599999999999994,-0.9071678146129054,0.6161226572719919,1.270881032468872,0.021859945015481268,0.49999999999999994,0.8660254037844387,0.15486262618826085
1978-02,38.57142857142857,3.6525118099430616,0.1805946594375354,22.1,-1.269343619657909,-1.8809486582672488,0.8678387968124552,-0.025834362209009257,0.8660254037844386,0.5000000000000001,-0.45261331681686023
1978-03,103.83870967741936,4.642838826813662,1.304447279559528,109.4,0.9392509317848247,-0.49021756290592206,1.0576026322252239,0.028552271220433356,1.0,6.123233995736766e-17,0.1805946594375354
1978-04,123.93333333333334,4.819743786619234,1.2038448460064037,77.69999999999999,-0.19336515992233405,-0.2206978485501843,0.3652574901522486,0.12054861571817582,0.8660254037844387,-0.49999999999999983,1.304447279559528
1978-05,117.16129032258064,4.763551535236037,0.6320500326703753,102.1,-0.6324244433630027,-0.35719396775257506,-1.1517515027903973,0.1398112139020125,0.49999999999999994,-0.8660254037844387,1.2038448460064037
1978-06,68.96666666666667,4.233623296083388,0.44868637020962066,109.7,-0.1791253026226216,-0.6874688144799335,-0.8737561709535799,0.34842494665492063,1.2246467991473532e-16,-1.0,0.6320500326703753
1978-07,48.96774193548387,3.891161753470429,0.21393925362570654,53.3,-1.4797933187239485,-1.0672775145528295,-1.0404212392130083,0.20893466620368104,-0.4999999999999998,-0.8660254037844388,0.44868637020962066
1978-08,46.903225806451616,3.8480864536083184,-0.011899306782945818,113.4,-0.7296165504308361,-1.2527181622188661,-0.9680120721605446,-0.08819020052515532,-0.8660254037844384,-0.5000000000000004,0.21393925362570654
1978-09,47.166666666666664,3.8536874284151827,-0.3561228494176141,168.1,0.06462202858498718,-1.0731542091823376,-1.1718418339740608,-0.12797565236035272,-1.0,-1.8369701987210297e-16,-0.011899306782945818
1978-10,217.70967741935485,5.383162420258261,1.0533902982639987,304.0,0.9923249338112803,0.3749387618305365,-0.6110646999241811,-0.286767865691187,-0.8660254037844386,0.5000000000000001,-0.3561228494176141
1978-11,145.43333333333334,4.9797177914614545,0.4951371772882531,196.7,0.36092317776558536,0.6824160236239258,-0.13683787204677217,-0.7901399300490257,-0.5000000000000004,0.8660254037844384,1.0533902982639987
1978-12,60.29032258064516,4.099171602970417,-0.06731737920267733,67.0,-0.7588538304734678,0.470335865890584,-0.24761332853188325,-0.7512834232309821,-2.4492935982947064e-16,1.0,0.4951371772882531
1979-01,37.54838709677419,3.625630423806237,-0.14292688231404682,51.8,-0.6677744208188906,-0.3539242515058255,0.04039265417103954,-0.7518720153330783,0.49999999999999994,0.8660254037844387,-0.06731737920267733
1979-02,26.892857142857142,3.2918607176246897,-0.1800564328808365,32.9,-0.8172492012156426,-1.2347129797029466,0.08351171604956603,-0.7372979356173212,0.8660254037844386,0.5000000000000001,-0.14292688231404682
1979-03,32.67741935483871,3.486684299763537,0.14829275250940288,89.1,0.577069801563245,-0.5236381831366271,0.20758119465360195,-0.8429275469016541,1.0,6.123233995736766e-17,-0.1800564328808365
1979-04,36.6,3.6000482404073204,-0.015850700205509494,165.8,1.0294167180264924,0.5804693041013281,0.052888466842923046,-0.5067025122062325,0.8660254037844387,-0.49999999999999983,0.14829275250940288
1979-05,399.4193548387097,5.990011879594031,1.8585103770283693,732.0,2.591241067304619,2.5825575239649816,2.0418943299891232,1.3823382779436697,0.49999999999999994,-0.8660254037844387,-0.015850700205509494
1979-06,140.4,4.944495491591711,1.1595585657179441,204.3,0.8928718689846605,2.485368293211249,2.2718118981060837,1.6611632494303312,1.2246467991473532e-16,-1.0,1.8585103770283693
1979-07,94.54838709677419,4.549111736225746,0.8718892363810236,164.1,0.5833212222857797,2.3432462512436922,2.278571054455935,1.8558664988115028,-0.4999999999999998,-0.8660254037844388,1.1595585657179441
1979-08,158.58064516129033,5.066263266200779,1.2062775058095148,231.39999999999998,1.1415894733691059,1.1456928822922712,2.448203910503831,2.0453571743514534,-0.8660254037844384,-0.5000000000000004,0.8718892363810236
1979-09,321.3333333333333,5.772479005942436,1.5626687281096387,287.7,1.359728202251636,1.4582951322678153,2.686966331049914,2.2913873667736087,-1.0,-1.8369701987210297e-16,1.2062775058095148
1979-10,180.7741935483871,5.197248702971751,0.8674765809774891,103.2,-0.9636493068810691,0.5796673978097506,2.3249622279822835,1.9240136136581594,-0.8660254037844386,0.5000000000000001,1.5626687281096387
1979-11,264.93333333333334,5.579478222009552,1.0948976078363506,279.2,1.0367901537442328,0.6885039944608278,1.1746187655621139,2.0882602260270833,-0.5000000000000004,0.8660254037844384,0.8674765809774891
1979-12,77.0,4.343805421853684,0.17731643968058997,123.1,0.28091277394367936,0.15111448704764063,0.9840201353663466,2.081159571571696,-2.4492935982947064e-16,1.0,1.0948976078363506
1980-01,31.806451612903224,3.459669150117489,-0.30888815600279473,48.3,-0.7810243530155565,0.6258438550697237,0.8023926354064386,2.179335803483952,0.49999999999999994,0.8660254037844387,0.17731643968058997
1980-02,29.544827586206896,3.385908689147065,-0.0860084613584613,46.8,-0.371420359757039,-0.38781124038943154,0.39408784672302855,2.242967170089806,0.8660254037844386,0.5000000000000001,-0.30888815600279473
1980-03,18.664516129032258,2.9266241880568886,-0.4117673591972455,46.4,-0.42114219804568803,-1.0286630224233235,-0.27625564276628356,2.2347626137352554,1.0,6.123233995736766e-17,-0.0860084613584613
1980-04,66.06,4.190563419962643,0.5746644793498135,114.19999999999999,0.388722035475621,-0.24124831249575107,0.36360160094304195,2.117918657047479,0.8660254037844387,-0.49999999999999983,-0.4117673591972455
1980-05,146.14193548387095,4.984578310314449,0.8530768077487867,245.5,0.5355147053097571,0.3344975508930476,0.06864930678358058,0.8577119276849984,0.49999999999999994,-0.8660254037844387,0.5746644793498135
1980-06,38.93333333333333,3.661850781726017,-0.12308614414774999,73.0,-0.7730241855821702,0.1188160449423832,-0.30438550263905084,0.49965296135195286,1.2246467991473532e-16,-1.0,0.8530768077487867
1980-07,39.096774193548384,3.6660399621441133,-0.011182537700609174,94.5,-0.5196663302464472,-0.17370268573789385,-0.3189658233626175,0.2975544687409244,-0.4999999999999998,-0.8660254037844388,-0.12308614414774999
1980-08,41.167741935483875,3.7176549869491002,-0.14233077344216394,149.3,-0.06002486979160719,-0.8729050295883182,-0.25951821618582027,0.04826727444934677,-0.8660254037844384,-0.5000000000000004,-0.011182537700609174
1980-09,61.92666666666666,4.125950889291265,-0.08385938854153174,86.7,-1.2463705212346128,-1.113806509986107,-0.5351859489155258,-0.5625926249618501,-1.0,-1.8369701987210297e-16,-0.14233077344216394
1980-10,88.38709677419355,4.48172599489697,0.15195387290270812,151.1,-0.34962862981537085,-0.9106766289955689,-0.8344706848031749,-0.44834797727747866,-0.8660254037844386,0.5000000000000001,-0.08385938854153174
1980-11,30.766666666666666,3.4264318528406967,-1.0581487613325047,81.3,-1.0354086920337096,-1.375212914055348,-1.7084595434792342,-1.0822443092647598,-0.5000000000000004,0.8660254037844384,0.15195387290270812
1980-12,45.67741935483871,3.8216040697685187,-0.3448849124045754,77.9,-0.5194929730565312,-1.0663635563963283,-1.631569858494578,-1.2583498368014008,-2.4492935982947064e-16,1.0,-1.0581487613325047
1981-01,27.293548387096774,3.3066503514453087,-0.461906954674975,170.79999999999998,1.7225333087838792,-0.23667188719597992,-0.8915153365951107,-0.878461569067211,0.49999999999999994,0.8660254037844387,-0.3448849124045754
1981-02,52.857142857142854,3.967592856582957,0.4956757060774306,68.6,0.1705299610811502,0.5946503595758745,-0.8574531053089843,-0.82795209252123,0.8660254037844386,0.5000000000000001,-0.461906954674975
1981-03,47.900000000000006,3.8691155044168695,0.5307239571627353,174.20000000000002,1.8668230236470862,2.0295149651271815,0.12072928247421483,-0.4257416772157339,1.0,6.123233995736766e-17,0.4956757060774306
1981-04,51.733333333333334,3.9461023190810085,0.3302033784681786,104.0,0.24043657939724694,1.0907741664993658,0.46641998238168636,-0.4297017245292757,0.8660254037844387,-0.49999999999999983,0.5307239571627353
1981-05,180.3548387096774,5.194926236541499,1.063424733975837,360.8,1.16692796019469,1.391791884413162,1.4254118036680001,-0.05478862027781054,0.49999999999999994,-0.8660254037844387,0.3302033784681786
1981-06,113.66666666666667,4.733270188615407,0.9483332627416399,129.9,0.0905486501755561,0.837239875303158,1.4360503092409247,0.15043553070323207,1.2246467991473532e-16,-1.0,1.063424733975837
1981-07,99.06451612903226,4.595771315955676,0.9185488161109534,126.0,0.03031215721879616,0.7527587989255122,1.0102925455517786,0.2606620336773143,-0.4999999999999998,-0.8660254037844388,0.9483332627416399
1981-08,77.70967741935483,4.352979798129725,0.4929940377384612,140.1,-0.22018741471601927,-0.21520001545672243,0.885229870479966,0.21959338732677144,-0.8660254037844384,-0.5000000000000004,0.9185488161109534
1981-09,24.733333333333334,3.208151861505225,-1.001658416327572,65.5,-1.727639699068001,-1.1033726588102972,0.11894137583598029,0.15177685576768377,-1.0,-1.8369701987210297e-16,0.4929940377384612
1981-10,55.86451612903225,4.022929404528554,-0.3068427174657078,228.7,0.40755381421362397,-0.5703614120219392,0.19636545674648154,0.3706475477551384,-0.8660254037844386,0.5000000000000001,-1.001658416327572
1981-11,52.43333333333333,3.959542521396122,-0.5250380927770792,157.9,-0.023688700538730158,-0.46741294423485763,-0.5867077726012062,0.5887545364269775,-0.5000000000000004,0.8660254037844384,-0.3068427174657078
1981-12,225.6451612903226,5.418963682614435,1.2524747004413408,479.9,3.591703031464773,1.7482911027542418,1.020961756815318,1.5040813574202083,-2.4492935982947064e-16,1.0,-0.5250380927770792
1982-01,43.03225806451613,3.761950021990423,-0.00660728412986078,67.8,-0.20846442590978795,2.0427722081010566,1.0774955368365076,1.3298927369644822,0.49999999999999994,0.8660254037844387,1.2524747004413408
1982-02,80.42857142857143,4.387369479084377,0.915452328578851,140.6,1.3970242237091273,3.0855264616079165,1.4280147883340635,1.5274816765669428,0.8660254037844386,0.5000000000000001,-0.00660728412986078
1982-03,19.774193548387096,2.9843777314510653,-0.3540138158030688,44.5,-0.4782911288757197,0.4885826242773016,1.8133747290150235,1.2471665788650297,1.0,6.123233995736766e-17,0.915452328578851
1982-04,11.520000000000001,2.444084655267745,-1.1718142853450848,29.599999999999998,-1.3837453996102829,-0.1586348316516277,1.6553095038166457,1.0610515386035104,0.8660254037844387,-0.49999999999999983,-0.3540138158030688
1982-05,158.67741935483872,5.066873332310194,0.9353718297445317,421.59999999999997,1.4483541595982423,0.7789344307859077,2.1854744686057694,1.2424964302181523,0.49999999999999994,-0.8660254037844387,-1.1718142853450848
1982-06,50.0,3.912023005428146,0.1270860795543789,121.6,-0.016565063782273223,0.7483399297496226,0.7797396918667149,1.2475068908564158,1.2246467991473532e-16,-1.0,0.9353718297445317
1982-07,64.64516129032258,4.168913257719609,0.4916907578748866,133.9,0.15329632229194812,0.9875234050393341,0.7621590069863966,1.219716969061488,-0.4999999999999998,-0.8660254037844388,0.1270860795543789
1982-08,43.774193548387096,3.7790444553497227,-0.08094130504154151,108.60000000000001,-0.8296881253905617,-0.46829849942983004,0.27643042486338143,1.0896763325662133,-0.8660254037844384,-0.5000000000000004,0.4916907578748866
1982-09,92.8,4.530446639792155,0.32063636195935796,187.1,0.3040238989927818,-0.2554889888826988,0.3978862088709438,1.3757336922331551,-1.0,-1.8369701987210297e-16,-0.08094130504154151
1982-10,26.36774193548387,3.2721413666450307,-1.0576307553492312,93.89999999999999,-1.105215094693261,-0.8919608255272502,0.25510702530791907,1.0811600121703873,-0.8660254037844386,0.5000000000000001,0.32063636195935796
1982-11,85.03333333333333,4.443043336479656,-0.04153727769354543,305.5,1.2244314164028944,0.27996289006656655,-0.11274910654993514,1.4430241754192283,-0.5000000000000004,0.8660254037844384,-1.0576307553492312
1982-12,95.12903225806451,4.55523420433013,0.388745222157036,138.3,0.5045716614633654,0.3194316846124025,0.05179673181134783,0.48027925837442714,-2.4492935982947064e-16,1.0,-0.04153727769354543
1983-01,31.225806451612904,3.441244882791431,-0.3273124233288529,39.9,-1.0785126967071128,0.835163404243885,-0.09123198835549211,0.4345920842605595,0.49999999999999994,0.8660254037844387,0.388745222157036
1983-02,10.760714285714286,2.3759019359610516,-1.0960152145444746,33.199999999999996,-0.8063366752048385,-0.4654781290680681,-0.023801546877251854,0.12104739824771953,0.8660254037844386,0.5000000000000001,-0.3273124233288529
1983-03,42.50967741935484,3.749731753994573,0.41134020674043903,165.4,1.755320503008543,0.3219384296169409,0.3748846475029354,0.4910369041562844,1.0,6.123233995736766e-17,-1.0960152145444746
1983-04,84.71000000000001,4.4392336584434595,0.8233347178306296,269.7,2.0067667485841865,1.9872093068010168,1.79433430423905,1.190343645432339,0.8660254037844387,-0.49999999999999983,0.41134020674043903
1983-05,131.93548387096774,4.882313044551701,0.7508115419860388,299.1,0.8485819361955772,1.7514805847612442,1.3869655260683986,0.8634219543927443,0.49999999999999994,-0.8660254037844387,0.8233347178306296
1983-06,97.83333333333333,4.583265350600041,0.7983284247262743,123.69999999999999,0.010990155257603773,1.21027320525784,1.1684972973206564,0.8962301065967876,1.2246467991473532e-16,-1.0,0.7508115419860388
1983-07,74.06451612903226,4.30493655295431,0.6277140531095879,184.7,0.8474850965024981,0.7157030069305218,1.3758599585343372,1.0045607899050555,-0.4999999999999998,-0.8660254037844388,0.7983284247262743
1983-08,94.96774193548387,4.55353727536362,0.6935515149723561,223.9,1.04479111581349,0.7344465727824835,1.59392076699128,1.2483488505437201,-0.8660254037844384,-0.5000000000000004,0.6277140531095879
1983-09,29.2,3.374168709274236,-0.835641568558561,54.6,-2.0205036563272043,0.004760692510571669,0.9199234240089096,0.9068553807043156,-1.0,-1.8369701987210297e-16,0.6935515149723561
1983-10,60.03225806451613,4.0948820521571045,-0.23489006983715743,144.6,-0.42416943349133207,-0.6487402044182817,0.11916017658290279,1.0696243824949159,-0.8660254037844386,0.5000000000000001,-0.835641568558561
1983-11,55.236666666666665,4.011626983973593,-0.47295363019960845,145.9,-0.15540217776702678,-1.179569168461207,-0.4474613883240855,0.6394896700395929,-0.5000000000000004,0.8660254037844384,-0.23489006983715743
1983-12,48.729032258064514,3.8862749973942012,-0.2802139847788929,146.5,0.6185519494462715,-0.23237875220123289,-0.25850140377903535,0.5810205245430142,-2.4492935982947064e-16,1.0,-0.47295363019960845
1984-01,41.25806451612903,3.7198465970936962,-0.04871070902658747,75.1,-0.02341816747205545,0.05128466989333955,-0.5016664263437988,0.7137218553108123,0.49999999999999994,0.8660254037844387,-0.2802139847788929
1984-02,64.06896551724138,4.15996008938731,0.6880429388817837,108.3,0.9145979855485808,0.7041175909328151,-0.6462427993871188,0.9228937745929394,0.8660254037844386,0.5000000000000001,-0.04871070902658747
1984-03,11.167741935483871,2.4130294382569626,-0.9253621089971715,48.8,-0.351225402409532,0.2469331712079778,-0.15854514294620908,0.6272291936519735,1.0,6.123233995736766e-17,0.6880429388817837
1984-04,4.023333333333333,1.3921107464413305,-2.223788194171499,12.3,-2.2330164317032697,-0.7066193685963935,-0.35070578496727883,-0.1339867667176422,0.8660254037844387,-0.49999999999999983,-0.9253621089971715
1984-05,47.961290322580645,3.870394233937951,-0.26110726862771116,142.2,-0.2290352331586636,-1.0004738318803457,-0.38575238331985695,-0.6605304919746801,0.49999999999999994,-0.8660254037844387,-2.223788194171499
1984-06,78.6,4.364371699435161,0.5794347735613936,174.9,0.6034154080522895,-0.4396148367699425,-0.366470105106247,-0.4611358696377821,1.2246467991473532e-16,-1.0,-0.26110726862771116
1984-07,40.96774193548387,3.712784974967491,0.03556247512276833,104.6,-0.3312954919757383,-0.1285172046236389,-0.4535489382140009,-0.6673265199801296,-0.4999999999999998,-0.8660254037844388,0.5794347735613936
1984-08,35.08064516129032,3.557649558477693,-0.30233620191357113,101.1,-0.9923453717881747,-0.335596109811552,-0.8791624516413622,-1.0519283260801868,-0.8660254037844384,-0.5000000000000004,0.03556247512276833
1984-09,45.9,3.8264651170664994,-0.38334516076629743,239.8,0.8934573537718186,-0.13069614167256266,-0.4852869252881761,-0.4569729822730452,-1.0,-1.8369701987210297e-16,-0.30233620191357113
1984-10,96.41935483870968,4.568706957798792,0.23893483580453,372.4,1.4467849270637352,1.053855842476951,0.5041823002620973,0.20830243933553746,-0.8660254037844386,0.5000000000000001,-0.38334516076629743
1984-11,204.7,5.321545492667243,0.836964878494042,361.6,1.5928250722702049,1.9410044085343765,1.478781168201647,0.8130908119508004,-0.5000000000000004,0.8660254037844384,0.23893483580453
1984-12,48.516129032258064,3.8818963000246387,-0.28459268214845546,96.9,-0.15242426114795388,1.6127624099726217,1.3215523006535004,0.5988074847345326,-2.4492935982947064e-16,1.0,0.836964878494042
1985-01,30.093548387096774,3.404310809481769,-0.3642464966385148,19.9,-2.0363235557897688,0.8022912967683351,1.2830145411044884,0.48411422130818516,0.49999999999999994,0.8660254037844387,-0.28459268214845546
1985-02,28.025000000000002,3.3330969689582237,-0.13882018154730247,58.9,-0.053505647717341696,-0.9039958645421604,1.4624021433785246,0.34330142922865525,0.8660254037844386,0.5000000000000001,-0.3642464966385148
1985-03,47.66451612903226,3.864187224399884,0.5257956771457497,134.4,1.3300559248442376,0.012184821573715527,1.5254094295637424,0.610002228074508,1.0,6.123233995736766e-17,-0.13882018154730247
1985-04,38.36666666666667,3.6471890270597274,0.03129008644689746,37.4,-1.1244213684500775,0.016037746350584865,0.6387510234019582,0.7036762116437162,0.8660254037844387,-0.49999999999999983,0.5257956771457497
1985-05,128.25806451612902,4.854044363291318,0.7225428607256559,338.0,1.0536694658357841,0.8439513409942502,0.3494776930461289,1.2637423133875303,0.49999999999999994,-0.8660254037844387,0.03129008644689746
1985-06,10.006666666666666,2.3032515375372062,-1.4816853883365608,5.1,-3.438543846832582,-0.1505345430869142,-0.21008964147420967,0.815211143927645,1.2246467991473532e-16,-1.0,0.7225428607256559
1985-07,26.364516129032257,3.2720190200369377,-0.4052034798077848,91.2,-0.584198957508846,-0.06417675730221445,-0.12210808922263204,0.7566616048890142,-0.4999999999999998,-0.8660254037844388,-1.4816853883365608
1985-08,26.838709677419356,3.2898452363360624,-0.5701405240552018,170.1,0.27913800115879894,-1.3525977453547782,-0.04339141313424127,0.9013069542135508,-0.8660254037844384,-0.5000000000000004,-0.4052034798077848
1985-09,77.96666666666667,4.356281384922024,0.14647110708922728,208.3,0.5528140260297859,0.05288662302525274,-0.17612703640567354,0.8102133963974999,-1.0,-1.8369701987210297e-16,-0.5701405240552018
1985-10,216.03225806451613,5.375427739424904,1.0456556174306417,430.1,1.7904474709921578,1.5094369196544473,0.8779038757588689,0.9886660050204534,-0.8660254037844386,0.5000000000000001,0.14647110708922728
1985-11,146.36666666666667,4.986114888899563,0.5015342747263611,174.1,0.14382227096790917,1.3134772780176098,0.43455498957591954,0.47846376305583244,-0.5000000000000004,0.8660254037844384,1.0456556174306417
1985-12,41.354838709677416,3.722189432995469,-0.44429954917762515,80.6,-0.4638334719747397,1.0137184060904785,0.8475736110224332,0.36003538218627035,-2.4492935982947064e-16,1.0,0.5015342747263611
1986-01,34.935483870967744,3.5535030425158443,-0.21505426360443947,51.9,-0.6646180810446027,-0.42770957553532485,0.9769345085541202,0.47658110678430227,0.49999999999999994,0.8660254037844387,-0.44429954917762515
1986-02,27.239285714285717,3.304660258994989,-0.16725689151053702,35.7,-0.7180186221865419,-1.003779931116607,0.7930355720607547,0.41098262682840414,0.8660254037844386,0.5000000000000001,-0.21505426360443947
1986-03,13.841935483870968,2.627702787512333,-0.7106887597418012,54.2,-0.2021555636491706,-1.0236240140953752,0.6092833017366374,0.1827960641101583,1.0,6.123233995736766e-17,-0.16725689151053702
1986-04,54.026666666666664,3.9894777518322635,0.3735788112194336,236.2,1.7224166227351612,0.9186793194876646,0.22211382492563594,0.7933685924095939,0.8660254037844387,-0.49999999999999983,-0.7106887597418012
1986-05,131.6451612903226,4.880110130920659,0.7486086283549973,390.3,1.3069250853398278,1.5532562309133389,1.0260235641900395,0.9531190653468674,0.49999999999999994,-0.8660254037844387,0.3735788112194336
1986-06,32.833333333333336,3.4914442595099335,-0.29349266636383353,71.9,-0.793778666075691,1.2316594733174209,0.8351225024569074,1.1670797693461945,1.2246467991473532e-16,-1.0,0.7486086283549973
1986-07,26.70967741935484,3.2850259499001133,-0.3921965499446092,84.39999999999999,-0.7224408206861502,0.46062234361289695,0.6938711890744786,1.1060953692521522,-0.4999999999999998,-0.8660254037844388,-0.29349266636383353
1986-08,64.70967741935483,4.169910764036734,0.30992500364546993,143.1,-0.1672026174463671,-1.0321375143149465,0.7022911445380084,0.9906402335213184,-0.8660254037844384,-0.5000000000000004,-0.3921965499446092
1986-09,27.533333333333335,3.3153973918588227,-0.8944128859739742,59.5,-1.8840251842323046,-1.5471736366695141,0.3368253419695202,0.5950175337542115,-1.0,-1.8369701987210297e-16,0.30992500364546993
1986-10,64.04193548387097,4.159538110717887,-0.17023401127637516,205.4,0.20121106767447566,-0.7566796969339207,-0.17778974608437564,-0.044410871426973586,-0.8660254037844386,0.5000000000000001,-0.8944128859739742
1986-11,115.0,4.74493212836325,0.26035151419004876,194.6,0.3414717980637964,-0.42262800615590407,-1.0317822854159824,0.0299694791783313,-0.5000000000000004,0.8660254037844384,-0.17023401127637516
1986-12,74.25806451612904,4.307546384796682,0.1410574026235878,74.9,-0.5829224589890979,-0.015595997304607489,-0.9509492059751133,-0.04575348240500047,-2.4492935982947064e-16,1.0,0.26035151419004876
1987-01,33.29032258064516,3.505266741556362,-0.26329056456392186,77.1,0.02514550905718813,-0.1066282752640486,-0.6893965613710229,0.03728402221747988,0.49999999999999994,0.8660254037844387,0.1410574026235878
1987-02,27.892857142857142,3.328370639664482,-0.1435465108410443,66.0,0.11268961011324859,-0.39007192802562735,-0.6328491513943874,0.12074937821680423,0.8660254037844386,0.5000000000000001,-0.26329056456392186
1987-03,108.77741935483871,4.689303770187379,1.3509122229332453,317.9,3.340457445459825,2.407771956878371,1.08707232925375,0.9036379168333463,1.0,6.123233995736766e-17,-0.1435465108410443
1987-04,51.53333333333333,3.942228847485212,0.32632990687238195,142.5,0.7590499932420883,2.363800139520098,1.4420087598820137,0.6561405523339793,0.8660254037844387,-0.49999999999999983,1.3509122229332453
1987-05,200.06451612903226,5.298639895175248,1.1671383926095862,310.9,0.9125156742901656,1.8836479329308935,1.5422685019418716,0.4296547344625535,0.49999999999999994,-0.8660254037844387,0.32632990687238195
1987-06,156.63333333333333,5.05390761744066,1.268970691566893,369.7,2.16073058528642,1.6589979966826056,2.2955762304010174,1.3081467027466482,1.2246467991473532e-16,-1.0,1.1671383926095862
1987-07,41.32258064516129,3.721409097411588,0.044186597566865604,70.19999999999999,-1.0383140960944215,1.2562912099032626,1.9742495929330417,1.2199739451185976,-0.4999999999999998,-0.8660254037844388,1.268970691566893
1987-08,27.774193548387096,3.3241072999425847,-0.5358784604486795,73.7,-1.6702306443943995,0.6145247488501134,1.6465263824812744,0.9946872996224103,-0.8660254037844384,-0.5000000000000004,0.044186597566865604
1987-09,32.266666666666666,3.4740347056144216,-0.7357755722183752,123.0,-0.5877054496288727,-1.7629549975226988,0.7021393828109302,1.142544676913515,-1.0,-1.8369701987210297e-16,-0.5358784604486795
1987-10,77.09677419354838,4.34506144044041,0.015289318446147782,182.6,-0.01642003154181293,-0.9696080673316362,0.4866488986680105,1.1232277716205843,-0.8660254037844386,0.5000000000000001,-0.7357755722183752
1987-11,231.66666666666666,5.445299556896682,0.9607189427234806,397.5,1.8099773147635672,0.8405196352558978,0.9762856235527914,1.6161695454731295,-0.5000000000000004,0.8660254037844384,0.015289318446147782
1987-12,164.51612903225808,5.103008614227271,0.9365196320541767,246.29999999999998,1.7588858376976393,1.5953688527692758,0.5977554940963993,1.890841913989079,-2.4492935982947064e-16,1.0,0.9607189427234806
1988-01,62.096774193548384,4.128694042236738,0.36013673611645425,87.1,0.25607955231866947,2.1640735031258376,0.9568926952370239,2.0112059751203133,0.49999999999999994,0.8660254037844387,0.9365196320541767
1988-02,70.79310344827586,4.259761587032459,0.787844436526933,124.9,1.1724896233892266,1.6902114421208334,1.507105022465602,2.1769401350787128,0.8660254037844386,0.5000000000000001,0.36013673611645425
1988-03,29.677419354838708,3.3903864655579397,0.05199491830380554,60.8,-0.03315849671461847,0.708879974649623,1.7373812161055713,1.626862790655764,1.0,6.123233995736766e-17,0.787844436526933
1988-04,36.96666666666667,3.610016605688212,-0.005882334924617982,72.7,-0.2867819418805849,0.3001917076383796,1.9541625328121528,1.4585689853158683,0.8660254037844387,-0.49999999999999983,0.05199491830380554
1988-05,50.74193548387097,3.9267526985731314,-0.2047488039925307,88.3,-0.797144835187897,-0.8479084315639444,0.32538566372434014,0.8651341892072355,0.49999999999999994,-0.8660254037844387,-0.005882334924617982
1988-06,71.2,4.26549281841793,0.48055589254416287,193.6,0.7908639017452543,-0.29351532041536077,-0.05192380506389931,0.37194963459076713,1.2246467991473532e-16,-1.0,-0.2047488039925307
1988-07,48.87096774193548,3.889183513458323,0.21196101361360054,125.1,0.015976708123237194,-0.20524084170077128,-0.12038333735179563,0.5322891940217288,-0.4999999999999998,-0.8660254037844388,0.48055589254416287
1988-08,92.93548387096774,4.531905530599382,0.6719197702081181,136.3,-0.288412207660595,0.21896209134954478,-0.455282692918192,0.6738468952025701,-0.8660254037844384,-0.5000000000000004,0.21196101361360054
1988-09,79.0,4.3694478524670215,0.15963757463422468,150.0,-0.18093392800100389,-0.4022075638716487,-0.5231974197771966,0.7350086084818204,-1.0,-1.8369701987210297e-16,0.6719197702081181
1988-10,115.41935483870968,4.748572059583518,0.41879993758925593,229.8,0.41694383525630946,-0.03568990632688463,-0.3055152756601923,0.8832617701139918,-0.8660254037844386,0.5000000000000001,0.15963757463422468
1988-11,85.56666666666666,4.4492957992089845,-0.03528481496421687,153.7,-0.0689926916571662,0.0005383872300633431,0.053796284030216884,0.20740641262581705,-0.5000000000000004,0.8660254037844384,0.41879993758925593
1988-12,58.354838709677416,4.066542280910149,-0.09994670126294558,91.5,-0.2513331190149922,-0.015039657012352749,-0.3242251973720051,-0.30329067571099944,-2.4492935982947064e-16,1.0,-0.03528481496421687
1989-01,46.83870967741935,3.846709990899595,0.07815268477931125,83.8,0.1819258919376359,-0.24464525546793167,-0.22813401515516937,-0.3174455591975541,0.49999999999999994,0.8660254037844387,-0.09994670126294558
1989-02,55.75,4.020877410340228,0.5489602598347019,113.39999999999999,0.9963706616692943,0.33509542563936806,0.09150378706068307,-0.36788361535233444,0.8660254037844386,0.5000000000000001,0.07815268477931125
1989-03,32.54838709677419,3.4827278158684627,0.14433626861432858,84.8,0.4935904076807077,0.8071680482612291,0.28294172660504685,-0.3066878537517653,1.0,6.123233995736766e-17,0.5489602598347019
1989-04,38.2,3.6428355156125294,0.02693657499969948,71.2,-0.3156647093196226,0.4074093956910755,0.024152972181245107,-0.2826533897712895,0.8660254037844387,-0.49999999999999983,0.14433626861432858
1989-05,83.11290322580645,4.420199963283133,0.2886984607174705,83.0,-0.8653100275193933,-0.7138336797695999,-0.41481135719079415,-0.30233788849523313,0.49999999999999994,-0.8660254037844387,0.02693657499969948
1989-06,64.90333333333334,4.17289898345942,0.3879620575856526,136.6,0.17370769378732864,-0.6790340492180904,-0.31123806019685696,-0.4699854887431226,1.2246467991473532e-16,-1.0,0.2886984607174705
1989-07,105.1774193548387,4.655648632348111,0.9784261325033885,172.9,0.698673160627619,-0.28277879394545696,-0.13549859477980603,-0.2633727121600336,-0.4999999999999998,-0.8660254037844388,0.3879620575856526
1989-08,91.51612903225806,4.516515230323705,0.6565294699324409,252.0,1.3974481971142585,0.9162983199121104,0.05184706395624772,0.08132122941415755,-0.8660254037844384,-0.5000000000000004,0.9784261325033885
1989-09,421.1,6.0428703351678825,1.8330600573350857,131.0,-0.4613153284203841,0.6630285556919132,-0.18969865864737642,0.01907900068629754,-1.0,-1.8369701987210297e-16,0.6565294699324409
1989-10,47.806451612903224,3.867160601370886,-0.46261152062337585,69.39999999999999,-1.5337010861894191,-0.44654600171750264,-0.6358225606917245,-0.49613307538261714,-0.8660254037844386,0.5000000000000001,1.8330600573350857
1989-11,54.0,3.9889840465642745,-0.4955965676089269,78.5,-1.0834411724656896,-1.7009478172638104,-0.6238391679490702,-0.7169565756524863,-0.5000000000000004,0.8660254037844384,-0.46261152062337585
1989-12,14.874193548387098,2.6996277347275135,-1.4668612474455807,33.1,-1.7494747601986944,-2.216262769012477,-1.0850419354887633,-0.9399159360763937,-2.4492935982947064e-16,1.0,-0.4955965676089269
1990-01,33.512903225806454,3.5119305355913397,-0.256626770528944,119.39999999999999,0.8995847125248385,-1.1228506256072643,-1.0793798886630013,-0.8521433060370297,0.49999999999999994,0.8660254037844387,-1.4668612474455807
1990-02,47.18928571428571,3.8541668692449673,0.38224971873944114,75.8,0.32341363611300783,-0.27542662503357773,-1.6356248440959003,-1.0059650878602866,0.8660254037844386,0.5000000000000001,-0.256626770528944
1990-03,89.46129032258065,4.493806021358997,1.1554144741048633,54.1,-0.2048213449076738,0.4475219485495476,-1.6030791537166755,-1.164518573854154,1.0,6.123233995736766e-17,0.38224971873944114
1990-04,58.059999999999995,4.061476958596484,0.44557801798365393,78.4,-0.18061843441228054,-0.2309580873209313,-1.0103824649146762,-1.1019552835151412,0.8660254037844387,-0.49999999999999983,1.1554144741048633
1990-05,30.096774193548388,3.4044179963621977,-0.7270835062034644,42.4,-1.536427612334144,-1.2549445477526686,-1.1364199095242933,-1.2659853718604663,0.49999999999999994,-0.8660254037844387,0.44557801798365393
1990-06,47.0,3.8501476017100584,0.06521067583629137,107.2,-0.21478424164672766,-1.1207965548143188,-0.8083152978829328,-1.3567609521289028,1.2246467991473532e-16,-1.0,-0.7270835062034644
1990-07,52.45161290322581,3.9598910856226097,0.2826685857778872,104.5,-0.33309822061239,-1.1464967377698296,-1.105592328367018,-1.5009441523550908,-0.4999999999999998,-0.8660254037844388,0.06521067583629137
1990-08,54.806451612903224,4.003807917186786,0.14382215679552202,158.7,0.09691755758265135,-0.4171595987323139,-1.068915783801472,-1.7976351923534566,-0.8660254037844384,-0.5000000000000004,0.2826685857778872
1990-09,42.266666666666666,3.7439987533350156,-0.4658115244977812,81.1,-1.364499366141478,-0.9845949395078012,-1.4352656349146937,-1.9941805882849548,-1.0,-1.8369701987210297e-16,0.14382215679552202
1990-10,118.48387096774194,4.774776841334521,0.4450047193402593,459.3,1.9533894474114024,0.9825772649613383,-0.18340586742693193,-0.6627085700377854,-0.8660254037844386,0.5000000000000001,-0.4658115244977812
1990-11,35.833333333333336,3.578878558899608,-0.9057020552735935,55.2,-1.5408602045218445,0.3262293121940375,-0.04455050327952915,-0.713334926267421,-0.5000000000000004,0.8660254037844384,0.4450047193402593
1990-12,52.20322580645161,3.9551442900376936,-0.21134469213540052,154.0,0.7192009827982349,0.9419223542604545,0.2541142939928902,-0.37412247286838557,-2.4492935982947064e-16,1.0,-0.9057020552735935
1991-01,31.322580645161292,3.4443392638061785,-0.3242180423141052,71.3,-0.11814549847523129,-0.6528540868009478,0.3997816557761392,-0.5341198354412638,0.49999999999999994,0.8660254037844387,-0.21134469213540052
1991-02,45.464285714285715,3.8169270883822026,0.34500993787667644,103.6,0.8370151353186661,0.6955309333372255,0.553506376294498,-0.4615792984919464,0.8660254037844386,0.5000000000000001,-0.3242180423141052
1991-03,19.919354838709676,2.991691864016986,-0.3466996832371483,48.6,-0.3569598651648244,0.14109749053850773,0.8998079741469102,-0.5023585640400944,1.0,6.123233995736766e-17,0.34500993787667644
1991-04,26.543333333333333,3.278778617601244,-0.337120323011586,56.5,-0.6239335454717865,-0.22639429271045403,-0.6619039517434862,-0.5455106162649095,0.8660254037844387,-0.49999999999999983,-0.3466996832371483
1991-05,34.0516129032258,3.5278774001440225,-0.6036241024216396,83.2,-0.862681806021294,-1.1315012667215913,-0.4708623595972291,-0.412419294596399,0.49999999999999994,-0.8660254037844387,-0.337120323011586
1991-06,37.580000000000005,3.6264719939853194,-0.15846493188844768,87.7,-0.5146651231484406,-1.1254070516398544,-0.957598553474988,-0.4546755326136765,1.2246467991473532e-16,-1.0,-0.6036241024216396
1991-07,39.0258064516129,3.6642231311876676,-0.012999368657054866,151.2,0.4066423445501929,-0.6898912936205561,-0.7454900711275093,-0.2527317357689398,-0.4999999999999998,-0.8660254037844388,-0.15846493188844768
1991-08,28.445161290322584,3.347978068438691,-0.5120076919525731,126.89999999999999,-0.4628997896784753,-0.45444047748489763,-1.0248620230606842,-0.34478487928840834,-0.8660254037844384,-0.5000000000000004,-0.012999368657054866
1991-09,19.073333333333334,2.9482911989538545,-1.2615190788789423,127.3,-0.5190934015093507,-0.45153426914597894,-1.1302381526311525,-0.21208507653307565,-1.0,-1.8369701987210297e-16,-0.5120076919525731
1991-10,21.919354838709676,3.087370029106052,-1.2424020928882098,73.89999999999999,-1.4476017516110107,-1.378801359712621,-1.5602872889967485,-1.560632060573805,-0.8660254037844386,0.5000000000000001,-1.2615190788789423
1991-11,100.33333333333333,4.608497976080766,0.12391736190756486,172.3,0.12574063452057133,-0.9772233542364615,-1.1342993245636905,-1.0951410057146955,-0.5000000000000004,0.8660254037844384,-1.2424020928882098
1991-12,34.193548387096776,3.5320369826209665,-0.6344519995521276,85.0,-0.3758167977685874,-0.9144202879461021,-1.086669746193362,-1.3539825848977,-2.4492935982947064e-16,1.0,0.12391736190756486
1992-01,67.48387096774194,4.211888620699667,0.44333131457938313,244.7,2.6671512730102807,0.9468909133888239,-0.30220556154949435,-0.7998153983875892,0.49999999999999994,0.8660254037844387,-0.6344519995521276
1992-02,19.282758620689656,2.9592113609331263,-0.5127057895723999,56.400000000000006,-0.11524900008195406,1.1616887394172077,-0.21040383957021488,-0.9850236984722691,0.8660254037844386,0.5000000000000001,0.44333131457938313
1992-03,23.996774193548386,3.1779194127121495,-0.1604721345419846,40.699999999999996,-0.5978956017163893,1.4000805326815102,-0.13866037157867345,-1.058599801263674,1.0,6.123233995736766e-17,-0.5127057895723999
1992-04,45.5,3.817712325956905,0.2018133853440749,95.39999999999999,0.1076813172880823,-0.41618281221642023,0.5615107857593168,-0.8839498631423905,0.8660254037844387,-0.49999999999999983,-0.1604721345419846
1992-05,97.21290322580644,4.576903451892685,0.4454019493270227,247.29999999999998,0.5467166465746671,0.2117786163976323,0.7090905240014512,-0.32688185720707635,0.49999999999999994,-0.8660254037844387,0.2018133853440749
1992-06,53.49,3.979494720543159,0.19455779466939171,133.2,0.13185768833193987,0.3257199720367824,0.7489107680367463,-0.15293981526636896,1.2246467991473532e-16,-1.0,0.4454019493270227
1992-07,12.506451612903225,2.526244640191737,-1.1509778596529854,90.89999999999999,-0.5901448484947001,0.11827572783599889,-0.126854751406356,-0.30420793209859265,-0.4999999999999998,-0.8660254037844388,0.19455779466939171
1992-08,35.42903225806452,3.567531604309154,-0.2924541560821101,94.3,-1.1472199724120675,-0.8585671484548665,-0.34804037022728385,-0.39747854320830794,-0.8660254037844384,-0.5000000000000004,-1.1509778596529854
1992-09,52.833333333333336,3.967142304649226,-0.24266797318357103,99.8,-0.9896949043632282,-1.568163265563527,-0.5450559747604127,-0.48857500404808624,-1.0,-1.8369701987210297e-16,-0.2924541560821101
1992-10,20.86774193548387,3.0382045185647937,-1.2915676034294683,49.199999999999996,-1.9804676268087809,-2.168052051378282,-1.2352231287214832,-0.6075028322993371,-0.8660254037844386,0.5000000000000001,-0.24266797318357103
1992-11,98.9,4.594109238628667,0.10952862445546518,247.7,0.796433986371768,-0.8196657957707987,-1.263472493991086,-0.3438128139438277,-0.5000000000000004,0.8660254037844384,-1.2915676034294683
1992-12,132.16129032258064,4.884023073061725,0.7175340908886305,197.5,1.2479860765710815,0.09144078578842255,-0.8588565323313424,-0.06007918790226154,-2.4492935982947064e-16,1.0,0.10952862445546518
1993-01,55.67741935483871,4.019574667158227,0.25101736103794314,103.69999999999999,0.6033154279563586,1.2216359889326605,-0.49345809655406614,-0.4889625348372446,0.49999999999999994,0.8660254037844387,0.7175340908886305
1993-02,17.285714285714285,2.849880396541428,-0.6220367539640983,66.5,0.12392996942245828,1.0169515194339054,-0.18667705093675915,-0.4732172452077461,0.8660254037844386,0.5000000000000001,0.25101736103794314
1993-03,20.64516129032258,3.027480971868571,-0.310910575385563,15.5,-1.7154746457556374,-0.35383875684927335,-0.1017080066527535,-0.5814897222202196,1.0,6.123233995736766e-17,-0.6220367539640983
1993-04,42.223333333333336,3.7429729908274316,0.12707405021460172,92.8,0.06597269074652612,-0.6364070071523122,0.7149510975177715,-0.5590579235307346,0.8660254037844387,-0.49999999999999983,-0.310910575385563
1993-05,60.91935483870968,4.109550937667366,-0.0219505648982965,249.6,0.5609527238914979,0.06800749301368011,0.5245715556280215,-0.5566434345657221,0.49999999999999994,-0.8660254037844387,0.12707405021460172
1993-06,39.0,3.6635616461296463,-0.12137527974412077,126.9,0.052379227503305384,0.29494116541221815,0.07342196926504788,-0.5549354425091374,1.2246467991473532e-16,-1.0,-0.0219505648982965
1993-07,79.41935483870968,4.374742102259253,0.6975196024145305,221.1,1.270988960848954,0.6754157929518722,0.3181037423211127,-0.08522752513257516,-0.4999999999999998,-0.8660254037844388,-0.12137527974412077
1993-08,25.483870967741936,3.238045740975921,-0.621940019415343,69.6,-1.7863901019746087,-0.05152602060445663,-0.04616427775745143,-0.1602667157176626,-0.8660254037844384,-0.5000000000000004,0.6975196024145305
1993-09,72.3,4.280824129164719,0.07101385133192206,282.3,1.3097898706115447,0.7763497025285657,0.5385564724181079,0.3529698500951134,-1.0,-1.8369701987210297e-16,-0.621940019415343
1993-10,29.358064516129033,3.379567279098164,-0.9502048428960981,70.6,-1.5103532326245106,-0.6529786869778205,0.07902483727049794,0.4164717279458192,-0.8660254037844386,0.5000000000000001,0.07101385133192206
1993-11,25.990000000000002,3.257711848653399,-1.2268687655198023,129.0,-0.3540286106695624,-0.2899700057156561,-0.3444923550421527,0.08090594860261945,-0.5000000000000004,0.8660254037844384,-0.9502048428960981
1993-12,27.432258064516127,3.311719622542592,-0.8547693596305024,22.3,-2.2281194009556278,-1.8025992806636495,-0.778454549703696,-0.49602015583830394,-2.4492935982947064e-16,1.0,-1.2268687655198023
1994-01,20.283870967741933,3.0098260366298506,-0.7587312694904331,45.2,-0.8862255669714466,-1.4936533099195692,-1.4567971021171036,-0.6986690689553473,0.49999999999999994,0.8660254037844387,-0.8547693596305024
1994-02,32.81785714285714,3.490972792331635,0.01905564182610897,127.89999999999999,1.2167206527478003,-0.6551854789200425,-0.6339194095275176,-0.5167060857620615,0.8660254037844386,0.5000000000000001,-0.7587312694904331
1994-03,12.83548387096774,2.552213512947737,-0.7861780343063973,36.8,-0.7290842888789825,-0.029996303882779338,-1.5924581547837358,-0.46932911973882147,1.0,6.123233995736766e-17,0.01905564182610897
1994-04,10.416666666666666,2.3434070875143007,-1.2724918530985292,48.6,-0.8135419936962502,-0.17433001724277333,-1.2293282667778163,-0.5879304627408747,0.8660254037844387,-0.49999999999999983,-0.7861780343063973
1994-05,18.958064516129035,2.942229409133459,-1.1892720934322032,38.0,-1.6354742546042957,-1.804414180864556,-1.7191413779686568,-1.362451579316772,0.49999999999999994,-0.8660254037844387,-1.2724918530985292
1994-06,11.129999999999999,2.409644165287453,-1.375292760586314,82.89999999999999,-0.5954539585733477,-1.618117385370215,-1.3948414026621805,-1.5124406244886501,1.2246467991473532e-16,-1.0,-1.1892720934322032
1994-07,11.399999999999999,2.4336133554004498,-1.2436091444442727,133.79999999999998,0.15177029670074388,-1.142114233866233,-1.0747809050201635,-1.726756243697083,-0.4999999999999998,-0.8660254037844388,-1.375292760586314
1994-08,9.696774193548388,2.271793272833728,-1.5881924875575364,80.6,-1.4847090796612117,-1.051781890886643,-1.7535165479743318,-1.625147166889528,-0.8660254037844384,-0.5000000000000004,-1.2436091444442727
1994-09,18.946666666666665,2.94162801456079,-1.2681822632720068,99.39999999999999,-0.9971708021587857,-1.2752313208386377,-1.927694275048421,-2.3523308627906676,-1.0,-1.8369701987210297e-16,-1.5881924875575364
1994-10,32.85806451612903,3.492197209965358,-0.837574912028904,149.9,-0.3632222844333076,-1.36369201369548,-1.9146848320996148,-2.1384447414951455,-0.8660254037844386,0.5000000000000001,-1.2681822632720068
1994-11,109.09666666666666,4.692234339362801,0.20765372518959957,302.2,1.2014685101068465,0.09743185988119142,-0.5833435060545882,-1.4131211358425737,-0.5000000000000004,0.8660254037844384,-0.837574912028904
1994-12,99.0,4.59511985013459,0.42863086796149563,74.7,-0.5872131749533871,0.2632235514398498,-0.5474142635979297,-1.2411215812653937,-2.4492935982947064e-16,1.0,0.20765372518959957
1995-01,34.07419354838709,3.52854031034397,-0.24001699577631364,71.5,-0.11307596554832193,0.6115787965639674,-0.5651454199735058,-1.1942182771944752,0.49999999999999994,0.8660254037844387,0.42863086796149563
1995-02,51.38928571428572,3.939429701594168,0.467512551088642,103.1,0.8286289946116729,-0.05207795399708701,-0.00991867411430635,-1.3143131128544399,0.8660254037844386,0.5000000000000001,-0.24001699577631364
1995-03,36.645161290322584,3.6012813947959503,0.2628898475418162,110.7,0.9609056418765224,0.8419121263638775,0.5428376212568039,-1.0966632635282771,1.0,6.123233995736766e-17,0.467512551088642
1995-04,8.56,2.1471001901536506,-1.4687987504591793,28.4,-1.427985443608564,0.13662787110220598,0.54069722186787,-1.1349783291657376,0.8660254037844387,-0.49999999999999983,0.2628898475418162
1995-05,65.93225806451613,4.188627821962586,0.05712631939692425,101.5,-0.6392458327541125,-0.7017063264493474,-0.6203047994130266,-0.9148947025511723,0.49999999999999994,-0.8660254037844387,-1.4687987504591793
1995-06,66.6,4.198704577546343,0.41376765167257634,145.3,0.27771880092645024,-0.7820291794959732,-0.37193470492094505,-0.6705721253185604,1.2246467991473532e-16,-1.0,0.05712631939692425
1995-07,51.74193548387097,3.9462685839413134,0.2690460840965909,160.6,0.5363158645078406,-0.20312855941690566,-0.18904789177990056,-0.5156182919236063,-0.4999999999999998,-0.8660254037844388,0.41376765167257634
1995-08,52.645161290322584,3.963574331038906,0.10358857064764182,150.39999999999998,-0.04132335923524512,0.2280929991179359,-0.3688539317315837,-0.2867507315991694,-0.8660254037844384,-0.5000000000000004,0.2690460840965909
1995-09,129.06666666666666,4.860329066734312,0.6505187889015156,179.70000000000002,0.2127987869756174,0.20851964013467653,-0.5236250700761048,-0.055365753205045616,-1.0,-1.8369701987210297e-16,0.10358857064764182
1995-10,73.70967741935483,4.3001340988431584,-0.029638023151103532,101.39999999999999,-0.990322083692731,-0.5898261148045914,-0.6620060145103502,-0.22228577848938658,-0.8660254037844386,0.5000000000000001,0.6505187889015156
1995-11,65.6,4.183575695950044,-0.3010049182231578,106.7,-0.6456554648889637,-0.8793396015409375,-0.6059682366584429,-0.8302187679000302,-0.5000000000000004,0.8660254037844384,-0.029638023151103532
1995-12,81.0,4.394449154672439,0.22796017249934497,93.9,-0.20689695036531966,-1.1286749873256192,-0.7898012849570446,-0.7988835411982326,-2.4492935982947064e-16,1.0,-0.3010049182231578
1996-01,150.25806451612902,5.01235424595914,1.2437969398388566,171.9,1.7382965809595012,0.08816730850242564,-0.43326417066250233,-0.49694760100746027,0.49999999999999994,0.8660254037844387,0.22796017249934497
1996-02,55.13793103448276,4.0098378828474806,0.5379207323419544,,,,,,0.8660254037844386,0.5000000000000001,1.2437969398388566
1996-03,39.225806451612904,3.669334858040966,0.3309433107868318,,,,,,1.0,6.123233995736766e-17,0.5379207323419544
1996-04,30.263333333333332,3.409936858715556,-0.20596208189727383,,,,,,0.8660254037844387,-0.49999999999999983,0.3309433107868318
1996-05,45.18709677419355,3.810811576486496,-0.320689926079166,,,,,,0.49999999999999994,-0.8660254037844387,-0.20596208189727383
1996-06,70.88666666666667,4.26108235755483,0.47614543168106316,,,,,,1.2246467991473532e-16,-1.0,-0.320689926079166
1996-07,78.16774193548386,4.358857055227881,0.6816345553831589,,,,,,-0.4999999999999998,-0.8660254037844388,0.47614543168106316
1996-08,52.670967741935485,3.964064407010489,0.10407864661922472,,,,,,-0.8660254037844384,-0.5000000000000004,0.6816345553831589
1996-09,164.16333333333333,5.100861867169366,0.8910515893365689,,,,,,-1.0,-1.8369701987210297e-16,0.10407864661922472
1996-10,38.3,3.6454498961866,-0.6843222258076618,,,,,,-0.8660254037844386,0.5000000000000001,0.8910515893365689
1996-11,176.23333333333332,5.171808874573295,0.6872282604000937,,,,,,-0.5000000000000004,0.8660254037844384,-0.6843222258076618
1996-12,57.38709677419355,4.049819483180689,-0.11666949899240553,,,,,,-2.4492935982947064e-16,1.0,0.6872282604000937
1997-01,64.80322580645162,4.1713553830829575,0.4027980769626738,,,,,,0.49999999999999994,0.8660254037844387,-0.11666949899240553
1997-02,68.78571428571429,4.230996082182867,0.7590789316773408,,,,,,0.8660254037844386,0.5000000000000001,0.4027980769626738
1997-03,29.483870967741936,3.383843366969004,0.04545181971486967,,,,,,1.0,6.123233995736766e-17,0.7590789316773408
1997-04,33.733333333333334,3.5184864681852557,-0.09741247242757423,,,,,,0.8660254037844387,-0.49999999999999983,0.04545181971486967
1997-05,29.903225806451612,3.3979663610807087,-0.7335351414849534,,,,,,0.49999999999999994,-0.8660254037844387,-0.09741247242757423
1997-06,23.86,3.17220341666977,-0.6127335092039972,,,,,,1.2246467991473532e-16,-1.0,-0.7335351414849534
1997-07,34.73870967741936,3.5478546178496893,-0.12936788199503324,,,,,,-0.4999999999999998,-0.8660254037844388,-0.6127335092039972
1997-08,44.903225806451616,3.8045096364092186,-0.0554761239820456,,,,,,-0.8660254037844384,-0.5000000000000004,-0.12936788199503324
1997-09,69.73333333333333,4.244678443522658,0.034868165689861286,,,,,,-1.0,-1.8369701987210297e-16,-0.0554761239820456
1997-10,130.67741935483872,4.872731838717544,0.5429597167232822,,,,,,-0.8660254037844386,0.5000000000000001,0.034868165689861286
1997-11,168.03333333333333,5.124162372420476,0.6395817582472745,,,,,,-0.5000000000000004,0.8660254037844384,0.5429597167232822
1997-12,59.61290322580645,4.087872047716483,-0.078616934456611,,,,,,-2.4492935982947064e-16,1.0,0.6395817582472745
1998-01,92.54838709677419,4.527731611496218,0.7591743053759346,,,,,,0.49999999999999994,0.8660254037844387,-0.078616934456611
1998-02,59.25,4.081765780015241,0.6098486295097145,,,,,,0.8660254037844386,0.5000000000000001,0.7591743053759346
1998-03,50.774193548387096,3.9273882244922023,0.5889966772380681,,,,,,1.0,6.123233995736766e-17,0.6098486295097145
1998-04,71.1,4.264087336809195,0.6481883961963648,,,,,,0.8660254037844387,-0.49999999999999983,0.5889966772380681
1998-05,91.19354838709677,4.512984153208444,0.38148265064278153,,,,,,0.49999999999999994,-0.8660254037844387,0.6481883961963648
1998-06,67.46666666666667,4.211633648745201,0.42669672287143356,,,,,,1.2246467991473532e-16,-1.0,0.38148265064278153
1998-07,55.70967741935484,4.020153873661532,0.3429313738168096,,,,,,-0.4999999999999998,-0.8660254037844388,0.42669672287143356
1998-08,87.38709677419355,4.470347637599949,0.610361877208685,,,,,,-0.8660254037844384,-0.5000000000000004,0.3429313738168096
1998-09,141.53333333333333,4.952535260601046,0.7427249827682489,,,,,,-1.0,-1.8369701987210297e-16,0.610361877208685
1998-10,188.29032258064515,5.237985040718645,0.9082129187243826,,,,,,-0.8660254037844386,0.5000000000000001,0.7427249827682489
1998-11,141.43333333333334,4.95182846354017,0.4672478493669683,,,,,,-0.5000000000000004,0.8660254037844384,0.9082129187243826
1998-12,233.29032258064515,5.452283697586866,1.2857947154137719,,,,,,-2.4492935982947064e-16,1.0,0.4672478493669683
1999-01,113.96774193548387,4.735915442873999,0.9673581367537154,,,,,,0.49999999999999994,0.8660254037844387,1.2857947154137719
1999-02,42.785714285714285,3.756204268500191,0.28428711799466466,,,,,,0.8660254037844386,0.5000000000000001,0.9673581367537154
1999-03,24.216129032258067,3.1870189000938107,-0.1513726471603234,,,,,,1.0,6.123233995736766e-17,0.28428711799466466
1999-04,18.11,2.896464271895322,-0.7194346687175077,,,,,,0.8660254037844387,-0.49999999999999983,-0.1513726471603234
1999-05,28.43548387096774,3.3476377973527787,-0.7838637052128834,,,,,,0.49999999999999994,-0.8660254037844387,-0.7194346687175077
1999-06,46.733333333333334,3.84445768593238,0.059520760058612954,,,,,,1.2246467991473532e-16,-1.0,-0.7838637052128834
1999-07,57.96774193548387,4.059886682298413,0.3826641824536905,,,,,,-0.4999999999999998,-0.8660254037844388,0.059520760058612954
1999-08,104.41935483870968,4.648415049441098,0.7884292890498341,,,,,,-0.8660254037844384,-0.5000000000000004,0.3826641824536905
1999-09,138.73333333333332,4.932553625291424,0.7227433474586276,,,,,,-1.0,-1.8369701987210297e-16,0.7884292890498341
1999-10,132.93548387096774,4.889863926853671,0.5600918048594092,,,,,,-0.8660254037844386,0.5000000000000001,0.7227433474586276
1999-11,327.56666666666666,5.791691596700272,1.3071109825270701,,,,,,-0.5000000000000004,0.8660254037844384,0.5600918048594092
1999-12,185.19354838709677,5.221401485682491,1.0549125035093967,,,,,,-2.4492935982947064e-16,1.0,1.3071109825270701
2000-01,54.96774193548387,4.0067465029041145,0.23818919678383077,,,,,,0.49999999999999994,0.8660254037844387,1.0549125035093967
2000-02,29.482758620689655,3.383805638950286,-0.08811151155524,,,,,,0.8660254037844386,0.5000000000000001,0.23818919678383077
2000-03,13.01290322580645,2.565941421034965,-0.772450126219169,,,,,,1.0,6.123233995736766e-17,-0.08811151155524
2000-04,7.456666666666666,2.0091084868339286,-1.6067904537789013,,,,,,0.8660254037844387,-0.49999999999999983,-0.772450126219169
2000-05,72.45161290322581,4.282918930813242,0.15141742824757998,,,,,,0.49999999999999994,-0.8660254037844387,-1.6067904537789013
2000-06,29.636666666666667,3.389012333464938,-0.39592459240882905,,,,,,1.2246467991473532e-16,-1.0,0.15141742824757998
2000-07,10.551612903225807,2.356278730059192,-1.3209437697855306,,,,,,-0.4999999999999998,-0.8660254037844388,-0.39592459240882905
2000-08,93.05806451612904,4.533223647963907,0.6732378875726428,,,,,,-0.8660254037844384,-0.5000000000000004,-1.3209437697855306
2000-09,65.5,4.182050142641207,-0.027760135191590152,,,,,,-1.0,-1.8369701987210297e-16,0.6732378875726428
2000-10,64.06451612903226,4.159890640119972,-0.16988148187428997,,,,,,-0.8660254037844386,0.5000000000000001,-0.027760135191590152
2000-11,40.8,3.708682081410116,-0.7758985327630854,,,,,,-0.5000000000000004,0.8660254037844384,-0.16988148187428997
2000-12,33.064516129032256,3.4984606870873622,-0.6680282950857319,,,,,,-2.4492935982947064e-16,1.0,-0.7758985327630854
2001-01,17.154838709677417,2.842280274323773,-0.9262770317965106,,,,,,0.49999999999999994,0.8660254037844387,-0.6680282950857319
2001-02,18.542857142857144,2.9200846552146764,-0.5518324952908498,,,,,,0.8660254037844386,0.5000000000000001,-0.9262770317965106
2001-03,30.019354838709678,3.401842334925402,0.06345078767126777,,,,,,1.0,6.123233995736766e-17,-0.5518324952908498
2001-04,27.27,3.305787196857497,-0.3101117437553329,,,,,,0.8660254037844387,-0.49999999999999983,0.06345078767126777
2001-05,49.65806451612904,3.905160804615071,-0.22634069795059109,,,,,,0.49999999999999994,-0.8660254037844387,-0.3101117437553329
2001-06,28.041666666666668,3.333691499296782,-0.45124542657698496,,,,,,1.2246467991473532e-16,-1.0,-0.22634069795059109
2001-07,13.925806451612903,2.6337436980762856,-1.0434788017684369,,,,,,-0.4999999999999998,-0.8660254037844388,-0.45124542657698496
2001-08,38.02516129032258,3.6382480798279473,-0.22173768056331689,,,,,,-0.8660254037844384,-0.5000000000000004,-1.0434788017684369
2001-09,34.39666666666667,3.537959660459513,-0.6718506173732837,,,,,,-1.0,-1.8369701987210297e-16,-0.22173768056331689
2001-10,41.564516129032256,3.7272468256072733,-0.6025252963869887,,,,,,-0.8660254037844386,0.5000000000000001,-0.6718506173732837
2001-11,160.73666666666668,5.079767415146796,0.595186800973595,,,,,,-0.5000000000000004,0.8660254037844384,-0.6025252963869887
2001-12,163.22903225806454,5.095154320446932,0.9286653382738379,,,,,,-2.4492935982947064e-16,1.0,0.595186800973595
2002-01,61.62903225806452,4.1211330624018085,0.3525757562815248,,,,,,0.49999999999999994,0.8660254037844387,0.9286653382738379
2002-02,23.72142857142857,3.1663787987674423,-0.30553835173808386,,,,,,0.8660254037844386,0.5000000000000001,0.3525757562815248
2002-03,15.107096774193549,2.7151646184584295,-0.6232269287957046,,,,,,1.0,6.123233995736766e-17,-0.30553835173808386
2002-04,97.0,4.574710978503383,0.9588120378905529,,,,,,0.8660254037844387,-0.49999999999999983,-0.6232269287957046
2002-05,68.11612903225806,4.221214028464315,0.08971252589865308,,,,,,0.49999999999999994,-0.8660254037844387,0.9588120378905529
2002-06,98.11666666666666,4.58615724680616,0.8012203209323934,,,,,,1.2246467991473532e-16,-1.0,0.08971252589865308
2002-07,21.22258064516129,3.055065739606806,-0.6221567602379166,,,,,,-0.4999999999999998,-0.8660254037844388,0.8012203209323934
2002-08,36.15806451612904,3.5879000085419035,-0.2720857518493607,,,,,,-0.8660254037844384,-0.5000000000000004,-0.6221567602379166
2002-09,42.309999999999995,3.745023464731976,-0.46478681310082104,,,,,,-1.0,-1.8369701987210297e-16,-0.2720857518493607
2002-10,76.01290322580645,4.330903105162386,0.001130983168123656,,,,,,-0.8660254037844386,0.5000000000000001,-0.46478681310082104
2002-11,25.466666666666665,3.237370407504365,-1.2472102066688362,,,,,,-0.5000000000000004,0.8660254037844384,0.001130983168123656
2002-12,32.145161290322584,3.470261935167703,-0.6962270470053911,,,,,,-2.4492935982947064e-16,1.0,-1.2472102066688362
2003-01,41.346774193548384,3.7219944061786636,-0.046562899941620106,,,,,,0.49999999999999994,0.8660254037844387,-0.6962270470053911
2003-02,18.993928571428572,2.94411937922764,-0.5277977712778861,,,,,,0.8660254037844386,0.5000000000000001,-0.046562899941620106
2003-03,6.639032258064516,1.8929662085992225,-1.4454253386549116,,,,,,1.0,6.123233995736766e-17,-0.5277977712778861
2003-04,178.5366666666667,5.184793995624352,1.568895055011522,,,,,,0.8660254037844387,-0.49999999999999983,-1.4454253386549116
2003-05,42.516129032258064,3.7498835105773063,-0.3816179919883558,,,,,,0.49999999999999994,-0.8660254037844387,1.568895055011522
2003-06,38.126666666666665,3.6409139498190606,-0.1440229760547065,,,,,,1.2246467991473532e-16,-1.0,-0.3816179919883558
2003-07,37.585161290322574,3.626609325968437,-0.05061317387628561,,,,,,-0.4999999999999998,-0.8660254037844388,-0.1440229760547065
2003-08,51.303225806451614,3.9377536314171633,0.0777678710258991,,,,,,-0.8660254037844384,-0.5000000000000004,-0.05061317387628561
2003-09,97.08,4.5755353808584,0.36572510302560346,,,,,,-1.0,-1.8369701987210297e-16,0.0777678710258991
2003-10,58.15806451612904,4.063164554063008,-0.2666075679312536,,,,,,-0.8660254037844386,0.5000000000000001,0.36572510302560346
2003-11,290.59000000000003,5.671913338981806,1.1873327248086047,,,,,,-0.5000000000000004,0.8660254037844384,-0.2666075679312536
2003-12,93.51290322580645,4.538099429188226,0.371610447015132,,,,,,-2.4492935982947064e-16,1.0,1.1873327248086047
2004-01,42.08709677419355,3.739741203786556,-0.028816102333727667,,,,,,0.49999999999999994,0.8660254037844387,0.371610447015132
2004-02,31.386206896551727,3.4463685255960677,-0.025548624909458528,,,,,,0.8660254037844386,0.5000000000000001,-0.028816102333727667
2004-03,83.1241935483871,4.420335797255418,1.0819442500012837,,,,,,1.0,6.123233995736766e-17,-0.025548624909458528
2004-04,50.843333333333334,3.9287490093437323,0.3128500687309024,,,,,,0.8660254037844387,-0.49999999999999983,1.0819442500012837
2004-05,167.39354838709676,5.120347617211711,0.9888461146460488,,,,,,0.49999999999999994,-0.8660254037844387,0.3128500687309024
2004-06,58.50666666666667,4.069140707858811,0.2842037819850436,,,,,,1.2246467991473532e-16,-1.0,0.9888461146460488
2004-07,33.76451612903226,3.519410432375692,-0.15781206746903065,,,,,,-0.4999999999999998,-0.8660254037844388,0.2842037819850436
2004-08,20.220322580645163,3.006688167008351,-0.853297593382913,,,,,,-0.8660254037844384,-0.5000000000000004,-0.15781206746903065
2004-09,201.18666666666667,5.304233166977341,1.0944228891445444,,,,,,-1.0,-1.8369701987210297e-16,-0.853297593382913
2004-10,92.35483870967742,4.5256381006129685,0.19586597861870647,,,,,,-0.8660254037844386,0.5000000000000001,1.0944228891445444
2004-11,153.66666666666666,5.034785754328539,0.5502051401553372,,,,,,-0.5000000000000004,0.8660254037844384,0.19586597861870647
2004-12,64.90322580645162,4.172897326734484,0.006408344561389612,,,,,,-2.4492935982947064e-16,1.0,0.5502051401553372
2005-01,132.0,4.882801922586371,1.1142446164660869,,,,,,0.49999999999999994,0.8660254037844387,0.006408344561389612
2005-02,35.82142857142857,3.5785462777867316,0.10662912728120544,,,,,,0.8660254037844386,0.5000000000000001,1.1142446164660869
2005-03,9.103225806451613,2.208628834933567,-1.129762712320567,,,,,,1.0,6.123233995736766e-17,0.10662912728120544
2005-04,47.72,3.8653505972297153,0.2494516566168854,,,,,,0.8660254037844387,-0.49999999999999983,-1.129762712320567
2005-05,181.1290322580645,5.199209662687397,1.067708160121735,,,,,,0.49999999999999994,-0.8660254037844387,0.2494516566168854
2005-06,80.93333333333334,4.393625770517233,0.6086888446434662,,,,,,1.2246467991473532e-16,-1.0,1.067708160121735
2005-07,49.12903225806452,3.894450148410016,0.2172276485652933,,,,,,-0.4999999999999998,-0.8660254037844388,0.6086888446434662
2005-08,53.774193548387096,3.984793678265648,0.12480791787438372,,,,,,-0.8660254037844384,-0.5000000000000004,0.2172276485652933
2005-09,62.8,4.139955073474153,-0.06985520435864423,,,,,,-1.0,-1.8369701987210297e-16,0.12480791787438372
2005-10,229.38064516129032,5.435382829563384,1.105610707569122,,,,,,-0.8660254037844386,0.5000000000000001,-0.06985520435864423
2005-11,91.73666666666666,4.518922153940201,0.034341539766999496,,,,,,-0.5000000000000004,0.8660254037844384,1.105610707569122
2005-12,36.44193548387097,3.5957201852477367,-0.5707687969253574,,,,,,-2.4492935982947064e-16,1.0,0.034341539766999496
2006-01,115.72258064516129,4.751195780629767,0.9826384745094834,,,,,,0.49999999999999994,0.8660254037844387,-0.5707687969253574
2006-02,18.053571428571427,2.893343528285322,-0.5785736222202043,,,,,,0.8660254037844386,0.5000000000000001,0.9826384745094834
2006-03,25.865483870967743,3.2529094108377237,-0.08548213641641045,,,,,,1.0,6.123233995736766e-17,-0.5785736222202043
2006-04,83.38000000000001,4.423408472452651,0.8075095318398207,,,,,,0.8660254037844387,-0.49999999999999983,-0.08548213641641045
2006-05,36.461290322580645,3.596251158711539,-0.535250343854123,,,,,,0.49999999999999994,-0.8660254037844387,0.8075095318398207
2006-06,60.734,4.106503673045911,0.3215667471721435,,,,,,1.2246467991473532e-16,-1.0,-0.535250343854123
2006-07,51.593548387096774,3.943396633412643,0.26617413356792063,,,,,,-0.4999999999999998,-0.8660254037844388,0.3215667471721435
2006-08,69.30000000000001,4.238444906195857,0.37845914580459317,,,,,,-0.8660254037844384,-0.5000000000000004,0.26617413356792063
2006-09,42.67333333333333,3.7535742130457477,-0.45623606478704914,,,,,,-1.0,-1.8369701987210297e-16,0.37845914580459317
2006-10,62.05161290322581,4.127966504918361,-0.20180561707590083,,,,,,-0.8660254037844386,0.5000000000000001,-0.45623606478704914
2006-11,61.79666666666667,4.123849425576391,-0.3607311885968105,,,,,,-0.5000000000000004,0.8660254037844384,-0.20180561707590083
2006-12,46.92258064516129,3.848499023235294,-0.31798995893780013,,,,,,-2.4492935982947064e-16,1.0,-0.3607311885968105
2007-01,20.583870967741937,3.024507806389155,-0.7440494997311289,,,,,,0.49999999999999994,0.8660254037844387,-0.31798995893780013
2007-02,11.992142857142856,2.484251673433048,-0.9876654770724782,,,,,,0.8660254037844386,0.5000000000000001,-0.7440494997311289
2007-03,19.589354838709678,2.9749862982191257,-0.36340524903500837,,,,,,1.0,6.123233995736766e-17,-0.9876654770724782
2007-04,38.60433333333333,3.6533645326914086,0.03746559207857869,,,,,,0.8660254037844387,-0.49999999999999983,-0.36340524903500837
2007-05,25.793225806451613,3.2501118918097682,-0.8813896107558938,,,,,,0.49999999999999994,-0.8660254037844387,0.03746559207857869
2007-06,30.25,3.4094961844768505,-0.3754407413969165,,,,,,1.2246467991473532e-16,-1.0,-0.8813896107558938
2007-07,24.10967741935484,3.1826133125662373,-0.49460918727848524,,,,,,-0.4999999999999998,-0.8660254037844388,-0.3754407413969165
2007-08,24.29032258064516,3.190078023314747,-0.669907737076517,,,,,,-0.8660254037844384,-0.5000000000000004,-0.49460918727848524
2007-09,30.323333333333334,3.411917493165861,-0.7978927846669359,,,,,,-1.0,-1.8369701987210297e-16,-0.669907737076517
2007-10,117.48709677419355,4.766328512866425,0.4365563908721626,,,,,,-0.8660254037844386,0.5000000000000001,-0.7978927846669359
2007-11,47.916666666666664,3.86946339100935,-0.6151172231638515,,,,,,-0.5000000000000004,0.8660254037844384,0.4365563908721626
2007-12,79.94516129032259,4.381340915751423,0.21485193357832877,,,,,,-2.4492935982947064e-16,1.0,-0.6151172231638515
2008-01,57.3,4.048300623720694,0.27974331760041027,,,,,,0.49999999999999994,0.8660254037844387,0.21485193357832877
2008-02,23.29310344827586,3.1481573274137795,-0.32375982309174667,,,,,,0.8660254037844386,0.5000000000000001,0.27974331760041027
2008-03,18.093548387096774,2.895555432029145,-0.44283611522498934,,,,,,1.0,6.123233995736766e-17,-0.32375982309174667
2008-04,69.40666666666667,4.239982924378497,0.6240839837656669,,,,,,0.8660254037844387,-0.49999999999999983,-0.44283611522498934
2008-05,29.622580645161293,3.38853693013433,-0.7429645724313318,,,,,,0.49999999999999994,-0.8660254037844387,0.6240839837656669
2008-06,43.22,3.76630335107874,-0.01863357479502703,,,,,,1.2246467991473532e-16,-1.0,-0.7429645724313318
2008-07,16.60967741935484,2.8099855025669496,-0.8672369972777729,,,,,,-0.4999999999999998,-0.8660254037844388,-0.01863357479502703
2008-08,45.512903225806454,3.817995873133966,-0.04198988725729835,,,,,,-0.8660254037844384,-0.5000000000000004,-0.8672369972777729
2008-09,209.35333333333335,5.344023414637574,1.1342131368047772,,,,,,-1.0,-1.8369701987210297e-16,-0.04198988725729835
2008-10,125.71612903225805,4.8340264210660395,0.5042542990717775,,,,,,-0.8660254037844386,0.5000000000000001,1.1342131368047772
2008-11,88.38000000000001,4.481645699702594,-0.0029349144706074526,,,,,,-0.5000000000000004,0.8660254037844384,0.5042542990717775
2008-12,31.129032258064516,3.43814089685384,-0.7283480853192543,,,,,,-2.4492935982947064e-16,1.0,-0.0029349144706074526
2009-01,49.62903225806452,3.90457599027695,0.1360186841566664,,,,,,0.49999999999999994,0.8660254037844387,-0.7283480853192543
2009-02,29.36785714285714,3.3799007818016458,-0.09201636870388041,,,,,,0.8660254037844386,0.5000000000000001,0.1360186841566664
2009-03,35.95483870967742,3.5822636706502897,0.2438721233961556,,,,,,1.0,6.123233995736766e-17,-0.09201636870388041
2009-04,13.298,2.5876136479802634,-1.0282852926325665,,,,,,0.8660254037844387,-0.49999999999999983,0.2438721233961556
2009-05,96.35387096774193,4.568027570158598,0.43652606759293633,,,,,,0.49999999999999994,-0.8660254037844387,-1.0282852926325665
2009-06,144.54,4.973556285854835,1.1886193599810682,,,,,,1.2246467991473532e-16,-1.0,0.43652606759293633
2009-07,28.25483870967742,3.341264724683897,-0.33595777516082537,,,,,,-0.4999999999999998,-0.8660254037844388,1.1886193599810682
2009-08,46.75806451612903,3.844986743876564,-0.014999016514700259,,,,,,-0.8660254037844384,-0.5000000000000004,-0.33595777516082537
2009-09,85.77666666666667,4.451747019236786,0.2419367414039888,,,,,,-1.0,-1.8369701987210297e-16,-0.014999016514700259
2009-10,129.83225806451614,4.866243294691962,0.5364711726977003,,,,,,-0.8660254037844386,0.5000000000000001,0.2419367414039888
2009-11,98.43666666666667,4.5894133633756535,0.10483274920245211,,,,,,-0.5000000000000004,0.8660254037844384,0.5364711726977003
2009-12,56.645161290322584,4.036806569709916,-0.12968241246317813,,,,,,-2.4492935982947064e-16,1.0,0.10483274920245211
2010-01,118.14838709677419,4.771941352221702,1.0033840461014178,,,,,,0.49999999999999994,0.8660254037844387,-0.12968241246317813
2010-02,30.482142857142858,3.417141032059291,-0.05477611844623498,,,,,,0.8660254037844386,0.5000000000000001,1.0033840461014178
2010-03,75.65806451612903,4.3262240375418175,0.9878324902876834,,,,,,1.0,6.123233995736766e-17,-0.05477611844623498
2010-04,88.36666666666666,4.48149482462687,0.8655958840140405,,,,,,0.8660254037844387,-0.49999999999999983,0.9878324902876834
2010-05,137.08387096774194,4.920592935356914,0.7890914327912517,,,,,,0.49999999999999994,-0.8660254037844387,0.8655958840140405
2010-06,163.12666666666667,5.094526995138429,1.3095900692646616,,,,,,1.2246467991473532e-16,-1.0,0.7890914327912517
2010-07,217.0193548387097,5.3799865423681315,1.702764042523409,,,,,,-0.4999999999999998,-0.8660254037844388,1.3095900692646616
2010-08,112.40322580645162,4.722092636393428,0.8621068760021635,,,,,,-0.8660254037844384,-0.5000000000000004,1.702764042523409
2010-09,59.19666666666667,4.080865233998394,-0.12894504383440264,,,,,,-1.0,-1.8369701987210297e-16,0.8621068760021635
2010-10,56.61290322580645,4.03623693141482,-0.29353519057944233,,,,,,-0.8660254037844386,0.5000000000000001,-0.12894504383440264
2010-11,31.267666666666667,3.4425845497750567,-1.0419960643981447,,,,,,-0.5000000000000004,0.8660254037844384,-0.29353519057944233
2010-12,123.20161290322581,4.813822142760686,0.6473331605875918,,,,,,-2.4492935982947064e-16,1.0,-1.0419960643981447
2011-01,28.55806451612903,3.351939366131857,-0.41661793998842667,,,,,,0.49999999999999994,0.8660254037844387,0.6473331605875918
2011-02,16.466428571428573,2.801323676196246,-0.6705934743092801,,,,,,0.8660254037844386,0.5000000000000001,-0.41661793998842667
2011-03,7.811612903225806,2.055611460228317,-1.282780087025817,,,,,,1.0,6.123233995736766e-17,-0.6705934743092801
2011-04,15.600666666666665,2.7473136483851106,-0.8685852922277193,,,,,,0.8660254037844387,-0.49999999999999983,-1.282780087025817
2011-05,155.5961290322581,5.04726373375012,0.9157622311844582,,,,,,0.49999999999999994,-0.8660254037844387,-0.8685852922277193
2011-06,167.02333333333334,5.118133523215629,1.3331965973418622,,,,,,1.2246467991473532e-16,-1.0,0.9157622311844582
2011-07,150.22903225806454,5.012161011318009,1.3349385114732861,,,,,,-0.4999999999999998,-0.8660254037844388,1.3331965973418622
2011-08,246.68806451612903,5.508124641806073,1.6481388814148086,,,,,,-0.8660254037844384,-0.5000000000000004,1.3349385114732861
2011-09,173.91333333333333,5.158557090838156,0.9487468130053589,,,,,,-1.0,-1.8369701987210297e-16,1.6481388814148086
2011-10,78.83870967741936,4.36740411580634,0.03763199381207816,,,,,,-0.8660254037844386,0.5000000000000001,0.9487468130053589
2011-11,148.32999999999998,4.999439521335521,0.5148589071623197,,,,,,-0.5000000000000004,0.8660254037844384,0.03763199381207816
2011-12,103.84193548387097,4.642869891879445,0.47638090970635094,,,,,,-2.4492935982947064e-16,1.0,0.5148589071623197
2012-01,40.33870967741935,3.6973115458325276,-0.07124576028775609,,,,,,0.49999999999999994,0.8660254037844387,0.47638090970635094
2012-02,31.36896551724138,3.4458190448415422,-0.02609810566398396,,,,,,0.8660254037844386,0.5000000000000001,-0.07124576028775609
2012-03,174.21290322580646,5.160278133005948,1.8218865857518143,,,,,,1.0,6.123233995736766e-17,-0.02609810566398396
2012-04,112.51333333333334,4.7230717331402285,1.1071727925273986,,,,,,0.8660254037844387,-0.49999999999999983,1.8218865857518143
2012-05,119.2258064516129,4.781019228276429,0.6495177257107665,,,,,,0.49999999999999994,-0.8660254037844387,1.1071727925273986
2012-06,19.733333333333334,2.9823092532218505,-0.8026276726519166,,,,,,1.2246467991473532e-16,-1.0,0.6495177257107665
2012-07,51.222580645161294,3.9361804630469055,0.258957963202183,,,,,,-0.4999999999999998,-0.8660254037844388,-0.8026276726519166
2012-08,41.88387096774194,3.734900811715235,-0.12508494867602904,,,,,,-0.8660254037844384,-0.5000000000000004,0.258957963202183
2012-09,20.206666666666667,3.0060125829615476,-1.2037976948712492,,,,,,-1.0,-1.8369701987210297e-16,-0.12508494867602904
2012-10,104.76451612903226,4.6517151279985365,0.3219430060042745,,,,,,-0.8660254037844386,0.5000000000000001,-1.2037976948712492
2012-11,53.983333333333334,3.9886753569492286,-0.49590525722397283,,,,,,-0.5000000000000004,0.8660254037844384,0.3219430060042745
2012-12,79.41290322580646,4.374660864191049,0.20817188201795478,,,,,,-2.4492935982947064e-16,1.0,-0.49590525722397283
2013-01,40.84193548387096,3.7097093840410613,-0.0588479220792224,,,,,,0.49999999999999994,0.8660254037844387,0.20817188201795478
2013-02,24.835714285714285,3.212282709398557,-0.2596344411069693,,,,,,0.8660254037844386,0.5000000000000001,-0.0588479220792224
2013-03,57.925161290322585,4.059151854782799,0.720760307528665,,,,,,1.0,6.123233995736766e-17,-0.2596344411069693
2013-04,21.994666666666667,3.090799999726385,-0.525098940886445,,,,,,0.8660254037844387,-0.49999999999999983,0.720760307528665
2013-05,127.48064516129033,4.8479645504187445,0.7164630478530825,,,,,,0.49999999999999994,-0.8660254037844387,-0.525098940886445
2013-06,106.95666666666666,4.672423768009891,0.8874868421361235,,,,,,1.2246467991473532e-16,-1.0,0.7164630478530825
2013-07,111.70967741935483,4.715903339917276,1.0386808400725531,,,,,,-0.4999999999999998,-0.8660254037844388,0.8874868421361235
2013-08,42.97354838709678,3.7605847726203936,-0.09940098777087059,,,,,,-0.8660254037844384,-0.5000000000000004,1.0386808400725531
2013-09,102.05,4.625462889255854,0.41565261142305676,,,,,,-1.0,-1.8369701987210297e-16,-0.09940098777087059
2013-10,71.23870967741935,4.266036345924744,-0.0637357760695183,,,,,,-0.8660254037844386,0.5000000000000001,0.41565261142305676
2013-11,101.60666666666665,4.621109149789594,0.13652853561639233,,,,,,-0.5000000000000004,0.8660254037844384,-0.0637357760695183
2013-12,118.93225806451613,4.778554071059511,0.6120650888864168,,,,,,-2.4492935982947064e-16,1.0,0.13652853561639233
2014-01,33.4483870967742,3.5100035670790866,-0.25855373904119716,,,,,,0.49999999999999994,0.8660254037844387,0.6120650888864168
2014-02,28.993214285714284,3.367061812458725,-0.10485533804680136,,,,,,0.8660254037844386,0.5000000000000001,-0.25855373904119716
2014-03,12.514516129032257,2.526889260854812,-0.811502286399322,,,,,,1.0,6.123233995736766e-17,-0.10485533804680136
2014-04,15.153666666666668,2.7182425268746657,-0.8976564137381642,,,,,,0.8660254037844387,-0.49999999999999983,-0.811502286399322
2014-05,65.48258064516129,4.181784162923054,0.05028266035739204,,,,,,0.49999999999999994,-0.8660254037844387,-0.8976564137381642
2014-06,16.549666666666663,2.806365960633331,-0.978570965240436,,,,,,1.2246467991473532e-16,-1.0,0.05028266035739204
2014-07,22.904193548387095,3.1313200181786867,-0.5459024816660358,,,,,,-0.4999999999999998,-0.8660254037844388,-0.978570965240436
2014-08,66.62774193548387,4.199121036393154,0.33913527600189,,,,,,-0.8660254037844384,-0.5000000000000004,-0.5459024816660358
2014-09,68.11633333333333,4.221217027765241,0.011406749932444171,,,,,,-1.0,-1.8369701987210297e-16,0.33913527600189
2014-10,15.79516129032258,2.759703645681657,-1.570068476312605,,,,,,-0.8660254037844386,0.5000000000000001,0.011406749932444171
2014-11,90.65666666666667,4.507079477427397,0.02249886325419581,,,,,,-0.5000000000000004,0.8660254037844384,-1.570068476312605
2014-12,87.97419354838709,4.477043516338547,0.310554534165453,,,,,,-2.4492935982947064e-16,1.0,0.02249886325419581
2015-01,30.02258064516129,3.4019497867065187,-0.366607519413765,,,,,,0.49999999999999994,0.8660254037844387,0.310554534165453
2015-02,70.84285714285714,4.260464144439775,0.7885469939342484,,,,,,0.8660254037844386,0.5000000000000001,-0.366607519413765
2015-03,24.845483870967744,3.2126760004519883,-0.1257155468021458,,,,,,1.0,6.123233995736766e-17,0.7885469939342484
2015-04,10.146666666666667,2.3171452443253755,-1.2987536962874544,,,,,,0.8660254037844387,-0.49999999999999983,-0.1257155468021458
2015-05,9.11741935483871,2.2101867985657435,-1.9213147039999185,,,,,,0.49999999999999994,-0.8660254037844387,-1.2987536962874544
2015-06,6.247333333333333,1.8321547060335222,-1.952782219840245,,,,,,1.2246467991473532e-16,-1.0,-1.9213147039999185
2015-07,2.6996774193548387,0.9931322915596364,-2.684090208285086,,,,,,-0.4999999999999998,-0.8660254037844388,-1.952782219840245
2015-08,10.39774193548387,2.3415886609849332,-1.518397099406331,,,,,,-0.8660254037844384,-0.5000000000000004,-2.684090208285086
2015-09,24.125999999999998,3.1832900971431917,-1.0265201806896052,,,,,,-1.0,-1.8369701987210297e-16,-1.518397099406331
2015-10,33.622580645161285,3.51519788426013,-0.8145742377341318,,,,,,-0.8660254037844386,0.5000000000000001,-1.0265201806896052
2015-11,20.00633333333333,2.996048890092351,-1.4885317240808504,,,,,,-0.5000000000000004,0.8660254037844384,-0.8145742377341318
2015-12,38.87354838709677,3.6603140292773815,-0.5061749528957127,,,,,,-2.4492935982947064e-16,1.0,-1.4885317240808504
2016-01,26.682580645161288,3.2840109422004145,-0.48454636391986927,,,,,,0.49999999999999994,0.8660254037844387,-0.5061749528957127
2016-02,23.147241379310344,3.14187561055102,-0.330041539954506,,,,,,0.8660254037844386,0.5000000000000001,-0.48454636391986927
2016-03,52.185806451612905,3.9548105508579425,0.6164190036038084,,,,,,1.0,6.123233995736766e-17,-0.330041539954506
2016-04,84.143,4.432517732387701,0.8166187917748715,,,,,,0.8660254037844387,-0.49999999999999983,0.6164190036038084
2016-05,96.20032258064516,4.5664327108951985,0.43493120832953647,,,,,,0.49999999999999994,-0.8660254037844387,0.8166187917748715
2016-06,45.086,3.808571777031941,0.023634851158174097,,,,,,1.2246467991473532e-16,-1.0,0.43493120832953647
2016-07,50.52806451612903,3.9225289149115756,0.24530641506685313,,,,,,-0.4999999999999998,-0.8660254037844388,0.023634851158174097
2016-08,49.04483870967742,3.8927349553917954,0.032749195000531195,,,,,,-0.8660254037844384,-0.5000000000000004,0.24530641506685313
2016-09,34.449333333333335,3.539489645554956,-0.670320632277841,,,,,,-1.0,-1.8369701987210297e-16,0.032749195000531195
2016-10,65.9774193548387,4.189312552498974,-0.14045956949528815,,,,,,-0.8660254037844386,0.5000000000000001,-0.670320632277841
2016-11,258.91,5.556480510963286,1.071899896790085,,,,,,-0.5000000000000004,0.8660254037844384,-0.14045956949528815
2016-12,79.47741935483872,4.375472948042727,0.20898396586963308,,,,,,-2.4492935982947064e-16,1.0,1.071899896790085
2017-01,49.21290322580645,3.896155849801063,0.12759854368077939,,,,,,0.49999999999999994,0.8660254037844387,0.20898396586963308
2017-02,13.035,2.567638047385465,-0.9042791031200612,,,,,,0.8660254037844386,0.5000000000000001,0.12759854368077939
2017-03,58.98935483870968,4.077357001164359,0.7389654539102253,,,,,,1.0,6.123233995736766e-17,-0.9042791031200612
2017-04,129.81666666666666,4.8661231986978475,1.2502242580850176,,,,,,0.8660254037844387,-0.49999999999999983,0.7389654539102253
2017-05,68.82903225806452,4.231625636425692,0.10012413386002983,,,,,,0.49999999999999994,-0.8660254037844387,1.2502242580850176
2017-06,63.08633333333333,4.144504158661359,0.35956723278759206,,,,,,1.2246467991473532e-16,-1.0,0.10012413386002983
2017-07,88.79064516129031,4.4862812971659425,0.80905879732122,,,,,,-0.4999999999999998,-0.8660254037844388,0.35956723278759206
2017-08,132.56451612903226,4.887069441103408,1.0270836807121442,,,,,,-0.8660254037844384,-0.5000000000000004,0.80905879732122
2017-09,276.0066666666666,5.620425020014804,1.4106147421820072,,,,,,-1.0,-1.8369701987210297e-16,1.0270836807121442
2017-10,121.33548387096775,4.798559303022832,0.46878718102856975,,,,,,-0.8660254037844386,0.5000000000000001,1.4106147421820072
2017-11,124.70333333333333,4.825937583149365,0.3413569689761635,,,,,,-0.5000000000000004,0.8660254037844384,0.46878718102856975
2017-12,55.39354838709678,4.014463131865259,-0.1520258503078349,,,,,,-2.4492935982947064e-16,1.0,0.3413569689761635
2018-01,52.47096774193548,3.9602600212475285,0.1917027151272448,,,,,,0.49999999999999994,0.8660254037844387,-0.1520258503078349
2018-02,44.92142857142857,3.804914931934199,0.33299778142867265,,,,,,0.8660254037844386,0.5000000000000001,0.1917027151272448
2018-03,34.74193548387097,3.5479474726712423,0.2095559254171082,,,,,,1.0,6.123233995736766e-17,0.33299778142867265
2018-04,27.363666666666667,3.3092160993696043,-0.30668284124322565,,,,,,0.8660254037844387,-0.49999999999999983,0.2095559254171082
2018-05,67.47741935483872,4.211793013835021,0.08029151126935918,,,,,,0.49999999999999994,-0.8660254037844387,-0.30668284124322565
2018-06,38.266333333333336,3.6445704843780233,-0.14036644149574373,,,,,,1.2246467991473532e-16,-1.0,0.08029151126935918
2018-07,44.270967741935486,3.7903291064991484,0.11310660665442596,,,,,,-0.4999999999999998,-0.8660254037844388,-0.14036644149574373
2018-08,22.451612903225808,3.1113624558492736,-0.7486233045419906,,,,,,-0.8660254037844384,-0.5000000000000004,0.11310660665442596
2018-09,32.15533333333333,3.4705783259872494,-0.7392319518455475,,,,,,-1.0,-1.8369701987210297e-16,-0.7486233045419906
2018-10,71.16129032258064,4.264948995328301,-0.0648231266659609,,,,,,-0.8660254037844386,0.5000000000000001,-0.7392319518455475
2018-11,107.89666666666668,4.681173978984919,0.19659336481171774,,,,,,-0.5000000000000004,0.8660254037844384,-0.0648231266659609
2018-12,32.619354838709675,3.4849058189074467,-0.6815831632656475,,,,,,-2.4492935982947064e-16,1.0,0.19659336481171774
2019-01,34.08387096774193,3.528824280245069,-0.2397330258752146,,,,,,0.49999999999999994,0.8660254037844387,-0.6815831632656475
2019-02,15.796428571428573,2.7597838746990773,-0.7121332758064489,,,,,,0.8660254037844386,0.5000000000000001,-0.2397330258752146
2019-03,15.421935483870968,2.7357908780192517,-0.6026006692348824,,,,,,1.0,6.123233995736766e-17,-0.7121332758064489
2019-04,38.056666666666665,3.639076277020126,0.023177336407296245,,,,,,0.8660254037844387,-0.49999999999999983,-0.6026006692348824
2019-05,43.428387096774195,3.771113307859727,-0.36038819470593486,,,,,,0.49999999999999994,-0.8660254037844387,0.023177336407296245
2019-06,24.597666666666665,3.202651587491172,-0.582285338382595,,,,,,1.2246467991473532e-16,-1.0,-0.36038819470593486
2019-07,53.36612903225806,3.9771762569351194,0.29995375709039696,,,,,,-0.4999999999999998,-0.8660254037844388,-0.582285338382595
2019-08,52.03548387096774,3.951925867998596,0.09194010760733162,,,,,,-0.8660254037844384,-0.5000000000000004,0.29995375709039696
2019-09,91.06666666666666,4.511591839028525,0.3017815611957282,,,,,,-1.0,-1.8369701987210297e-16,0.09194010760733162
2019-10,46.406451612903226,3.8374384929481096,-0.4923336290461524,,,,,,-0.8660254037844386,0.5000000000000001,0.3017815611957282
2019-11,61.61666666666667,4.120932396714531,-0.36364821745867015,,,,,,-0.5000000000000004,0.8660254037844384,-0.4923336290461524
2019-12,80.53870967741935,4.38873793440373,0.22224895223063612,,,,,,-2.4492935982947064e-16,1.0,-0.36364821745867015
2020-01,90.43870967741935,4.504672380141024,0.7361150740207401,,,,,,0.49999999999999994,0.8660254037844387,0.22224895223063612
2020-02,40.744827586206895,3.707328901230696,0.23541175072516962,,,,,,0.8660254037844386,0.5000000000000001,0.7361150740207401
2020-03,84.40645161290323,4.43564383959163,1.0972522923374957,,,,,,1.0,6.123233995736766e-17,0.23541175072516962
2020-04,47.97,3.8705758155139725,0.25467687490114255,,,,,,0.8660254037844387,-0.49999999999999983,1.0972522923374957
2020-05,36.987096774193546,3.610569115989136,-0.5209323865765261,,,,,,0.49999999999999994,-0.8660254037844387,0.25467687490114255
2020-06,16.166,2.7829102713116525,-1.0020266545621146,,,,,,1.2246467991473532e-16,-1.0,-0.5209323865765261
2020-07,62.0258064516129,4.127550531534659,0.45032803168993674,,,,,,-0.4999999999999998,-0.8660254037844388,-1.0020266545621146
2020-08,38.696774193548386,3.6557562423897076,-0.20422951800155653,,,,,,-0.8660254037844384,-0.5000000000000004,0.45032803168993674
2020-09,71.27333333333333,4.2665222509172445,0.05671197308444764,,,,,,-1.0,-1.8369701987210297e-16,-0.20422951800155653
2020-10,80.61290322580645,4.389658726349806,0.05988660435554394,,,,,,-0.8660254037844386,0.5000000000000001,0.05671197308444764
2020-11,138.51666666666668,4.930990655330926,0.44641004115772454,,,,,,-0.5000000000000004,0.8660254037844384,0.05988660435554394
2020-12,45.79032258064516,3.8240727714278795,-0.34241621074521467,,,,,,-2.4492935982947064e-16,1.0,0.44641004115772454
2021-01,26.90741935483871,3.2924020610260682,-0.4761552450942155,,,,,,0.49999999999999994,0.8660254037844387,-0.34241621074521467
2021-02,37.607142857142854,3.6271940019587716,0.15527685145324543,,,,,,0.8660254037844386,0.5000000000000001,-0.4761552450942155
2021-03,13.249354838709678,2.583948859828628,-0.7544426874255059,,,,,,1.0,6.123233995736766e-17,0.15527685145324543
2021-04,14.126666666666667,2.6480642641720435,-0.9678346764407864,,,,,,0.8660254037844387,-0.49999999999999983,-0.7544426874255059
2021-05,28.567666666666664,3.35227554215724,-0.779225960408422,,,,,,0.49999999999999994,-0.8660254037844387,-0.9678346764407864
2021-06,101.60333333333332,4.621076343005148,0.8361394171313812,,,,,,1.2246467991473532e-16,-1.0,-0.779225960408422
2021-07,64.69354838709677,4.169661480724961,0.4924389808802383,,,,,,-0.4999999999999998,-0.8660254037844388,0.8361394171313812
2021-08,56.7,4.037774210733707,0.1777884503424425,,,,,,-0.8660254037844384,-0.5000000000000004,0.4924389808802383
2021-09,24.886666666666667,3.214332184818328,-0.9954780930144689,,,,,,-1.0,-1.8369701987210297e-16,0.1777884503424425
2021-10,61.2,4.11414718951828,-0.2156249324759818,,,,,,-0.8660254037844386,0.5000000000000001,-0.9954780930144689
2021-11,43.1,3.763522997109702,-0.7210576170634995,,,,,,-0.5000000000000004,0.8660254037844384,-0.2156249324759818
2021-12,36.354838709677416,3.59332730955463,-0.5731616726184643,,,,,,-2.4492935982947064e-16,1.0,-0.7210576170634995
2022-01,11.28483870967742,2.423460117715205,-1.3450971884050786,,,,,,0.49999999999999994,0.8660254037844387,-0.5731616726184643
2022-02,55.909285714285716,4.0237304793226345,0.5518133288171083,,,,,,0.8660254037844386,0.5000000000000001,-1.3450971884050786
2022-03,14.577419354838709,2.6794737119320877,-0.6589178353220464,,,,,,1.0,6.123233995736766e-17,0.5518133288171083
2022-04,11.283,2.423297168156309,-1.1926017724565208,,,,,,0.8660254037844387,-0.49999999999999983,-0.6589178353220464
2022-05,18.408709677419353,2.9128239046528672,-1.2186775979127948,,,,,,0.49999999999999994,-0.8660254037844387,-1.1926017724565208
2022-06,6.526,1.8757941981711288,-1.9091427277026383,,,,,,1.2246467991473532e-16,-1.0,-1.2186775979127948
2022-07,66.99387096774193,4.204601137113186,0.5273786372684635,,,,,,-0.4999999999999998,-0.8660254037844388,-1.9091427277026383
2022-08,36.012903225806454,3.583877297177021,-0.2761084632142432,,,,,,-0.8660254037844384,-0.5000000000000004,0.5273786372684635
2022-09,220.44333333333333,5.395640670173315,1.1858303923405185,,,,,,-1.0,-1.8369701987210297e-16,-0.2761084632142432
2022-10,127.00322580645161,4.844212486186816,0.5144403641925539,,,,,,-0.8660254037844386,0.5000000000000001,1.1858303923405185
2022-11,178.91333333333336,5.186901517269813,0.702320903096612,,,,,,-0.5000000000000004,0.8660254037844384,0.5144403641925539
2022-12,33.15806451612904,3.50128596053373,-0.6652030216393641,,,,,,-2.4492935982947064e-16,1.0,0.702320903096612
2023-01,56.13548387096775,4.027768123646778,0.25921081752649444,,,,,,0.49999999999999994,0.8660254037844387,-0.6652030216393641
2023-02,18.211428571428574,2.9020493404938223,-0.5698678100117038,,,,,,0.8660254037844386,0.5000000000000001,0.25921081752649444
2023-03,11.153548387096773,2.4117576882734295,-0.9266338589807046,,,,,,1.0,6.123233995736766e-17,-0.5698678100117038
2023-04,51.74699999999999,3.9463664594506014,0.3304675188377715,,,,,,0.8660254037844387,-0.49999999999999983,-0.9266338589807046
2023-05,34.277419354838706,3.5344868095316966,-0.5970146930339655,,,,,,0.49999999999999994,-0.8660254037844387,0.3304675188377715
2023-06,45.842666666666666,3.8252152440710825,0.04027831819731542,,,,,,1.2246467991473532e-16,-1.0,-0.5970146930339655
2023-07,28.861290322580647,3.3625012620684043,-0.3147212377763182,,,,,,-0.4999999999999998,-0.8660254037844388,0.04027831819731542
2023-08,30.353548387096776,3.4129134262264995,-0.44707233416476466,,,,,,-0.8660254037844384,-0.5000000000000004,-0.3147212377763182
2023-09,37.101,3.6136439234280298,-0.5961663544047671,,,,,,-1.0,-1.8369701987210297e-16,-0.44707233416476466
2023-10,144.53870967741935,4.9735473587181245,0.6437752367238625,,,,,,-0.8660254037844386,0.5000000000000001,-0.5961663544047671
2023-11,73.30333333333333,4.294606083074647,-0.18997453109855478,,,,,,-0.5000000000000004,0.8660254037844384,0.6437752367238625
2023-12,61.770967741935486,4.123433476444975,-0.04305550572811878,,,,,,-2.4492935982947064e-16,1.0,-0.18997453109855478
2024-01,21.017419354838708,3.0453515869717176,-0.7232057191485661,,,,,,0.49999999999999994,0.8660254037844387,-0.04305550572811878
2024-02,34.10241379310345,3.529368167505789,0.057451017000262894,,,,,,0.8660254037844386,0.5000000000000001,-0.7232057191485661
2024-03,19.703225806451613,2.980782368859331,-0.357609178394803,,,,,,1.0,6.123233995736766e-17,0.057451017000262894
2024-04,134.65066666666667,4.902683770353161,1.2867848297403315,,,,,,0.8660254037844387,-0.49999999999999983,-0.357609178394803
2024-05,133.39999999999998,4.893352133481523,0.7618506309158608,,,,,,0.49999999999999994,-0.8660254037844387,1.2867848297403315
2024-06,96.07333333333332,4.565111788742105,0.7801748628683383,219.9,1.0355944275623445,,,,1.2246467991473532e-16,-1.0,0.7618506309158608
2024-07,42.26870967741935,3.7440470883834047,0.06682458853868223,144.7,0.3138291979650775,,,,-0.4999999999999998,-0.8660254037844388,0.7801748628683383
2024-08,91.74838709677421,4.51904990745345,0.6590641470621859,208.3,0.8364909010672571,0.9856159919230504,,,-0.8660254037844384,-0.5000000000000004,0.06682458853868223
2024-09,65.80333333333333,4.186670495609467,-0.02313978222333013,,,,,,-1.0,-1.8369701987210297e-16,0.6590641470621859
2024-10,139.51612903225808,4.938180214880833,0.6084080928865712,174.8,-0.0950535694033363,,,,-0.8660254037844386,0.5000000000000001,-0.02313978222333013
2024-11,239.77666666666667,5.479707934550827,0.9951273203776259,433.1,2.0135507802618333,,,,-0.5000000000000004,0.8660254037844384,0.6084080928865712
2024-12,49.36451612903225,3.899231869111844,-0.26725711306125,153.4,0.7112683381043803,1.3366545863347528,,,-2.4492935982947064e-16,1.0,0.9951273203776259
2025-01,33.26129032258064,3.5043942680387516,-0.2641630380815321,59.9,-0.4246754811722563,1.7477417245833031,,,0.49999999999999994,0.8660254037844387,-0.26725711306125
2025-02,33.06071428571429,3.4983456978979617,0.026428547392435497,,,,,,0.8660254037844386,0.5000000000000001,-0.2641630380815321
2025-03,33.740645161290324,3.5187031984907375,0.18031165123660342,86.69999999999999,0.5308112763173024,,,,1.0,6.123233995736766e-17,0.026428547392435497
2025-04,91.16333333333334,4.512652769454183,0.8967538288413532,74.8,-0.2470264339082312,,,,0.8660254037844387,-0.49999999999999983,0.18031165123660342
2025-05,182.06451612903226,5.204361108487558,1.072859605921896,166.0,-0.025992744806149565,-0.11266028023575922,,,0.49999999999999994,-0.8660254037844387,0.8967538288413532
2025-06,22.923333333333336,3.132155314663635,-0.6527816112101319,72.7,-0.7786625025297388,-0.5357693259290001,,,1.2246467991473532e-16,-1.0,1.072859605921896
2025-07,17.55806451612903,2.865513360955008,-0.8117091388897144,,,,,,-0.4999999999999998,-0.8660254037844388,-0.6527816112101319
2025-08,27.681290322580644,3.3207567453631586,-0.5392290150281056,111.89999999999999,-0.760570608943949,,,,-0.8660254037844384,-0.5000000000000004,-0.8117091388897144
2025-09,77.15166666666666,4.345773181513829,0.13596290368103237,153.2,-0.1361222330351385,,,,-1.0,-1.8369701987210297e-16,-0.5392290150281056
2025-10,43.03225806451613,3.761950021990423,-0.567822100003839,,,,,,-0.8660254037844386,0.5000000000000001,0.13596290368103237
2025-11,37.269999999999996,3.618188713491167,-0.8663919006820344,75.9,-1.1291525275851324,,,,-0.5000000000000004,0.8660254037844384,-0.567822100003839
2025-12,31.62258064516129,3.453871442782534,-0.71261753939056,72.4,-0.6371389310617335,,,,-2.4492935982947064e-16,1.0,-0.8663919006820344
2026-01,21.738709677419354,3.079094527467025,-0.6894627786532586,119.6,0.9031905811529242,-0.7666936691793633,,,0.49999999999999994,0.8660254037844387,-0.71261753939056
2026-02,104.56071428571428,4.649767900640321,1.177850750134795,183.3,1.9374700183691718,1.0772905127875498,,,0.8660254037844386,0.5000000000000001,-0.6894627786532586
2026-03,47.16451612903226,3.853641832938246,0.5152502856841119,,,,,,1.0,6.123233995736766e-17,1.177850750134795
2026-04,51.11333333333334,3.934045389462639,0.3181464488498089,154.6,0.9027394768836651,,,,0.8660254037844387,-0.49999999999999983,0.5152502856841119
2026-05,8.64258064516129,2.1567012240008028,-1.9748002785648593,124.8,-0.39281560204307264,,,,0.49999999999999994,-0.8660254037844387,0.3181464488498089
2026-06,6.432666666666666,1.8613891749300824,-1.9235477509436847,,,,,,1.2246467991473532e-16,-1.0,-1.9748002785648593
2026-07,4.9632258064516135,1.6020558935456424,-2.07516660629908,63.9,-1.1929979716794807,,,,-0.4999999999999998,-0.8660254037844388,-1.9235477509436847
2026-08,2.3073684210526317,0.8361076634733197,-3.0238780969179446,,,,,,-0.8660254037844384,-0.5000000000000004,-2.07516660629908
