,discharge_cfs_mean,log_q,log_q_anomaly,precip_mm_sum,spi_1,spi_3,spi_6,spi_12,month_sin,month_cos,log_q_anomaly_lag1
1973-01,13.838709677419354,2.6274697144428707,-1.501363953442512,39.6,0.06003321715491591,-0.8360478022128054,-0.7226855668068354,-0.6710341785122214,0.49999999999999994,0.8660254037844387,
1973-02,30.642857142857142,3.4223995893127586,-0.4423203052638205,29.5,-0.23712268464927963,-0.4040496572418535,-0.4064290376281496,-0.8934680074837351,0.8660254037844386,0.5000000000000001,-1.501363953442512
1973-03,28.903225806451612,3.363953208489784,-0.4176030158610238,16.5,-1.0457856410977124,-0.8213708796892623,-0.22698756735933462,-1.1070237368738283,1.0,6.123233995736766e-17,-0.4423203052638205
1973-04,22.666666666666668,3.120895416507997,-1.1370032395867105,8.9,-2.048514397062611,-1.8138221100665373,-1.7127064958672251,-1.907881353059451,0.8660254037844387,-0.49999999999999983,-0.4176030158610238
1973-05,17.483870967741936,2.8612787969545,-1.9080852409339855,14.2,-1.5264484719030924,-2.793084639354122,-1.989842656519678,-1.7409288859064418,0.49999999999999994,-0.8660254037844387,-1.1370032395867105
1973-06,99.16666666666667,4.596801936317575,0.21582960865341416,49.8,-0.013564603423289337,-1.8189427148180113,-1.9297727686847883,-1.7581232402693283,1.2246467991473532e-16,-1.0,-1.9080852409339855
1973-07,33.16129032258065,3.501383241529964,-1.0620288963767863,45.4,-0.6232725404633231,-1.3579622864084422,-2.0982704135370014,-1.868127539543483,-0.4999999999999998,-0.8660254037844388,0.21582960865341416
1973-08,225.5483870967742,5.418534712850225,0.23125370901568143,75.8,-0.6809246934165308,-0.9708696799627937,-2.533487729109296,-1.823361524102798,-0.8660254037844384,-0.5000000000000004,-1.0620288963767863
1973-09,313.8,5.748755840298932,-0.13205305627807906,133.0,-0.13179964754959062,-0.8481871803084142,-1.9742812637690075,-1.5194626697935112,-1.0,-1.8369701987210297e-16,0.23125370901568143
1973-10,228.6451612903226,5.432171287799771,-0.5558419546138715,123.1,-0.254461570717009,-0.722228634986787,-1.4909402543076633,-2.0336952591583497,-0.8660254037844386,0.5000000000000001,-0.13205305627807906
1973-11,188.86666666666667,5.241041298728306,-0.44941154999180544,61.5,-0.8537980604890418,-0.86850364386068,-1.1713509771847999,-2.0993033110977986,-0.5000000000000004,0.8660254037844384,-0.5558419546138715
1973-12,44.064516129032256,3.7856548356455892,-0.9336054662993112,42.800000000000004,-0.17523126341400838,-1.049929575639738,-1.3412466058234471,-2.199333809803036,-2.4492935982947064e-16,1.0,-0.44941154999180544
1974-01,36.96774193548387,3.6100456927895386,-0.5187879750958442,155.6,1.804663938683674,0.2836877477761176,-0.5303255383041782,-1.6491135389648244,0.49999999999999994,0.8660254037844387,-0.9336054662993112
1974-02,95.85714285714286,4.562858987916369,0.6981390933397895,82.6,0.7127671081850591,1.0673586248836713,-0.024717776802028458,-1.41968570681956,0.8660254037844386,0.5000000000000001,-0.5187879750958442
1974-03,37.12903225806452,3.6143992042367366,-0.1671570201140713,47.1,0.07238900520188342,1.2293434919434016,0.1053335459906184,-1.2006535948474768,1.0,6.123233995736766e-17,0.6981390933397895
1974-04,24.833333333333332,3.2121868367174042,-1.0457118193773032,8.6,-2.0752821944086755,-0.43354048339483636,-0.14727225162504448,-1.2525561565292167,0.8660254037844387,-0.49999999999999983,-0.1671570201140713
1974-05,20.548387096774192,3.022782451087017,-1.7465815868014687,2.8,-2.1206097772861083,-2.270636127162971,-0.3104547833379732,-1.161138833616302,0.49999999999999994,-0.8660254037844387,-1.0457118193773032
1974-06,18.779999999999998,2.9327924737801165,-1.448179853884044,8.2,-1.357930195307218,-3.312515250150558,-0.5977182933007575,-1.4924599729150438,1.2246467991473532e-16,-1.0,-1.7465815868014687
1974-07,78.81612903225808,4.367117659069579,-0.19629447883717166,52.3,-0.4449632869635269,-2.1363360012598607,-1.7042839817687865,-1.516630271798361,-0.4999999999999998,-0.8660254037844388,-1.448179853884044
1974-08,134.09677419354838,4.898561734767491,-0.2887192690670526,181.9,0.7875167693313416,-0.26316095900299735,-1.616516415176445,-1.0324571858060125,-0.8660254037844384,-0.5000000000000004,-0.19629447883717166
1974-09,484.7,6.18353014285133,0.3027212462743192,274.8,1.266866688476596,0.9085022900648722,-0.5469436934481935,-0.3567552437513264,-1.0,-1.8369701987210297e-16,-0.2887192690670526
1974-10,358.19354838709677,5.881073478261439,-0.10693976415220341,64.7,-1.25204048464114,0.5185210100154009,-0.5956120012650032,-0.525121194137058,-0.8660254037844386,0.5000000000000001,0.3027212462743192
1974-11,950.8,6.857303735486039,1.1668508867659275,239.9,1.2451884847545043,0.886516626996148,0.4539304919750878,0.1328159515995115,-0.5000000000000004,0.8660254037844384,-0.10693976415220341
1974-12,292.80645161290323,5.679511816041481,0.9602515140965808,90.4,0.7530753658903059,0.48299041988633085,0.9038851185776478,0.26667798025810496,-2.4492935982947064e-16,1.0,1.1668508867659275
1975-01,57.935483870967744,4.059330044376999,-0.06950362350838368,0.3,-2.8329915457582406,0.8607532810068926,0.8663623990196481,-0.3254067035657042,0.49999999999999994,0.8660254037844387,0.9602515140965808
1975-02,39.892857142857146,3.6861972888939967,-0.17852260568258238,11.0,-0.9156980177413789,-0.6029862711847769,0.4105895285091441,-0.6306119694182513,0.8660254037844386,0.5000000000000001,-0.06950362350838368
1975-03,54.483870967741936,3.997904712322654,0.21634848797184603,30.599999999999998,-0.4294466235151591,-1.7260531137733808,-0.353586751624919,-0.6543498391449326,1.0,6.123233995736766e-17,-0.17852260568258238
1975-04,31.233333333333334,3.441485900576267,-0.8164127555184404,15.6,-1.5806213386105195,-1.7597631160036125,-0.21747047451488705,-0.6525417432902968,0.8660254037844387,-0.49999999999999983,0.21634848797184603
1975-05,43.70967741935484,3.7775695288286553,-0.9917945090598304,2.6,-2.1313492013000426,-2.5195364795124635,-2.0662175024532115,-0.5558809667047246,0.49999999999999994,-0.8660254037844387,-0.8164127555184404
1975-06,52.6,3.9627161197436642,-0.41825620792049634,46.6,-0.0780377001207513,-1.972568757790199,-2.6235268258739928,-0.4758532791938831,1.2246467991473532e-16,-1.0,-0.9917945090598304
1975-07,185.1290322580645,5.2210530536232165,0.657640915716466,116.0,0.7415509491466269,-0.6874797294030593,-1.5068934614269267,-0.25641810814466415,-0.4999999999999998,-0.8660254037844388,-0.41825620792049634
1975-08,394.9032258064516,5.978640736925869,0.7913597330913253,122.3,0.06931597314865216,0.0921446390972757,-1.3320320087005666,-0.5095330564370855,-0.8660254037844384,-0.5000000000000004,0.657640915716466
1975-09,2075.366666666667,7.6378931238812955,1.7570842273042846,496.2,2.7101747292512726,2.019952930682468,0.8721412530303672,0.40038018498502537,-1.0,-1.8369701987210297e-16,0.7913597330913253
1975-10,819.9032258064516,6.709186315984502,0.7211730735708599,208.1,0.724758367363054,1.9976708078756402,1.3253980331486344,0.8675617051429717,-0.8660254037844386,0.5000000000000001,1.7570842273042846
1975-11,783.3,6.663515764373193,0.973062915653081,197.0,0.8786109949701173,2.428934304175726,1.784927454425914,0.7334687442069966,-0.5000000000000004,0.8660254037844384,0.7211730735708599
1975-12,422.48387096774195,6.046151270844256,1.326890968899356,110.7,1.0483186778346614,1.3317488507684554,2.2616625741594434,0.7724431953749301,-2.4492935982947064e-16,1.0,0.973062915653081
1976-01,89.16129032258064,4.490446980402414,0.3616133125170311,0.8,-2.432058442218677,0.6898976803747192,2.0955151959984306,0.7868452792421379,0.49999999999999994,0.8660254037844387,1.326890968899356
1976-02,93.37931034482759,4.536669804045691,0.6719499094691121,60.099999999999994,0.3848845117742657,0.18652050132709028,2.106172656210863,0.9737888023558358,0.8660254037844386,0.5000000000000001,0.3616133125170311
1976-03,49.54838709677419,3.9029497092224714,0.12139348487166357,40.5,-0.1110068171494435,-0.5785478083151352,0.6690258979286677,0.9821948984110905,1.0,6.123233995736766e-17,0.6719499094691121
1976-04,69.66666666666667,4.243721963296702,-0.014176692798005597,73.4,0.124948164167694,-0.02679727988758309,0.38090647670715316,1.2109884104351774,0.8660254037844387,-0.49999999999999983,0.12139348487166357
1976-05,70.93548387096774,4.261770786069615,-0.5075932518188706,34.0,-0.888091396821293,-0.7904396374746588,-0.45715772247245096,1.2651612951609594,0.49999999999999994,-0.8660254037844387,-0.014176692798005597
1976-06,24.033333333333335,3.179441755622794,-1.2015305720413667,34.6,-0.35058760430285413,-0.8502831778587625,-1.0860630285317672,1.284252020991684,1.2246467991473532e-16,-1.0,-0.5075932518188706
1976-07,26.35483870967742,3.271651890374857,-1.2917602475318937,20.700000000000003,-1.4529844240981147,-1.6602018859933152,-1.1539486216476464,0.9458318652459062,-0.4999999999999998,-0.8660254037844388,-1.2015305720413667
1976-08,42.29032258064516,3.7445582792785537,-1.4427227245559902,128.1,0.1482740817530377,-0.8349598145793534,-1.3521704827268364,1.006595421139044,-0.8660254037844384,-0.5000000000000004,-1.2917602475318937
1976-09,280.6666666666667,5.637167725574217,-0.24364117100279348,101.1,-0.5787454652012077,-0.8865850805203053,-1.4613586736699857,-0.4907823224851428,-1.0,-1.8369701987210297e-16,-1.4427227245559902
1976-10,351.83870967741933,5.863172859443597,-0.12484038297004574,168.2,0.30689433246297976,-0.2493540397762977,-1.18825921005316,-0.579479164946075,-0.8660254037844386,0.5000000000000001,-0.24364117100279348
1976-11,227.76666666666668,5.428321713118623,-0.2621311356014884,12.299999999999999,-2.4799879961071256,-1.1806466952527215,-1.312513373530419,-1.4023391874386117,-0.5000000000000004,0.8660254037844384,-0.12484038297004574
1976-12,56.16129032258065,4.028227735283043,-0.6910325666618578,33.1,-0.44651192386824956,-1.2073327340926077,-1.463728666992802,-1.8460140517607253,-2.4492935982947064e-16,1.0,-0.2621311356014884
1977-01,24.677419354838708,3.2058886293413895,-0.9229450385439932,14.399999999999999,-0.8124091730806471,-2.4333660832638513,-1.4236518837864014,-1.8302752356700749,0.49999999999999994,0.8660254037844387,-0.6910325666618578
1977-02,13.857142857142858,2.6288008294480694,-1.2359190651285097,2.8,-1.6370753913942169,-1.4883933501216406,-1.7979040550076428,-2.1825359478584594,0.8660254037844386,0.5000000000000001,-0.9229450385439932
1977-03,10.64516129032258,2.3651054499753794,-1.4164507743754284,2.1,-2.5538935252133648,-2.5388862884685297,-1.9494990931693197,-2.2830869444341593,1.0,6.123233995736766e-17,-1.2359190651285097
1977-04,16.14,2.7813006628418027,-1.4765979932529048,100.9,0.5865841297853756,-0.8725559259301012,-2.1926812686062798,-2.219641373656424,0.8660254037844387,-0.49999999999999983,-1.4164507743754284
1977-05,12.654838709677419,2.5380396487303605,-2.231324389158125,109.2,0.3313766499694055,-0.09559809611949496,-0.9130450536281133,-1.6276000661691725,0.49999999999999994,-0.8660254037844387,-1.4765979932529048
1977-06,9.229999999999999,2.222459048514761,-2.1585132791493997,39.1,-0.24181957008673763,0.13032918502535665,-0.8774778876766653,-1.769039372013045,1.2246467991473532e-16,-1.0,-2.231324389158125
1977-07,53.516129032258064,3.9799830857052982,-0.5834290522014522,72.1,-0.006057280204337177,-0.16594424846167535,-0.6793296177101306,-1.5667541007923418,-0.4999999999999998,-0.8660254037844388,-2.1585132791493997
1977-08,367.9032258064516,5.907819930233342,0.720538926398798,138.1,0.2789754791077502,-0.20276522253052623,-0.37894645343282546,-1.5556857135649382,-0.8660254037844384,-0.5000000000000004,-0.5834290522014522
1977-09,144.66666666666666,4.974432245432295,-0.9063766511447158,87.6,-0.7976993217243147,-0.48196267192396663,-0.4367404905576924,-1.5404825306300365,-1.0,-1.8369701987210297e-16,0.720538926398798
1977-10,488.2258064516129,6.190778016970673,0.20276477455703024,85.6,-0.8414009744531014,-0.8840430907695372,-0.9068730905985718,-1.7873843962174352,-0.8660254037844386,0.5000000000000001,-0.9063766511447158
1977-11,1518.4666666666667,7.3254563327576525,1.635003484037541,171.5,0.6356803580615166,-0.6492409311188355,-0.5925721708235742,-1.0752747968448606,-0.5000000000000004,0.8660254037844384,0.20276477455703024
1977-12,75.64516129032258,4.326053476395233,-0.393206825549667,4.9,-1.9775225288604092,-0.6823429102304975,-0.8457449551799286,-1.25913443618448,-2.4492935982947064e-16,1.0,1.635003484037541
1978-01,37.38709677419355,3.6213256388546053,-0.5075080290307774,17.9,-0.6450516937104607,-0.3545374529844941,-1.0839405906351713,-1.2826064677262081,0.49999999999999994,0.8660254037844387,-0.393206825549667
1978-02,33.357142857142854,3.5072719280536386,-0.3574479665229404,56.0,0.3166810987324637,-0.9443810776302898,-1.1046433621021357,-1.0606706910072514,0.8660254037844386,0.5000000000000001,-0.5075080290307774
1978-03,27.032258064516128,3.2970308959969366,-0.4845253283538713,107.1,1.2514943874472881,0.3563459848213245,-0.31475792503435684,-0.5535837064760546,1.0,6.123233995736766e-17,-0.3574479665229404
1978-04,121.33333333333333,4.7985415789686305,0.5406429228739231,82.6,0.2905298694544561,0.6451826336336409,0.12307169619704053,-0.6559788100467572,0.8660254037844387,-0.49999999999999983,-0.4845253283538713
1978-05,72.09677419354838,4.2780093025625225,-0.4913547353259631,25.1,-1.1344529988839924,-0.07073205368197959,-0.6567412744086342,-0.9033282564649743,0.49999999999999994,-0.8660254037844387,0.5406429228739231
1978-06,70.8,4.259859000699674,-0.12111332696448684,25.3,-0.6105865351265567,-0.9537707779958978,-0.5313990680486623,-1.0756790342147449,1.2246467991473532e-16,-1.0,-0.4913547353259631
1978-07,91.74193548387096,4.518979586437985,-0.04443255146876535,59.300000000000004,-0.27905317775750593,-1.3537671592593659,-0.4803232032155324,-1.1886864172388705,-0.4999999999999998,-0.8660254037844388,-0.12111332696448684
1978-08,130.4516129032258,4.871002375655216,-0.3162786281793277,282.79999999999995,1.7130074345870359,0.6917351931315597,0.3680449579828194,-0.5492974087691397,-0.8660254037844384,-0.5000000000000004,-0.04443255146876535
1978-09,192.93333333333334,5.262344706089219,-0.6184641904877921,71.7,-1.0884711019988051,0.3415490653253121,-0.43792476573516387,-0.5725018030158542,-1.0,-1.8369701987210297e-16,-0.3162786281793277
1978-10,1061.0,6.966967138613983,0.9789538962003403,289.6,1.4386386640917903,1.1670857019403407,0.28529453883785105,0.25399515868510697,-0.8660254037844386,0.5000000000000001,-0.6184641904877921
1978-11,218.86666666666667,5.388462716399383,-0.3019901323207286,184.3,0.7603506073372608,0.6947288719924516,0.8183726570136802,0.29340705215916696,-0.5000000000000004,0.8660254037844384,0.9789538962003403
1978-12,95.29032258064517,4.556928258606179,-0.1623320433387212,65.1,0.316955329141213,1.4794836292077613,1.1136125400471406,0.4690395219748002,-2.4492935982947064e-16,1.0,-0.3019901323207286
1979-01,42.74193548387097,3.7551805339351763,-0.3736531339502065,15.3,-0.7667280627044416,0.3259320148045343,1.1321933012688254,0.46471340249948695,0.49999999999999994,0.8660254037844387,-0.1623320433387212
1979-02,29.821428571428573,3.3952272146756517,-0.46949267990092736,14.1,-0.760627498157773,-0.7038946113013628,0.19892458764776785,0.32365755741829294,0.8660254037844386,0.5000000000000001,-0.3736531339502065
1979-03,34.225806451612904,3.532979934128837,-0.2485762902219708,65.39999999999999,0.5037803751451291,-0.6765083899812527,0.7526254685504444,0.17824718338916046,1.0,6.123233995736766e-17,-0.46949267990092736
1979-04,25.966666666666665,3.2568136642085928,-1.0010849918861147,33.3,-0.8381992394980796,-0.7707911066425454,-0.28825569767055714,-0.004891523714470294,0.8660254037844387,-0.49999999999999983,-0.2485762902219708
1979-05,226.19354838709677,5.421391041555979,0.6520270036674933,145.8,0.7157657786991636,0.19995945328202153,-0.314049926145743,0.46401090989012933,0.49999999999999994,-0.8660254037844387,-1.0010849918861147
1979-06,503.7,6.221980852751605,1.8410085250874442,244.5,2.0844501521564394,1.238731224802097,0.7027747721479317,1.2114012045798899,1.2246467991473532e-16,-1.0,0.6520270036674933
1979-07,217.29032258064515,5.3812343514370164,0.817822213530266,136.0,1.021306854460321,1.7516360647423057,1.0432618465573062,1.4387431242971052,-0.4999999999999998,-0.8660254037844388,1.8410085250874442
1979-08,741.9354838709677,6.60926229042614,1.4219812865915964,291.4,1.7814490649200891,2.3499548215681347,2.009289037843893,1.5233249456926121,-0.8660254037844384,-0.5000000000000004,0.817822213530266
1979-09,1611.6666666666667,7.385024119219285,1.5042152226422738,391.40000000000003,2.0915330436900463,2.3787802190230867,2.627237373507064,2.43789800702665,-1.0,-1.8369701987210297e-16,1.4219812865915964
1979-10,216.1290322580645,5.375875600893911,-0.6121376415197313,36.4,-2.0024825261718155,1.5251167779145611,2.2681001780781833,1.594162560722721,-0.8660254037844386,0.5000000000000001,1.5042152226422738
1979-11,136.33333333333334,4.915102867374692,-0.7753499813454194,136.4,0.25901029054500607,0.8012007515237436,1.945430171261266,1.4718043063571868,-0.5000000000000004,0.8660254037844384,-0.6121376415197313
1979-12,106.58064516129032,4.668901930155722,-0.050358371789178236,26.2,-0.6760919553014804,-1.3817542715045612,1.3823584375807856,1.3380051899434517,-2.4492935982947064e-16,1.0,-0.7753499813454194
1980-01,44.32258064516129,3.791494268297148,-0.33733939958823456,38.1,0.021727887297638294,-0.28639264918202395,1.1828653086129002,1.4359504830919625,0.49999999999999994,0.8660254037844387,-0.050358371789178236
1980-02,35.724137931034484,3.5758265928329545,-0.2888933017436246,23.4,-0.41272819098281205,-0.8042881728589001,0.26074304093679984,1.4995416056488158,0.8660254037844386,0.5000000000000001,-0.33733939958823456
1980-03,33.645161290322584,3.5158692505156264,-0.2656869738351815,35.1,-0.27698719033812796,-0.6493315990293252,-1.3804188862291393,1.3621737708867772,1.0,6.123233995736766e-17,-0.2888933017436246
1980-04,161.66666666666666,5.085536602269373,0.8276379461746659,122.1,0.8884347456669138,0.04203504492691546,-0.26199078407076454,1.691914445518009,0.8660254037844387,-0.49999999999999983,-0.2656869738351815
1980-05,635.516129032258,6.454437470373936,1.6850734324854502,228.4,1.3983879937399344,1.252859701801547,0.546249563854858,1.846662552598969,0.49999999999999994,-0.8660254037844387,0.8276379461746659
1980-06,157.8,5.061328408411774,0.6803560807476137,55.3,0.0910488664109288,1.1411746265441431,0.619365045012448,1.3691420405459678,1.2246467991473532e-16,-1.0,1.6850734324854502
1980-07,134.19354838709677,4.899283148770163,0.3358710108634124,51.3,-0.46982203185143107,0.6842723111713643,0.45049525848878236,1.0712497808115045,-0.4999999999999998,-0.8660254037844388,0.6803560807476137
1980-08,129.70967741935485,4.865298702412128,-0.32198230142241613,35.3,-1.67959016209387,-1.3193821426740695,0.0437759673468832,0.1716983339403815,-0.8660254037844384,-0.5000000000000004,0.3358710108634124
1980-09,481.93333333333334,6.177805791898087,0.296996895321076,97.6,-0.6334521894015013,-1.5406138268045737,-0.1886200771383691,-1.03342598466714,-1.0,-1.8369701987210297e-16,-0.32198230142241613
1980-10,527.8064516129032,6.268729647588497,0.2807164051748545,41.9,-1.82922311608201,-2.208567991461293,-1.0416842952672556,-0.8997414040666831,-0.8660254037844386,0.5000000000000001,0.296996895321076
1980-11,86.3,4.457829598089382,-1.2326232506307297,1.9,-3.808004941089866,-2.7690634609420703,-2.616230356423983,-1.534625757059735,-0.5000000000000004,0.8660254037844384,0.2807164051748545
1980-12,55.45161290322581,4.015510800897703,-0.7037495010471977,126.3,1.2524632750359972,-1.7553977944160342,-2.2838999094953554,-1.1305081463684798,-2.4492935982947064e-16,1.0,-1.2326232506307297
1981-01,43.03225806451613,3.761950021990423,-0.3668836458949598,60.2,0.5077976968418344,-0.4187245355403634,-2.1623768942969637,-1.066445170357739,0.49999999999999994,0.8660254037844387,-0.7037495010471977
1981-02,84.14285714285714,4.432516034596273,0.567796140019694,59.1,0.3685441513183864,0.8116698736011935,-1.3670415415976387,-0.926629196378641,0.8660254037844386,0.5000000000000001,-0.3668836458949598
1981-03,28.096774193548388,3.3356547723673566,-0.4459014519834512,33.3,-0.33623339931684704,0.06252332363522424,-1.1606161948618052,-0.8775519752833921,1.0,6.123233995736766e-17,0.567796140019694
1981-04,80.96666666666667,4.394037547340017,0.13613889124530942,98.2,0.5452625287071617,0.14318089579095747,-0.2778667359585283,-1.0230689885309903,0.8660254037844387,-0.49999999999999983,-0.4459014519834512
1981-05,121.12903225806451,4.796856359713089,0.02749232182460304,129.3,0.5512767256285467,0.3392741697715049,0.732601907138691,-1.334330118803678,0.49999999999999994,-0.8660254037844387,0.13613889124530942
1981-06,131.73333333333332,4.880779677205603,0.49980734954144257,89.60000000000001,0.6240260806190464,0.6086065480422348,0.4433046068715755,-1.3097334680978283,1.2246467991473532e-16,-1.0,0.02749232182460304
1981-07,140.19354838709677,4.943023956331229,0.3796118184244781,52.1,-0.4499102069435883,0.23884915621697733,0.16166458229685604,-1.3620111248990907,-0.4999999999999998,-0.8660254037844388,0.49980734954144257
1981-08,183.51612903225808,5.212302560265501,0.025021556430957048,103.3,-0.2085163611334626,-0.24026817243414206,-0.09108096875915007,-1.0642108460638326,-0.8660254037844384,-0.5000000000000004,0.3796118184244781
1981-09,496.2,6.206979071257701,0.32617017468068976,163.89999999999998,0.23608200314660033,-0.3147658874358856,0.06584993166959976,-0.7047377294211727,-1.0,-1.8369701987210297e-16,0.025021556430957048
1981-10,680.7096774193549,6.523135897216891,0.5351226548032484,168.4,0.3091440166869127,0.0024389514662759536,0.054002177603416385,-0.13305047118082797,-0.8660254037844386,0.5000000000000001,0.32617017468068976
1981-11,259.3,5.5579856925446185,-0.1324671561754931,71.2,-0.6690190735746218,-0.21101396081648846,-0.32049940899439555,0.10979336086122425,-0.5000000000000004,0.8660254037844384,0.5351226548032484
1981-12,291.5806451612903,5.675316623313265,0.9560563213683642,174.9,1.8020504755331805,0.6305277446039175,0.1080047989514585,0.24747965494118523,-2.4492935982947064e-16,1.0,-0.1324671561754931
1982-01,107.93548387096774,4.681533677061623,0.55270000917624,13.0,-0.887893931547663,0.2765968395699767,0.06322365779743369,0.07189367392530015,0.49999999999999994,0.8660254037844387,0.9560563213683642
1982-02,50.214285714285715,3.916299562195406,0.05157966761882715,1046.0,4.753424308817087,4.753424308817087,3.95529629995812,3.1259017526568837,0.8660254037844386,0.5000000000000001,0.55270000917624
1982-03,37.064516129032256,3.6126600733636094,-0.16889615098719846,7.3,-1.7223779840044664,4.753424308817087,3.893880928893753,2.947364101461525,1.0,6.123233995736766e-17,0.05157966761882715
1982-04,50.333333333333336,3.9186675481468147,-0.3392311079478927,41.8,-0.5842170742513256,4.753424308817087,3.925623842494898,2.9183469450321304,0.8660254037844387,-0.49999999999999983,-0.16889615098719846
1982-05,138.29032258064515,4.929355262112831,0.15999122422434553,155.3,0.8050988405761135,-0.171451758879063,4.276193334499038,2.8158344979666805,0.49999999999999994,-0.8660254037844387,-0.3392311079478927
1982-06,27.333333333333332,3.3081069585961433,-1.0728653690680172,42.6,-0.162965969871158,0.05673790093999011,3.6386606160465136,2.8694915434603896,1.2246467991473532e-16,-1.0,0.15999122422434553
1982-07,168.61290322580646,5.1276055742277755,0.564193436321025,127.8,0.9100023939686335,0.6232446932329576,3.7023461675846603,3.0704542839759013,-0.4999999999999998,-0.8660254037844388,-1.0728653690680172
1982-08,252.51612903225808,5.531475124030821,0.3441941201962768,190.2,0.8745536723904731,0.6458985203040111,0.2683493872446999,3.4107862857103197,-0.8660254037844384,-0.5000000000000004,0.564193436321025
1982-09,541.5666666666667,6.294466173667595,0.413657277090584,211.2,0.7186117816736612,1.0196735921389615,0.7305084227038622,3.423489416481722,-1.0,-1.8369701987210297e-16,0.3441941201962768
1982-10,208.06451612903226,5.337848205304672,-0.6501650371089704,134.7,-0.09834515935410701,0.6011658808239954,0.7805830716689774,3.1096874363381257,-0.8660254037844386,0.5000000000000001,0.413657277090584
1982-11,472.8666666666667,6.158813460099877,0.46836061137976515,137.5,0.27173406805078953,0.3202952154533115,0.5450032558823543,3.3073469460409504,-0.5000000000000004,0.8660254037844384,-0.6501650371089704
1982-12,135.41935483870967,4.908376295895432,0.1891159939505318,55.0,0.1110734825356317,-0.07111043952780793,0.6920441072600901,3.031488467116234,-2.4492935982947064e-16,1.0,0.46836061137976515
1983-01,48.96774193548387,3.891161753470429,-0.23767191441495372,14.5,-0.8072304952271938,-0.22073764870955698,0.32214187278027245,3.1064127824020775,0.49999999999999994,0.8660254037844387,0.1891159939505318
1983-02,31.107142857142858,3.437437466677299,-0.42728242789927995,18.0,-0.5986166946153376,-0.8073228648474218,-0.17982461417177636,-0.003656137461586532,0.8660254037844386,0.5000000000000001,-0.23767191441495372
1983-03,29.258064516129032,3.3761552456299904,-0.4054009787208175,121.6,1.4667007911692806,0.07891706451146438,-0.07884543954890673,0.42571164592405103,1.0,6.123233995736766e-17,-0.42728242789927995
1983-04,87.76666666666667,4.474681777834154,0.21678312173944647,105.2,0.6509254536220899,0.637613673176041,0.19626098325663352,0.6676041176006478,0.8660254037844387,-0.49999999999999983,-0.4054009787208175
1983-05,462.16129032258067,6.135913943408226,1.36654990551974,243.3,1.504042261996164,1.7666585472358802,1.005770957159739,0.9480408716480527,0.49999999999999994,-0.8660254037844387,0.21678312173944647
1983-06,100.53333333333333,4.610489347465691,0.2295170198015306,15.7,-0.9607685781863237,0.9019269896358887,0.7022587364377364,0.8904050543146492,1.2246467991473532e-16,-1.0,1.36654990551974
1983-07,66.03225806451613,4.190143381176143,-0.37326875673060744,30.8,-1.0672998086967287,0.3763051878361097,0.5473435066800489,0.5219950944298245,-0.4999999999999998,-0.8660254037844388,0.2295170198015306
1983-08,132.06451612903226,4.883290561736088,-0.3039904420984554,132.5,0.20659158269274927,-0.8824329819265271,0.7382877909308614,0.3298360328591474,-0.8660254037844384,-0.5000000000000004,-0.37326875673060744
1983-09,135.03333333333333,4.9055216615405355,-0.9752872350364754,24.5,-2.4050225363345565,-1.5008555611443497,-0.40722822335160064,-0.3897905398684031,-1.0,-1.8369701987210297e-16,-0.3039904420984554
1983-10,246.6451612903226,5.507950709771212,-0.4800625326424308,151.9,0.11721947568128009,-0.9033692028689481,-0.5166160793161659,-0.2641298427263367,-0.8660254037844386,0.5000000000000001,-0.9752872350364754
1983-11,524.9333333333333,6.263271270401472,0.5728184216813608,159.8,0.5162926572297252,-0.7167028850525603,-1.0177770889548055,-0.19340159710213992,-0.5000000000000004,0.8660254037844384,-0.4800625326424308
1983-12,101.87096774193549,4.623706990330441,-0.09555331161445935,75.8,0.5129929679256182,0.4249669080489647,-0.7532500202250715,-0.1563713998253616,-2.4492935982947064e-16,1.0,0.5728184216813608
1984-01,96.51612903225806,4.569710134609221,0.4408764667238385,89.9,1.0008387136099148,0.8220018289120938,-0.2767928346337138,0.11936221238832202,0.49999999999999994,0.8660254037844387,-0.09555331161445935
1984-02,84.93103448275862,4.441839568134064,0.5771196735574851,102.60000000000001,0.9581622061095035,0.9781487918091561,0.0076954688105649914,0.43843157424704216,0.8660254037844386,0.5000000000000001,0.4408764667238385
1984-03,29.967741935483872,3.4001215343286924,-0.3814346900221155,24.1,-0.6804838886329642,0.6843147002679719,0.6020045207689644,0.0888320658425558,1.0,6.123233995736766e-17,0.5771196735574851
1984-04,22.866666666666667,3.12968024606373,-1.1282184100309776,51.300000000000004,-0.34043862205448067,0.015124469854499863,0.5027726435474951,-0.11878479986075174,0.8660254037844387,-0.49999999999999983,-0.3814346900221155
1984-05,169.03225806451613,5.130089572829942,0.360725534941456,122.7,0.48168664310316167,-0.2341597788863584,0.5063317943048926,-0.5189987735036634,0.49999999999999994,-0.8660254037844387,-1.1282184100309776
1984-06,135.93333333333334,4.912164569472245,0.5311922418080846,81.0,0.5050979619871686,0.17434011250700102,0.453751556781686,-0.32653142501010357,1.2246467991473532e-16,-1.0,0.360725534941456
1984-07,239.58064516129033,5.47889008318415,0.9154779452773996,180.7,1.5638268270112554,0.9912130592243971,0.685049903216887,0.22287895059368235,-0.4999999999999998,-0.8660254037844388,0.5311922418080846
1984-08,175.61290322580646,5.1682821592862105,-0.018998844548333338,98.69999999999999,-0.28093042711649197,0.6445418485952417,0.23014950670398043,0.10679312315231072,-0.8660254037844384,-0.5000000000000004,0.9154779452773996
1984-09,698.6666666666666,6.549173756772823,0.6683648601958119,174.5,0.3515004711819043,0.589828777688714,0.4397731752315613,0.6768648824169646,-1.0,-1.8369701987210297e-16,-0.018998844548333338
1984-10,385.4516129032258,5.954415667364608,-0.03359757504903449,167.2,0.29561920820798065,0.033015757837181706,0.6157672687668806,0.7038986408654168,-0.8660254037844386,0.5000000000000001,0.6683648601958119
1984-11,520.1333333333333,6.254085188964392,0.56363234024428,263.7,1.4307496084335727,1.0291275569283098,1.0185409579988698,1.0388267316968915,-0.5000000000000004,0.8660254037844384,-0.03359757504903449
1984-12,73.25806451612904,4.293988337620412,-0.4252719643244882,90.39999999999999,0.7530753658903057,1.367153256309419,1.2075363623620516,1.0615900681307013,-2.4492935982947064e-16,1.0,0.56363234024428
1985-01,38.67741935483871,3.655255950542368,-0.4735777173430149,6.7,-1.334615844488409,1.082624257406815,0.6185803209554291,0.8073913910651406,0.49999999999999994,0.8660254037844387,-0.4252719643244882
1985-02,28.107142857142858,3.3360237382421993,-0.5286961563343797,30.7,-0.20571317759735658,-0.2742285481532799,0.6677314993448834,0.5756080536699831,0.8660254037844386,0.5000000000000001,-0.4735777173430149
1985-03,85.54838709677419,4.449082146820607,0.6675259224697991,48.4,0.10641915455627243,-0.8181079418434782,0.6174366330700236,0.6514076544473407,1.0,6.123233995736766e-17,-0.5286961563343797
1985-04,62.7,4.138361447638875,-0.11953720845583238,42.5,-0.5649983929790909,-0.6489337536372061,0.38031785483189123,0.6450795640644138,0.8660254037844387,-0.49999999999999983,0.6675259224697991
1985-05,400.741935483871,5.9933176677285305,1.2239536298400449,141.3,0.672145905598121,0.09068239705198848,-0.16603564262738044,0.7072860965222991,0.49999999999999994,-0.8660254037844387,-0.11953720845583238
1985-06,73.96666666666667,4.303614541270439,-0.07735778639372182,20.4,-0.7751004295526509,-0.23705874218704878,-0.7092978861221948,0.5076927534036366,1.2246467991473532e-16,-1.0,1.2239536298400449
1985-07,78.29032258064517,4.360424001241455,-0.20298813666529547,53.599999999999994,-0.4131039414737091,-0.2100992113140123,-0.6050434623546734,-0.0026775488064716716,-0.4999999999999998,-0.8660254037844388,-0.07735778639372182
1985-08,155.0,5.043425116919247,-0.14385588691529705,76.6,-0.665626150024194,-1.21029567715156,-0.9403815710268226,-0.08266366303478595,-0.8660254037844384,-0.5000000000000004,-0.20298813666529547
1985-09,312.8333333333333,5.745670567358454,-0.13513832921855684,142.2,-0.01674446873433488,-0.6904487855892498,-0.8731863461011402,-0.18445606774019338,-1.0,-1.8369701987210297e-16,-0.14385588691529705
1985-10,1253.516129032258,7.133707784713219,1.1456945422995766,428.7,2.4067208807898277,1.1838609379850231,0.7849724244770291,0.7582669539165441,-0.8660254037844386,0.5000000000000001,-0.13513832921855684
1985-11,294.93333333333334,5.686749342099961,-0.0037035066201509537,156.0,0.47628718140871606,1.6476377775774407,0.6794902155532007,0.4006650048770327,-0.5000000000000004,0.8660254037844384,1.1456945422995766
1985-12,77.45161290322581,4.349653391736107,-0.36960691020879377,3.6,-2.169795627296992,1.780378688459106,0.7114940547706089,0.056670407178697396,-2.4492935982947064e-16,1.0,-0.0037035066201509537
1986-01,40.38709677419355,3.6985103471748975,-0.4303233207104853,30.6,-0.18724955394708576,-0.39899862986336276,0.7976175468271063,0.14018408497335055,0.49999999999999994,0.8660254037844387,-0.36960691020879377
1986-02,32.17857142857143,3.471300747433134,-0.39341914714344517,14.3,-0.7515493948378488,-1.5297410820616724,0.8673310474531204,0.08236911167170907,0.8660254037844386,0.5000000000000001,-0.4303233207104853
1986-03,20.190322580645162,3.00520340944551,-0.7763528149052981,15.6,-1.0967883205440059,-1.2829908090778956,0.8269420239683133,-0.025012198866825257,1.0,6.123233995736766e-17,-0.39341914714344517
1986-04,47.45666666666667,3.859817013957545,-0.39808164213716246,27.8,-1.0286031326917726,-1.7482241544995902,-1.3191227636674845,-0.08531123161802978,0.8660254037844387,-0.49999999999999983,-0.7763528149052981
1986-05,586.258064516129,6.3737600757701465,1.6043960378816609,336.4,2.0883048312930597,1.2150595289020716,0.2785850090895807,0.642259281728018,0.49999999999999994,-0.8660254037844387,-0.39808164213716246
1986-06,173.5,5.156177599386914,0.7752052717227533,12.3,-1.1203143152317168,0.9744231252416912,0.25895456273810935,0.6234890405367378,1.2246467991473532e-16,-1.0,1.6043960378816609
1986-07,103.41935483870968,4.638792128684352,0.07537999077760116,38.199999999999996,-0.8289483485226153,1.0060485712271308,0.06610770113642782,0.5386212609764909,-0.4999999999999998,-0.8660254037844388,0.7752052717227533
1986-08,131.5483870967742,4.879374746649255,-0.3079062571852891,49.9,-1.2534418474826294,-1.918090192167577,-0.2552586775088991,0.4656488860386019,-0.8660254037844384,-0.5000000000000004,0.07537999077760116
1986-09,108.76666666666667,4.689204914931166,-1.1916039816458452,76.0,-1.0056600406286265,-1.773376841512757,-0.47478346686216283,0.22627629967312712,-1.0,-1.8369701987210297e-16,-0.3079062571852891
1986-10,259.61290322580646,5.559191687854375,-0.42882155455926796,71.0,-1.1193925362923212,-1.953302895194276,-0.600733968502258,-1.156360611590107,-0.8660254037844386,0.5000000000000001,-1.1916039816458452
1986-11,769.1666666666666,6.645307677708898,0.9548548289887862,171.2,0.6326868091791794,-0.8635129908111145,-1.6052600732276947,-1.117767093744561,-0.5000000000000004,0.8660254037844384,-0.42882155455926796
1986-12,162.96774193548387,5.093552278985236,0.37429197704033523,51.199999999999996,0.02700626683649946,-0.3764965998867865,-1.5050601397490764,-0.9637528205732893,-2.4492935982947064e-16,1.0,0.9548548289887862
1987-01,72.70967741935483,4.286474490114576,0.15764082222919296,57.300000000000004,0.45172279587785025,0.45476337237489634,-1.284647278616077,-0.8781097852782574,0.49999999999999994,0.8660254037844387,0.37429197704033523
1987-02,45.07142857142857,3.8082485329259543,-0.05647136165062472,76.9,0.6358889034235117,0.3150099568117526,-0.579037137389048,-0.6229095662607461,0.8660254037844386,0.5000000000000001,0.15764082222919296
1987-03,26.258064516129032,3.267973161517394,-0.5135830628334137,6.9,-1.7645860597111371,-0.06691730507865752,-0.36896410889374126,-0.614662256884027,1.0,6.123233995736766e-17,-0.05647136165062472
1987-04,83.7,4.4272389774954295,0.16934032140072208,57.99999999999999,-0.18686089085599578,-0.3906992755316315,0.005642632110077694,-0.5132367852378634,0.8660254037844387,-0.49999999999999983,-0.5135830628334137
1987-05,100.90322580645162,4.614161897180056,-0.15520214070842986,151.8,0.7726040775411561,-0.05268860316945296,0.11405455075385426,-1.1940790837091315,0.49999999999999994,-0.8660254037844387,0.16934032140072208
1987-06,170.83333333333334,5.140688422344454,0.759716094680293,197.9,1.7282111923954233,1.1517169914550065,0.8567274537672638,-0.49424703461094177,1.2246467991473532e-16,-1.0,-0.15520214070842986
1987-07,93.2258064516129,4.535024576621332,-0.028387561285418528,21.9,-1.4027666812038806,0.9142619448159757,0.4391300989742082,-0.6086776269817823,-0.4999999999999998,-0.8660254037844388,0.759716094680293
1987-08,142.09677419354838,4.956508333885133,-0.2307726699494106,56.4,-1.0928105889301813,0.022467608025965848,-0.1730952670944233,-0.5897461946316798,-0.8660254037844384,-0.5000000000000004,-0.028387561285418528
1987-09,217.3,5.381278887262384,-0.4995300093146273,159.0,0.1810459409273932,-1.0017986884871504,0.11163974084316787,-0.20131940934022977,-1.0,-1.8369701987210297e-16,-0.2307726699494106
1987-10,155.74193548387098,5.048200377732276,-0.9398128646813664,164.8,0.2683750287655046,-0.36806927999156264,0.27569253375780606,0.1825149922420901,-0.8660254037844386,0.5000000000000001,-0.4995300093146273
1987-11,431.06666666666666,6.066262757183169,0.37580990846305706,390.9,2.2780133141070316,1.5886938081265864,1.1111968566976214,0.9151531102560507,-0.5000000000000004,0.8660254037844384,-0.9398128646813664
1987-12,172.67741935483872,5.151425225908235,0.4321649239633345,51.6,0.03605095163316568,1.8920310998181948,0.638337509140601,0.8911175009232081,-2.4492935982947064e-16,1.0,0.37580990846305706
1988-01,49.516129032258064,3.902298455536151,-0.22653521234923168,41.3,0.10226453451476518,1.8800965405993277,0.9234687596263758,0.8536507584929777,0.49999999999999994,0.8660254037844387,0.4321649239633345
1988-02,27.275862068965516,3.3060021377811797,-0.5587177567953994,82.9,0.7167164624123605,0.22633258169811907,1.3779635753161938,0.8951631865532991,0.8660254037844386,0.5000000000000001,-0.22653521234923168
1988-03,35.54838709677419,3.5708947852277135,-0.21066143912309432,88.3,0.9430784711343653,0.648436237873353,1.604639690018118,1.1357050828334856,1.0,6.123233995736766e-17,-0.5587177567953994
1988-04,61.5,4.119037174812473,-0.13886148128223486,124.5,0.9204041133811157,1.0401318755090168,1.8631732169495547,1.3943723817603408,0.8660254037844387,-0.49999999999999983,-0.21066143912309432
1988-05,46.096774193548384,3.830742973444721,-0.9386210644437645,48.1,-0.5734297355565896,0.3401107790912355,0.32991501933541584,1.0286499684127035,0.49999999999999994,-0.8660254037844387,-0.13886148128223486
1988-06,76.46666666666667,4.3368549160271606,-0.044117411637000004,103.1,0.7967050607057817,0.3261834212988939,0.5438660623852414,0.7464191199858324,1.2246467991473532e-16,-1.0,-0.9386210644437645
1988-07,66.3225806451613,4.194530422089909,-0.36888171581684137,100.9,0.5091332773946899,0.09410981771713839,0.6133011342477814,0.9913799386244063,-0.4999999999999998,-0.8660254037844388,-0.044117411637000004
1988-08,757.1290322580645,6.629533691036396,1.4422526872018517,407.59999999999997,2.6041489690124293,2.066951655263824,1.8187190072955048,2.1738979995960617,-0.8660254037844384,-0.5000000000000004,-0.36888171581684137
1988-09,509.06666666666666,6.232578983743428,0.35177008716641733,161.5,0.20926465657985985,1.727442590277184,1.5090718046105995,2.1219749054475643,-1.0,-1.8369701987210297e-16,1.4422526872018517
1988-10,327.8709677419355,5.792620139954908,-0.1953931024587341,168.1,0.3057688248576192,1.6073193701733106,1.3153738883425374,1.9959709920734219,-0.8660254037844386,0.5000000000000001,0.35177008716641733
1988-11,299.0,5.700443573390687,0.009990724670575268,25.000000000000004,-1.8404567588518477,-0.5720829116685924,1.020029773790641,0.946600097022533,-0.5000000000000004,0.8660254037844384,-0.1953931024587341
1988-12,94.35483870967742,4.547062555180811,-0.1721977467640894,34.7,-0.39823559069159753,-1.0454670357993434,0.8767135129862262,0.8671578192628786,-2.4492935982947064e-16,1.0,0.009990724670575268
1989-01,63.25806451612903,4.1472226217112,0.01838895382581729,37.9,0.016542811228511686,-1.6528563992347465,0.7835825043335009,0.8710028002181072,0.49999999999999994,0.8660254037844387,-0.1721977467640894
1989-02,31.178571428571427,3.439731045664398,-0.4249888489121809,14.1,-0.760627498157773,-0.8195109404734349,-0.9823124928111635,0.6539557458387357,0.8660254037844386,0.5000000000000001,0.01838895382581729
1989-03,243.67741935483872,5.495845298787256,1.7142890744364485,248.5,2.897210680926189,1.3382150430767414,0.19404453531795127,1.164568271481511,1.0,6.123233995736766e-17,-0.4249888489121809
1989-04,315.93333333333334,5.755531220865378,1.4976325647706705,175.5,1.5231568337741082,1.970959472419362,0.6832912394235492,1.3743246950364898,0.8660254037844387,-0.49999999999999983,1.7142890744364485
1989-05,79.2258064516129,4.372302084781887,-0.39706195310659886,42.4,-0.6920569502725182,1.7454467370597035,0.9824335844891862,1.3055227004690695,0.49999999999999994,-0.8660254037844387,1.4976325647706705
1989-06,162.7,5.091908014224992,0.7109356865608314,107.9,0.8545982354513987,0.6648279630291033,1.2256207776800783,1.3815536958588113,1.2246467991473532e-16,-1.0,-0.39706195310659886
1989-07,140.19354838709677,4.943023956331229,0.3796118184244781,43.099999999999994,-0.6865654276268902,-0.4082378637553945,1.0090605844700298,1.173767099699444,-0.4999999999999998,-0.8660254037844388,0.7109356865608314
1989-08,325.258064516129,5.784618911908069,0.5973379080735253,114.1,-0.04672926709177784,-0.0686005311929799,1.1613730276817518,0.1456506596297717,-0.8660254037844384,-0.5000000000000004,0.3796118184244781
1989-09,715.3666666666667,6.572795231759327,0.6919863351823157,183.9,0.4500281369426999,-0.15284808045396298,0.22643592908461932,0.24809744790645072,-1.0,-1.8369701987210297e-16,0.5973379080735253
1989-10,664.3225806451613,6.49876784573155,0.5107546033179071,312.5,1.6154954411348257,0.9981320656636067,0.5205078990570126,0.7403014705551706,-0.8660254037844386,0.5000000000000001,0.6919863351823157
1989-11,476.1,6.1656279162004735,0.47517506748036187,159.4,0.5121112004733589,1.2946256126180824,0.8487953084834862,1.1682864739704595,-0.5000000000000004,0.8660254037844384,0.5107546033179071
1989-12,109.48387096774194,4.695777241309026,-0.023483060635874686,90.10000000000001,0.7484065057897786,1.6219624615214174,0.8999484431912801,1.3173548828742851,-2.4492935982947064e-16,1.0,0.47517506748036187
1990-01,80.74193548387096,4.391258086946628,0.2624244190612455,39.3,0.052452676626659235,0.5307114840035801,1.0885038209714057,1.3485430183398022,0.49999999999999994,0.8660254037844387,-0.023483060635874686
1990-02,32.107142857142854,3.469078524296416,-0.3956413702801629,15.2,-0.7118429553475796,-0.08645788130612786,0.9822388548957524,1.3843912953506363,0.8660254037844386,0.5000000000000001,0.2624244190612455
1990-03,43.74193548387097,3.7783072640151945,-0.0032489603356133934,43.8,-0.016953255148411856,-0.6239875466145026,0.8831605130318996,0.6890770551228892,1.0,6.123233995736766e-17,-0.3956413702801629
1990-04,48.4,3.879499813722586,-0.3783988423721216,48.3,-0.4137353221485812,-0.8503606105038322,-0.16134658275386504,0.2564456009539981,0.8660254037844387,-0.49999999999999983,-0.0032489603356133934
1990-05,38.45161290322581,3.6494006431401487,-1.119963394748337,70.7,-0.17910036628708595,-0.6133028842990595,-0.5489684957611946,0.38388026117263774,0.49999999999999994,-0.8660254037844387,-0.3783988423721216
1990-06,128.3,4.8543712716215905,0.47339894395743,192.8,1.6862657275341542,0.5738602145839551,0.10030807875383692,0.6780412952693561,1.2246467991473532e-16,-1.0,-1.119963394748337
1990-07,48.483870967741936,3.8812311852678283,-0.6821809526389222,106.9,0.6039959941629351,0.9069603972612782,0.2500240687529233,0.872493036881086,-0.4999999999999998,-0.8660254037844388,0.47339894395743
1990-08,74.19354838709677,4.306677197432094,-0.8806038064024495,194.1,0.9146031192683242,1.4586991523230814,0.7782017012201741,1.189707074912368,-0.8660254037844384,-0.5000000000000004,-0.6821809526389222
1990-09,300.8666666666667,5.706667198724791,-0.1741416978522201,271.6,1.2413564213888835,1.2495480512816146,1.2507771401687855,1.4514441333674721,-1.0,-1.8369701987210297e-16,-0.8806038064024495
1990-10,957.3548387096774,6.8641741050809255,0.876160862667283,522.5,2.9532403198699932,2.640349661180536,2.6487760842738224,1.9580677440874743,-0.8660254037844386,0.5000000000000001,-0.1741416978522201
1990-11,194.06666666666666,5.268201742643413,-0.4222511060766987,91.8,-0.328616614475372,2.364024740549843,2.3854349350934587,1.793622757982709,-0.5000000000000004,0.8660254037844384,0.876160862667283
1990-12,92.90322580645162,4.531558368644846,-0.1877019333000547,24.9,-0.7240881024849282,2.074596214275427,2.1237757732558955,1.593311437573976,-2.4492935982947064e-16,1.0,-0.4222511060766987
1991-01,48.03225806451613,3.8718728281988626,-0.25696083968652017,5.1,-1.500243796313461,-1.2638488689152785,1.9951595357037404,1.523858334808061,0.49999999999999994,0.8660254037844387,-0.1877019333000547
1991-02,52.17857142857143,3.9546719015754954,0.08995200699891637,84.0,0.731118670795266,-0.4415693595427459,1.8250584705800312,1.7715405557629522,0.8660254037844386,0.5000000000000001,-0.25696083968652017
1991-03,27.774193548387096,3.3241072999425847,-0.45744892440822316,89.2,0.9587487625398862,0.3297938706839912,1.594911816592825,1.8449871980218244,1.0,6.123233995736766e-17,0.08995200699891637
1991-04,27.166666666666668,3.3019907315787074,-0.955907924516,40.2,-0.629015059744156,0.3612287679109384,-0.5935120406174954,1.8939640887681706,0.8660254037844387,-0.49999999999999983,-0.45744892440822316
1991-05,166.2258064516129,5.113347143843078,0.34398310595459236,147.9,0.7358265920765159,0.47454204592167487,0.04415114966084512,2.013619042354888,0.49999999999999994,-0.8660254037844387,-0.955907924516
1991-06,49.166666666666664,3.895215887111765,-0.48575644055239575,12.4,-1.11522344561739,-0.2696192820172684,-0.0932976466060502,1.590081746426022,1.2246467991473532e-16,-1.0,0.34398310595459236
1991-07,93.06451612903226,4.533292974457054,-0.03011916344969645,65.7,-0.13820687647942112,-0.11824991991238397,0.036392069612051395,1.4435278110131204,-0.4999999999999998,-0.8660254037844388,-0.48575644055239575
1991-08,61.935483870967744,4.126093260536681,-1.0611877432978627,68.2,-0.8322382865462515,-1.2636388701512247,-0.6404314693715553,1.0740429850005895,-0.8660254037844384,-0.5000000000000004,-0.03011916344969645
1991-09,95.4,4.558078578454241,-1.3227303181227699,26.9,-2.3038888660227643,-1.813508734745772,-1.6955207717607004,0.1862127449482101,-1.0,-1.8369701987210297e-16,-1.0611877432978627
1991-10,97.54838709677419,4.580348532814277,-1.4076647095993655,100.1,-0.5966165923213774,-1.9721871786760736,-1.6318694219795056,-1.5004051244661705,-0.8660254037844386,0.5000000000000001,-1.3227303181227699
1991-11,42.7,3.754198920234579,-1.9362539284855327,116.00000000000001,0.009477135158722526,-1.5478213598788226,-1.801997547393269,-1.4206338898169766,-0.5000000000000004,0.8660254037844384,-1.4076647095993655
1991-12,15.358064516129033,2.7316407117153267,-1.9876195902295737,46.3,-0.08792173062956243,-0.678293863733688,-1.7488660077990659,-1.3809746465650434,-2.4492935982947064e-16,1.0,-1.9362539284855327
1992-01,98.25806451612904,4.587597328969961,0.45876366108457844,261.0,2.7395751286389354,1.5063881888098547,-0.37003893829429585,-0.30826319538337205,0.49999999999999994,0.8660254037844387,-1.9876195902295737
1992-02,23.06896551724138,3.1384882301417543,-0.7262316644348248,35.8,-0.08115604507245372,1.4701460193242393,-0.09410287526546023,-0.5131194588107763,0.8660254037844386,0.5000000000000001,0.45876366108457844
1992-03,17.967741935483872,2.888578035442138,-0.8929781889086699,15.3,-1.1142733841068377,1.4189734100162212,0.44696231282157706,-0.7788513063069209,1.0,6.123233995736766e-17,-0.7262316644348248
1992-04,58.60333333333333,4.070791577786588,-0.18710707830811923,83.8,0.3112033744171506,-0.4758765949832163,0.8052426793672703,-0.6229760948787206,0.8660254037844387,-0.49999999999999983,-0.8929781889086699
1992-05,229.33225806451614,5.4351718605820745,0.6658078226935888,251.4,1.5598088756266166,1.0182019150510453,1.6602782993842562,-0.13171313072152324,0.49999999999999994,-0.8660254037844387,-0.18710707830811923
1992-06,56.833333333333336,4.0401230080554615,-0.340849319608699,19.1,-0.8232418102828618,0.8424171860344337,1.4049894952864506,-0.15479172738235428,1.2246467991473532e-16,-1.0,0.6658078226935888
1992-07,79.45161290322581,4.3751481936353915,-0.18826394427135895,42.699999999999996,-0.6977915956907899,0.5393931785591881,0.08597803182376836,-0.2881749592733036,-0.4999999999999998,-0.8660254037844388,-0.340849319608699
1992-08,95.54838709677419,4.559632790342598,-0.6276482134919457,86.3,-0.4884215689816175,-1.2411762654271525,-0.1366809483194994,-0.21181144637495727,-0.8660254037844384,-0.5000000000000004,-0.18826394427135895
1992-09,431.93333333333334,6.068271255347748,0.1874623587707367,141.2,-0.029002397926634615,-0.7091234149698501,0.001803411784945429,0.2623559291463364,-1.0,-1.8369701987210297e-16,-0.6276482134919457
1992-10,770.6451612903226,6.647228035834709,0.6592147934210661,221.8,0.8560232141397005,0.08912596361111101,0.32686766325256006,0.6793004883638843,-0.8660254037844386,0.5000000000000001,0.1874623587707367
1992-11,410.76666666666665,6.018025332275967,0.3275724835558558,103.7,-0.15562761739646516,0.21438264727053485,-0.4868171086447499,0.6402365643306028,-0.5000000000000004,0.8660254037844384,0.6592147934210661
1992-12,155.61290322580646,5.047371533921875,0.32811123197697434,44.4,-0.13473064022346118,0.28582528179677114,-0.3839046246930955,0.6042776580133519,-2.4492935982947064e-16,1.0,0.3275724835558558
1993-01,109.74193548387096,4.698131568470661,0.5692979005852781,,,,,,0.49999999999999994,0.8660254037844387,0.32811123197697434
1993-02,96.07142857142857,4.565091962420681,0.7003720678441017,80.5,0.6848574399429341,,,,0.8660254037844386,0.5000000000000001,0.5692979005852781
1993-03,42.61290322580645,3.752157100037179,-0.0293991243136289,18.900000000000002,-0.9191381309813286,,,,1.0,6.123233995736766e-17,0.7003720678441017
1993-04,69.6,4.242764567340374,-0.015134088754333419,76.2,0.1767458823633772,-0.009951557924037405,,,0.8660254037844387,-0.49999999999999983,-0.0293991243136289
1993-05,238.48387096774192,5.474301681071954,0.7049376431834684,200.7,1.1899746326240093,0.6200418204205782,,,0.49999999999999994,-0.8660254037844387,-0.015134088754333419
1993-06,167.0,5.117993812416755,0.7370214847525949,46.0,-0.09045517091102177,0.6461977868585529,,,1.2246467991473532e-16,-1.0,0.7049376431834684
1993-07,93.51612903225806,4.538133924436509,-0.025278213470241617,41.9,-0.7204463589751622,0.3677109935191489,0.17607118967448548,,-0.4999999999999998,-0.8660254037844388,0.7370214847525949
1993-08,167.74193548387098,5.122426700084373,-0.0648543037501712,208.2,1.0552168601929004,0.17978110395135735,0.42341023532631283,,-0.8660254037844384,-0.5000000000000004,-0.025278213470241617
1993-09,402.3333333333333,5.997280932429422,0.11647203585241073,136.7,-0.08489997995247964,0.16526388825187244,0.4437544315245119,,-1.0,-1.8369701987210297e-16,-0.0648543037501712
1993-10,203.29032258064515,5.314635117832074,-0.6733781245815686,42.4,-1.814331584505169,-0.31863367166790624,-0.10202240754656791,,-0.8660254037844386,0.5000000000000001,0.11647203585241073
1993-11,103.46666666666667,4.639249499640954,-1.0512033490791577,128.3,0.16314122048769272,-0.9543541110049935,-0.5439640676469277,,-0.5000000000000004,0.8660254037844384,-0.6733781245815686
1993-12,57.54838709677419,4.052626108654809,-0.6666341932900917,21.0,-0.8799541073727045,-1.4723336512103695,-0.7343661353334163,,-2.4492935982947064e-16,1.0,-1.0512033490791577
1994-01,35.54838709677419,3.5708947852277135,-0.5579388826576692,72.7,0.7310775474984276,-0.0696768267657488,-0.42473193135229204,-0.24645815635420043,0.49999999999999994,0.8660254037844387,-0.6666341932900917
1994-02,21.035714285714285,3.0462216734763827,-0.8184982211001963,0.5,-2.338295860566369,-0.7082145150146214,-1.2601111472744797,-0.5815652529038254,0.8660254037844386,0.5000000000000001,-0.5579388826576692
1994-03,29.35483870967742,3.3794573950257494,-0.40209882932505847,55.099999999999994,0.2726857814894885,-0.21968248303252647,-1.181926044835278,-0.3938165410321329,1.0,6.123233995736766e-17,-0.8184982211001963
1994-04,69.96666666666667,4.248018938158477,-0.009879717936230215,80.8,0.25914126800124626,-0.4571095267625135,-0.4230525001460721,-0.3926021445850743,0.8660254037844387,-0.49999999999999983,-0.40209882932505847
1994-05,44.32258064516129,3.791494268297148,-0.9778697695913374,0.0,-2.226599895240064,-0.9423464715390719,-1.2034987442893472,-1.1367865913823043,0.49999999999999994,-0.8660254037844387,-0.009879717936230215
1994-06,23.366666666666667,3.1513105053724346,-1.229661822291726,64.5,0.25153165538169886,-0.8134921871230792,-0.8367660662716988,-1.1765147634216995,1.2246467991473532e-16,-1.0,-0.9778697695913374
1994-07,38.74193548387097,3.6569226175948373,-0.9064895203119132,,,,,,-0.4999999999999998,-0.8660254037844388,-1.229661822291726
1994-08,72.90322580645162,4.289132887781185,-0.8981481160533589,145.4,0.37046244722506316,,,,-0.8660254037844384,-0.5000000000000004,-0.9064895203119132
1994-09,133.03333333333333,4.890599723386578,-0.9902091731904328,121.7,-0.2807582358928613,,,,-1.0,-1.8369701987210297e-16,-0.8981481160533589
1994-10,354.83870967741933,5.871663347295361,-0.11634989511828131,319.5,1.6679185576762943,0.874238844998761,,,-0.8660254037844386,0.5000000000000001,-0.9902091731904328
1994-11,308.9,5.733017599924536,0.04256475120442449,208.9,0.9850369870529023,1.2652770865963248,,,-0.5000000000000004,0.8660254037844384,-0.11634989511828131
1994-12,180.29032258064515,5.194568454784552,0.4753081528396512,88.5,0.7233343737991765,1.9476003098308625,,,-2.4492935982947064e-16,1.0,0.04256475120442449
1995-01,74.90322580645162,4.31619695777269,0.18736328988730744,25.7,-0.3440194311051005,0.8036290286847448,1.1363168258551255,,0.49999999999999994,0.8660254037844387,0.4753081528396512
1995-02,90.82142857142857,4.508895255246916,0.6441753606703369,140.2,1.347576611726036,0.8773410027292411,1.4370861189841522,,0.8660254037844386,0.5000000000000001,0.18736328988730744
1995-03,109.06451612903226,4.691939598222739,0.9103833738719316,28.7,-0.4985630160513799,0.4862547487256131,1.5694518520290426,,1.0,6.123233995736766e-17,0.6441753606703369
1995-04,34.36666666666667,3.5370871023548047,-0.7208115537399027,53.4,-0.2908839912475634,0.44214439546255013,0.7362693093854307,,0.8660254037844387,-0.49999999999999983,0.9103833738719316
1995-05,115.19354838709677,4.746613743109302,-0.022750294779183555,84.8,0.02533228524043484,-0.5665378014109194,0.23529722531440897,,0.49999999999999994,-0.8660254037844387,-0.7208115537399027
1995-06,45.6,3.8199077165203406,-0.56106461114382,101.20000000000002,0.7733146633076903,0.05438238829203908,0.24158941488007135,,1.2246467991473532e-16,-1.0,-0.022750294779183555
1995-07,73.80645161290323,4.301446148014542,-0.2619659898922082,70.10000000000001,-0.04650100910508651,0.12533192821801567,0.2538205620250602,0.9106259641201887,-0.4999999999999998,-0.8660254037844388,-0.56106461114382
1995-08,158.3548387096774,5.064838329572906,-0.12244267426163802,140.7,0.3119196561557856,0.3004803623351004,-0.26375122389273054,0.9332215500539858,-0.8660254037844384,-0.5000000000000004,-0.2619659898922082
1995-09,222.56666666666666,5.405226682195713,-0.4755822143812978,94.0,-0.691165158336099,-0.42665156242292585,-0.4533470566072079,0.8259922337436265,-1.0,-1.8369701987210297e-16,-0.12244267426163802
1995-10,226.51612903225808,5.422816152243231,-0.5651970901704111,51.7,-1.5584333909811785,-1.0897988532444245,-0.8417859278260473,-0.12456100233459352,-0.8660254037844386,0.5000000000000001,-0.4755822143812978
1995-11,168.06666666666666,5.12436072608571,-0.5660921226344016,136.5,0.2601698142240748,-1.175224456583329,-0.5915434239576406,-0.41434985621548015,-0.5000000000000004,0.8660254037844384,-0.5651970901704111
1995-12,91.3225806451613,4.514398080626753,-0.20486222131814724,49.39999999999999,-0.01430137567251947,-0.937785345989262,-0.9516826529853566,-0.6182471630552726,-2.4492935982947064e-16,1.0,-0.5660921226344016
1996-01,53.67741935483871,3.982992416896008,-0.14584125098937495,15.4,-0.7617765103740956,-0.28008012515742753,-1.206859518141849,-0.684986103330274,0.49999999999999994,0.8660254037844387,-0.20486222131814724
1996-02,118.82758620689656,4.777673587101401,0.9129536925248223,199.3,1.8457965199830486,0.9480508505728419,-0.3218684878820508,-0.4483210185865412,0.8660254037844386,0.5000000000000001,-0.14584125098937495
1996-03,47.483870967741936,3.8603900948036753,0.0788338704528675,31.7,-0.3908019631821262,0.9326986180959829,-0.06269777067398959,-0.3997769115260997,1.0,6.123233995736766e-17,0.9129536925248223
1996-04,118.26666666666667,4.772941961767315,0.5150433056726076,138.3,1.0969693416211366,1.5498571838491437,0.871081735183513,-0.07589090718514055,0.8660254037844387,-0.49999999999999983,0.0788338704528675
1996-05,150.61290322580646,5.0147129904857906,0.24534895259730494,83.3,0.004712301582232451,0.2759127025936621,0.7927595308115781,-0.026438104613752473,0.49999999999999994,-0.8660254037844387,0.5150433056726076
1996-06,111.1,4.7104306966455844,0.3294583689814239,79.6,0.4849735444135451,0.5031872327837653,0.8507573451480502,-0.15320444155441149,1.2246467991473532e-16,-1.0,0.24534895259730494
1996-07,79.3225806451613,4.373522837731047,-0.18988930017570382,76.1,0.07268576556040426,-0.010527032858698939,0.9029741212939272,-0.16927542131686607,-0.4999999999999998,-0.8660254037844388,0.3294583689814239
1996-08,226.03225806451613,5.420677723885388,0.23339672005084378,128.9,0.15897571608645555,0.08976585501115446,0.10709590813380972,-0.21389463967925218,-0.8660254037844384,-0.5000000000000004,-0.18988930017570382
1996-09,217.53333333333333,5.38235209549111,-0.49845680108590074,75.5,-1.015115159840314,-0.6225704828944238,-0.23554131409161186,-0.2570391919197311,-1.0,-1.8369701987210297e-16,0.23339672005084378
1996-10,223.51612903225808,5.409483577142235,-0.5785296652714074,73.7,-1.0651123286843853,-1.161129765764479,-0.9963141025465598,-0.12529873962149563,-0.8660254037844386,0.5000000000000001,-0.49845680108590074
1996-11,434.8333333333333,6.074962815908673,0.3845099671885617,152.8,0.4420979444293688,-1.0006003653045976,-0.630802395896408,-0.07641086813303377,-0.5000000000000004,0.8660254037844384,-0.5785296652714074
1996-12,85.90322580645162,4.453221381328786,-0.266038920616114,34.4,-0.40716605413820484,-0.6934996075072655,-0.9578411429266126,-0.17385513372154993,-2.4492935982947064e-16,1.0,0.3845099671885617
1997-01,111.70967741935483,4.715903339917276,0.5870696720318929,134.5,1.5744276441102847,0.7928704786692008,-0.4817961413252417,0.26338383422249484,0.49999999999999994,0.8660254037844387,-0.266038920616114
1997-02,62.714285714285715,4.138589264019858,0.273869369443279,2.3,-1.7264863332215423,0.18269508383590236,-0.7712872850246206,-0.5072392657577256,0.8660254037844386,0.5000000000000001,0.5870696720318929
1997-03,34.32258064516129,3.535803465416443,-0.24575275893436466,45.7,0.035022506890838315,0.3709839695408048,-0.3122244226097785,-0.4121135859176302,1.0,6.123233995736766e-17,0.273869369443279
1997-04,27.166666666666668,3.3019907315787074,-0.955907924516,13.5,-1.7068979027662343,-1.6628488540363988,-0.2489245495892594,-0.9707930265743036,0.8660254037844387,-0.49999999999999983,-0.24575275893436466
1997-05,25.129032258064516,3.224023841385602,-1.5453401965028837,27.9,-1.0515791697918266,-1.6817755453161158,-0.9492384973462972,-1.0870967239151232,0.49999999999999994,-0.8660254037844387,-0.955907924516
1997-06,42.4,3.7471483622379123,-0.6338239654262483,1.6,-1.9773449307514848,-2.473605241184472,-1.2441678169184032,-1.5903583410999969,1.2246467991473532e-16,-1.0,-1.5453401965028837
1997-07,40.774193548387096,3.7080493702216564,-0.8553627676850941,70.39999999999999,-0.04038685212415246,-1.4953099064228583,-2.1315143016395526,-1.6796259771194098,-0.4999999999999998,-0.8660254037844388,-0.6338239654262483
1997-08,137.67741935483872,4.924913407936498,-0.2623675958980458,64.5,-0.9102387166916437,-1.38949400160952,-2.3860627798997416,-2.0757751481187108,-0.8660254037844384,-0.5000000000000004,-0.8553627676850941
1997-09,78.53333333333333,4.363523163109322,-1.5172857334676886,82.5,-0.8865760947120872,-1.1927492514160927,-2.5837422121573224,-1.9356600188367525,-1.0,-1.8369701987210297e-16,-0.2623675958980458
1997-10,488.9032258064516,6.192164567653345,0.20415132523970225,220.60000000000002,0.8447395137176089,-0.45736195095042775,-1.3137770651102563,-1.0729527404357297,-0.8660254037844386,0.5000000000000001,-1.5172857334676886
1997-11,92.96666666666667,4.532241005965334,-1.1582118427547776,44.599999999999994,-1.2332129058224184,-0.6257020195218895,-1.1973061451894322,-1.602763754547697,-0.5000000000000004,0.8660254037844384,0.20415132523970225
1997-12,34.41935483870968,3.538619046816607,-1.1806412551282932,14.0,-1.2240976449299275,-0.5119047455335884,-1.242128811963409,-1.7688933941938578,-2.4492935982947064e-16,1.0,-1.1582118427547776
1998-01,26.741935483870968,3.286232950650149,-0.8426007172352339,22.6,-0.45451230771011336,-1.9580258807398618,-1.4851042652895186,-2.434454233287305,0.49999999999999994,0.8660254037844387,-1.1806412551282932
1998-02,50.285714285714285,3.9177210265427838,0.053001131966204706,102.10000000000001,0.9524199148537075,-0.15062066559021317,-0.6868074908023605,-1.9263311141236785,0.8660254037844386,0.5000000000000001,-0.8426007172352339
1998-03,23.225806451612904,3.145264007524955,-0.6362922168258529,51.8,0.19259950916901752,0.3119440680276296,-0.2350606824118395,-1.7960672560961157,1.0,6.123233995736766e-17,0.053001131966204706
1998-04,44.5,3.7954891891721947,-0.4624094669225127,99.0,0.5575827289273494,0.7050920703842576,-0.601791120133589,-1.4353301968977596,0.8660254037844387,-0.49999999999999983,-0.6362922168258529
1998-05,137.93548387096774,4.92678606765979,0.15742202977130404,55.3,-0.43636770380532053,-0.15475509986689112,-0.2725646805465594,-1.1571463585886428,0.49999999999999994,-0.8660254037844387,-0.4624094669225127
1998-06,121.16666666666667,4.797167008305465,0.41619468064130416,84.8,0.5586077872518664,0.05202489476161965,0.13329692954909705,-0.9013475925483394,1.2246467991473532e-16,-1.0,0.15742202977130404
1998-07,135.19354838709677,4.906707443439926,0.3432953055331751,77.1,0.09194780359354211,-0.19356731074222702,0.20856497650367775,-0.9215281662154423,-0.4999999999999998,-0.8660254037844388,0.41619468064130416
1998-08,377.48387096774195,5.933527841863035,0.7462468380284912,300.5,1.8525123270930446,1.2812430511100605,0.8409230028173106,0.07451116932290819,-0.8660254037844384,-0.5000000000000004,0.3432953055331751
1998-09,1560.4333333333334,7.352718839448257,1.471909942871246,123.0,-0.26315410328319677,0.8614276401047856,0.5909600154019883,0.24884864471272233,-1.0,-1.8369701987210297e-16,0.7462468380284912
1998-10,461.38709677419354,6.134237379969754,0.14622413755611152,142.6,0.0028328986921402136,0.7653189773792884,0.4250021354415661,-0.016723929948916475,-0.8660254037844386,0.5000000000000001,1.471909942871246
1998-11,321.03333333333336,5.771544959898709,0.08109211117859783,268.2,1.4646335878666839,0.6259422310224241,1.1305657394342759,0.7475206615449395,-0.5000000000000004,0.8660254037844384,0.14622413755611152
1998-12,214.4516129032258,5.368084132050138,0.6488238301052371,86.4,0.6899771296880186,1.2101793497751019,1.300886532054242,0.9554583611861207,-2.4492935982947064e-16,1.0,0.08109211117859783
1999-01,92.54838709677419,4.527731611496218,0.3988979436108355,71.69999999999999,0.7141819879107792,1.5256902045815885,1.5044277103966424,1.132402578608704,0.49999999999999994,0.8660254037844387,0.6488238301052371
1999-02,58.035714285714285,4.061058584588634,0.1963386900120545,84.3,0.7350253189884228,0.7874121948683795,0.8710453290820758,1.1010865794006428,0.8660254037844386,0.5000000000000001,0.3988979436108355
1999-03,83.93548387096774,4.430048454587304,0.6484922302364962,56.9,0.3150245861154812,0.6519563549418056,1.1195084226750978,1.0883903833455255,1.0,6.123233995736766e-17,0.1963386900120545
1999-04,81.1,4.395682961121367,0.13778430502665984,19.6,-1.3721269612212834,-0.16993196650663006,0.9572587745046882,0.8644119164167281,0.8660254037844387,-0.49999999999999983,0.6484922302364962
1999-05,67.19354838709677,4.207577236775825,-0.5617868011126603,9.2,-1.7615905964582037,-1.7069910433932085,-0.39333298548571544,0.7024315900871789,0.49999999999999994,-0.8660254037844387,0.13778430502665984
1999-06,276.46666666666664,5.622090259144171,1.2411179314800105,107.7,0.8522191057978751,-0.9129572542585672,-0.2852088701181996,0.7962350213514766,1.2246467991473532e-16,-1.0,-0.5617868011126603
1999-07,117.3225806451613,4.764927240501843,0.2015151025950921,41.9,-0.7204463589751622,-0.7553816992829233,-0.7259878670790856,0.6450311245433105,-0.4999999999999998,-0.8660254037844388,1.2411179314800105
1999-08,249.3548387096774,5.518876937096321,0.3315959332617773,180.2,0.7693738593718618,0.430857080604976,-0.69835918227211,0.21998406632398645,-0.8660254037844384,-0.5000000000000004,0.2015151025950921
1999-09,484.9,6.183942684111306,0.30313378753429543,338.8,1.7418336572306332,1.1887183878986955,0.38221124873932094,1.0028118395878978,-1.0,-1.8369701987210297e-16,0.3315959332617773
1999-10,560.741935483871,6.329260791636394,0.3412475492227518,157.8,0.1873740260194308,1.326118445631016,0.6643697476177945,1.0020023604704402,-0.8660254037844386,0.5000000000000001,0.30313378753429543
1999-11,475.96666666666664,6.16534782376814,0.474894975048028,86.1,-0.4169866360993663,0.9048454308757728,0.8164413810859378,0.41132710237169806,-0.5000000000000004,0.8660254037844384,0.3412475492227518
1999-12,125.64516129032258,4.8334617538197024,0.11420145187480202,43.099999999999994,-0.16755871885984228,-0.43696266512077603,0.6534066468254971,0.22536640740234598,-2.4492935982947064e-16,1.0,0.474894975048028
2000-01,77.35483870967742,4.348403131102313,0.2195694632169305,37.2,-0.001754362788589317,-0.6709554564123533,0.8241483445715488,0.09623176665980374,0.49999999999999994,0.8660254037844387,0.11420145187480202
2000-02,49.89655172413793,3.9099518966450098,0.0452320020684307,38.9,-0.011432349253428753,-0.37695535657059825,0.5147543895071137,-0.07588221610614848,0.8660254037844386,0.5000000000000001,0.2195694632169305
2000-03,29.29032258064516,3.377257174116147,-0.40429905023466084,34.7,-0.28996708069508803,-0.4464075861000258,-0.6116318970533539,-0.1390451899861465,1.0,6.123233995736766e-17,0.0452320020684307
2000-04,44.5,3.7954891891721947,-0.4624094669225127,65.2,-0.03485539483624409,-0.42737510628921016,-0.8263254050897406,0.03186588227754441,0.8660254037844387,-0.49999999999999983,-0.40429905023466084
2000-05,117.2258064516129,4.76410204447097,-0.0052619934175153205,114.1,0.3872634572225851,-0.07836144543635121,-0.3560184707214699,0.44280904508031754,0.49999999999999994,-0.8660254037844387,-0.4624094669225127
2000-06,74.3,4.308110951723713,-0.07286137594044728,20.299999999999997,-0.778727662352247,-0.27760116967861315,-0.5574761022357089,0.11230507690920537,1.2246467991473532e-16,-1.0,-0.0052619934175153205
2000-07,62.064516129032256,4.128174426740506,-0.4352377111662449,98.1,0.4636172601792141,-0.06388103833498686,-0.3766194462419587,0.28944268412865687,-0.4999999999999998,-0.8660254037844388,-0.07286137594044728
2000-08,173.19354838709677,5.154409745937423,-0.03287125789712064,91.7,-0.3956967138529016,-0.5625891733417965,-0.6368804764392406,-0.04191381466192053,-0.8660254037844384,-0.5000000000000004,-0.4352377111662449
2000-09,295.8666666666667,5.6899089023903295,-0.19089999418668135,159.9,0.19123854708285032,-0.090891709520938,-0.42314231021607207,-0.7572045186885974,-1.0,-1.8369701987210297e-16,-0.03287125789712064
2000-10,356.8709677419355,5.8773742815497645,-0.11063896086387803,127.2,-0.19818399097885683,-0.37789072446312616,-0.44658176567681007,-0.7935644277479362,-0.8660254037844386,0.5000000000000001,-0.19089999418668135
2000-11,178.16666666666666,5.18271944179699,-0.5077334069231219,40.9,-1.3299020365912582,-0.7828978034872773,-0.8898740582221298,-1.010398672847284,-0.5000000000000004,0.8660254037844384,-0.11063896086387803
2000-12,78.06451612903226,4.3575356146655855,-0.36172468727931495,11.399999999999999,-1.3857090418841724,-1.629271358891313,-1.0336090641746427,-1.2075993486091554,-2.4492935982947064e-16,1.0,-0.5077334069231219
2001-01,48.354838709677416,3.8785662936174514,-0.25026737426793133,44.5,0.1786529692405808,-1.6668441795421254,-1.2917161540428532,-1.212268037819249,0.49999999999999994,0.8660254037844387,-0.36172468727931495
2001-02,35.07142857142857,3.557386798179262,-0.3073330963973171,53.599999999999994,0.27518752401706104,-0.4991521560265824,-1.0081394626267823,-1.1691780115354242,0.8660254037844386,0.5000000000000001,-0.25026737426793133
2001-03,26.193548387096776,3.2655131356765317,-0.5160430886742762,30.299999999999997,-0.44015496559653244,-0.2184496897282154,-1.2789899085312917,-1.1218462701779668,1.0,6.123233995736766e-17,-0.3073330963973171
2001-04,133.3,4.892602227184663,0.6347035710899558,93.9,0.4778868118416821,0.013043515397359559,-1.0806301918936743,-1.0363242904062004,0.8660254037844387,-0.49999999999999983,-0.5160430886742762
2001-05,697.6129032258065,6.547664369020336,1.7783003311318506,373.4,2.292972419537222,1.9211175963076284,1.2547891664831952,0.09452794766017068,0.49999999999999994,-0.8660254037844387,0.6347035710899558
2001-06,134.46666666666667,4.901316336852002,0.5203440091878413,62.199999999999996,0.21291166755121685,1.7711600537488443,1.3675598656569505,0.22113361854377495,1.2246467991473532e-16,-1.0,1.7783003311318506
2001-07,174.7225806451613,5.163199462623523,0.5997873247167727,58.4,-0.2996434270907039,1.5912532836057527,1.187487347317451,0.03356690542231451,-0.4999999999999998,-0.8660254037844388,0.5203440091878413
2001-08,154.19354838709677,5.038208621000355,-0.14907238283418867,40.9,-1.503093807740513,-1.0797219046483741,0.7914398683836618,-0.16242019172373587,-0.8660254037844384,-0.5000000000000004,0.5997873247167727
2001-09,338.1666666666667,5.82353887059776,-0.05727002597925068,74.5,-1.034159737158342,-1.6586567842535698,0.41182083026243255,-0.48195434563236517,-1.0,-1.8369701987210297e-16,-0.14907238283418867
2001-10,198.3548387096774,5.2900575414683235,-0.697955700945319,45.300000000000004,-1.730436849806314,-2.383843547282645,-0.21255732024357227,-0.7408144198965712,-0.8660254037844386,0.5000000000000001,-0.05727002597925068
2001-11,180.06666666666666,5.193327152690405,-0.49712569602970635,71.2,-0.6690190735746218,-2.1140825630044664,-2.06445261378361,-0.6381473853457122,-0.5000000000000004,0.8660254037844384,-0.697955700945319
2001-12,263.9935483870968,5.575924664920041,0.8566643629751409,116.4,1.1249003400446076,-0.9890383521431444,-1.8710799564631244,-0.26743255194173365,-2.4492935982947064e-16,1.0,-0.49712569602970635
2002-01,63.15483870967742,4.145589468342184,0.01675580045680114,13.5,-0.860267336309594,-0.28218288013019044,-2.1743416743382378,-0.40576820356902943,0.49999999999999994,0.8660254037844387,0.8566643629751409
2002-02,39.75,3.6826098411003407,-0.18211005347623832,22.6,-0.43813397086701494,-0.003266061323333895,-1.7032568403164412,-0.5430254034811903,0.8660254037844386,0.5000000000000001,0.01675580045680114
2002-03,38.42258064516129,3.648645324401709,-0.13291089994909866,67.8,0.5541170737924308,-0.5426019514759208,-1.0512933819486272,-0.3526511514858023,1.0,6.123233995736766e-17,-0.18211005347623832
2002-04,224.70666666666665,5.414795847939709,1.156897191845002,170.89999999999998,1.4737459257465628,0.7735970259458838,0.26093043367302615,-0.060220500888456575,0.8660254037844387,-0.49999999999999983,-0.13291089994909866
2002-05,151.75483870967741,5.022266315491735,0.25290227760324946,54.599999999999994,-0.4491476731901227,0.6007355440321988,0.384789572186391,-1.2950483451950672,0.49999999999999994,-0.8660254037844387,1.156897191845002
2002-06,68.58,4.228000947034774,-0.15297138062938664,69.6,0.3340390812345322,0.46177310177659037,0.03281942819039729,-1.398174081842944,1.2246467991473532e-16,-1.0,0.25290227760324946
2002-07,39.225806451612904,3.669334858040966,-0.8940772798657846,33.3,-0.9832332267077446,-0.7694058543866671,-0.08369814642982336,-1.5808676650399711,-0.4999999999999998,-0.8660254037844388,-0.15297138062938664
2002-08,75.81935483870969,4.3283536009344665,-0.8589274029000773,133.9,0.2248756885596392,-0.31303987151595464,0.05968350860938161,-1.1561153364977086,-0.8660254037844384,-0.5000000000000004,-0.8940772798657846
2002-09,96.98333333333333,4.57453914243457,-1.3062697541424413,70.5,-1.1122110637921867,-0.9980767534740371,-0.5215626012428461,-1.1074180816051649,-1.0,-1.8369701987210297e-16,-0.8589274029000773
2002-10,231.61290322580646,5.445067457557124,-0.5429457848565189,135.5,-0.08791991193569997,-0.6612446098312225,-1.1197839993606828,-0.6170770465059202,-0.8660254037844386,0.5000000000000001,-1.3062697541424413
2002-11,158.13333333333333,5.063438559015406,-0.6270142897047055,76.6,-0.5737590466185112,-1.1716140710315486,-0.9940308124373222,-0.615336851988141,-0.5000000000000004,0.8660254037844384,-0.5429457848565189
2002-12,66.43548387096774,4.196231309390989,-0.5230289925539111,20.0,-0.9232968769551391,-0.9978331204776572,-1.420727470274443,-1.0765916900513988,-2.4492935982947064e-16,1.0,-0.6270142897047055
2003-01,41.806451612903224,3.7330506724270736,-0.3957829954583092,71.1,0.7039712292327868,-0.6554343524040894,-1.070393000764003,-0.8554209675627114,0.49999999999999994,0.8660254037844387,-0.5230289925539111
2003-02,21.739285714285717,3.079121025324675,-0.785598869251904,48.5,0.18264901503693892,-0.14071477517523337,-1.1137151974693489,-0.7591036828121348,0.8660254037844386,0.5000000000000001,-0.3957829954583092
2003-03,17.198709677419355,2.8448343622506713,-0.9367218621001365,85.1,0.8865182438859992,0.5789107587991555,-0.3542263329907618,-0.6373674243285296,1.0,6.123233995736766e-17,-0.785598869251904
2003-04,141.2133333333333,4.950271749307358,0.6923730932126508,330.3,2.862968176305846,2.118156115480203,1.1820922712927753,-0.013821648599070374,0.8660254037844387,-0.49999999999999983,-0.9367218621001365
2003-05,115.69999999999999,4.751000634199631,-0.018363403688854696,39.1,-0.765686945043272,1.6764965573224182,1.1907010077884383,-0.019533134786392,0.49999999999999994,-0.8660254037844387,0.6923730932126508
2003-06,38.04666666666667,3.6388134764404523,-0.7421588512237083,10.4,-1.2227414634579326,0.9936124294768129,1.0305866564655988,-0.2964361328321738,1.2246467991473532e-16,-1.0,-0.018363403688854696
2003-07,39.52903225806452,3.677035395806408,-0.8863767421003423,52.5,-0.44002863045787227,-1.4641638047359702,0.702068066669604,-0.26007444764046145,-0.4999999999999998,-0.8660254037844388,-0.7421588512237083
2003-08,49.52903225806452,3.902559007908652,-1.2847219959258918,97.5,-0.3001991132332684,-1.0926128911533506,0.5523335438024721,-0.41309392808393375,-0.8660254037844384,-0.5000000000000004,-0.8863767421003423
2003-09,193.94333333333333,5.2675660201749865,-0.6132428764020244,103.7,-0.5389510980161275,-0.852628899731275,0.05031614989963526,-0.23841244536195141,-1.0,-1.8369701987210297e-16,-1.2847219959258918
2003-10,505.9032258064516,6.226345397649278,0.23833215523563567,187.5,0.5163210861819735,-0.30895827776622903,-1.1625409192305112,0.0010030258193682447,-0.8660254037844386,0.5000000000000001,-0.6132428764020244
2003-11,995.0,6.902742737158593,1.2122898884384812,483.70000000000005,2.7934715154733953,1.8735953403001262,0.9038127408032325,1.336226064573617,-0.5000000000000004,0.8660254037844384,0.23833215523563567
2003-12,298.0,5.697093486505405,0.9778331845605042,114.8,1.103648302397207,2.8479588942610183,1.470388147830991,1.6000412682080987,-2.4492935982947064e-16,1.0,1.2122898884384812
2004-01,131.91290322580645,4.882141880759761,0.7533082128743782,106.2,1.2276019086180572,3.0384437222768668,1.927986872106005,1.7387642024419314,0.49999999999999994,0.8660254037844387,0.9778331845605042
2004-02,63.720689655172414,4.154509308196906,0.2897894136203272,49.9,0.2086847237990579,0.9966293414189902,2.003282705727217,1.7842562862972513,0.8660254037844386,0.5000000000000001,0.7533082128743782
2004-03,54.20967741935484,3.992859442680014,0.2113032183292063,75.2,0.7023432783870437,0.8094330938292479,2.3824351054110053,1.697818912391025,1.0,6.123233995736766e-17,0.2897894136203272
2004-04,145.76333333333332,4.981984301892682,0.7240856457979747,104.9,0.6464928236455222,0.510443156055368,2.494381076054211,1.049937844313323,0.8660254037844387,-0.49999999999999983,0.2113032183292063
2004-05,498.15161290322584,6.210904474271884,1.4415404363833986,306.5,1.9127852942890535,1.8599940020990848,1.9395059097587921,1.801009972794905,0.49999999999999994,-0.8660254037844387,0.7240856457979747
2004-06,167.14666666666665,5.118871670499546,0.7378993428353855,57.6,0.13273816674069264,1.4762590572417704,1.5513009395018265,2.0387803822819723,1.2246467991473532e-16,-1.0,1.4415404363833986
2004-07,255.74193548387098,5.544168871524677,0.9807567336179268,88.5,0.30086419346003407,1.3756707943444875,1.2341228184217305,2.134368832372406,-0.4999999999999998,-0.8660254037844388,0.7378993428353855
2004-08,243.41935483870967,5.494785696039109,0.30750469220456544,133.0,0.21313633948729077,0.045854452506450094,1.327854520138925,2.3194754563456472,-0.8660254037844384,-0.5000000000000004,0.9807567336179268
2004-09,614.0333333333333,6.420049215490062,0.539240318913051,146.5,0.03531308254201041,0.03761942066130221,1.042969937099798,2.3763660561137705,-1.0,-1.8369701987210297e-16,0.30750469220456544
2004-10,418.8709677419355,6.037562919611703,0.04954967719806014,150.5,0.10030605998449557,-0.0335203346597498,0.8712028990282267,2.124884261632614,-0.8660254037844386,0.5000000000000001,0.539240318913051
2004-11,216.26666666666668,5.376512214133093,-0.31394063458701815,47.599999999999994,-1.1590377721022824,-0.6500279632650474,-0.4423063815850083,0.8774787379737923,-0.5000000000000004,0.8660254037844384,0.04954967719806014
2004-12,98.18387096774192,4.586841955106104,-0.13241834683879627,41.5,-0.2089157061219636,-0.916187316205359,-0.5658115355877112,0.6089969015482183,-2.4492935982947064e-16,1.0,-0.31394063458701815
2005-01,59.29032258064516,4.082446098430486,-0.04638756945489675,8.799999999999999,-1.159115627486518,-1.6476322591636117,-0.9349080467301053,0.2721224481118116,0.49999999999999994,0.8660254037844387,-0.13241834683879627
2005-02,31.532142857142855,3.451007433732333,-0.4137124608442462,9.1,-1.02823983369439,-1.294594688783828,-1.2427922498132373,0.1263007734953872,0.8660254037844386,0.5000000000000001,-0.04638756945489675
2005-03,16.06451612903226,2.776612872539507,-1.004943351811301,13.2,-1.2444196913017256,-2.056239125235587,-1.5951558216960828,-0.09159411040010655,1.0,6.123233995736766e-17,-0.4137124608442462
2005-04,78.40333333333334,4.361866443459343,0.10396778736463563,124.39999999999999,0.919080000359359,-0.33192198903994835,-1.3498255437099531,-0.020818920870522253,0.8660254037844387,-0.49999999999999983,-1.004943351811301
2005-05,189.1032258064516,5.242293034252132,0.47292899636364627,216.8,1.3131388173478142,1.0450016456483993,0.18838365950174774,-0.30213204837091373,0.49999999999999994,-0.8660254037844387,0.10396778736463563
2005-06,129.15333333333334,4.8610003289906905,0.4800280013265299,187.2,1.639424794619567,1.765992867856139,0.9095889404841035,0.1457475095137904,1.2246467991473532e-16,-1.0,0.47292899636364627
2005-07,349.9935483870967,5.8579147211338425,1.294502583227092,183.2,1.591552350781187,2.03798058637788,1.4493895410985167,0.46421958224045123,-0.4999999999999998,-0.8660254037844388,0.4800280013265299
2005-08,449.03225806451616,6.107094729403264,0.9198137255687202,67.0,-0.8572006137343025,1.1343476953014575,1.4516941622680726,0.23600562318275445,-0.8660254037844384,-0.5000000000000004,1.294502583227092
2005-09,475.93333333333334,6.1652777884002505,0.28446889182323964,96.0,-0.6589160494327695,-0.11598147938136161,1.2084177779637701,0.05799796524934925,-1.0,-1.8369701987210297e-16,0.9198137255687202
2005-10,1539.3548387096773,7.339118671726706,1.3511054293130638,374.6,2.057472685340187,0.6095147973234282,1.836715126379072,0.8353431065770762,-0.8660254037844386,0.5000000000000001,0.28446889182323964
2005-11,370.46666666666664,5.914763472177711,0.22431062345759933,51.9,-1.0584314573142783,0.5591268215527707,0.9965340668436654,0.8534232325908263,-0.5000000000000004,0.8660254037844384,1.3511054293130638
2005-12,110.26129032258065,4.702852915637782,-0.0164073863071188,4.9,-1.9775225288604092,0.7547451262552759,0.32360125245195565,0.7066764960234851,-2.4492935982947064e-16,1.0,0.22431062345759933
2006-01,68.58709677419354,4.228104423369358,0.09927075548397557,121.10000000000001,1.4164939030375787,-0.536435162005086,0.17591941815633627,1.0901971925602196,0.49999999999999994,0.8660254037844387,-0.0164073863071188
2006-02,42.800000000000004,3.756538102587751,-0.10818179198882794,42.1,0.05660041063553952,0.15284355101185845,0.4584219119764643,1.2249033045791455,0.8660254037844386,0.5000000000000001,0.09927075548397557
2006-03,93.70322580645161,4.54013261561498,0.7585763912641723,154.4,1.9006463412975956,1.4566015936869872,1.2967397401944984,1.618278624306298,1.0,6.123233995736766e-17,-0.10818179198882794
2006-04,181.72333333333333,5.202485383961649,0.944586727866942,120.4,0.8655444662335052,1.1945506782365212,0.4527003525079318,1.6698833745675992,0.8660254037844387,-0.49999999999999983,0.7585763912641723
2006-05,98.64516129032258,4.591529182003861,-0.17783485588462433,126.0,0.5167766691943864,1.3502259721096173,1.0638399682722093,1.3335769958748744,0.49999999999999994,-0.8660254037844387,0.944586727866942
2006-06,103.32666666666667,4.637895490600795,0.2569231629366344,81.5,0.5122304728634403,0.6782512501421522,1.3123959899699118,1.0531843880367489,1.2246467991473532e-16,-1.0,-0.17783485588462433
2006-07,83.97741935483872,4.430547945501192,-0.1328641924055587,95.0,0.4122350472516266,0.46585222126399706,0.9540530672587711,0.7259973600683096,-0.4999999999999998,-0.8660254037844388,0.2569231629366344
2006-08,161.93548387096774,5.0871980082006285,-0.10008299563391532,98.7,-0.28093042711649197,0.014365043345520818,0.8800784838699363,0.8734274069099509,-0.8660254037844384,-0.5000000000000004,-0.1328641924055587
2006-09,333.0,5.808142489980444,-0.07266640659656698,81.7,-0.9008661161207535,-0.6651494023876633,-0.1143485266634136,0.8142321815484136,-1.0,-1.8369701987210297e-16,-0.10008299563391532
2006-10,200.2516129032258,5.299574640364101,-0.6884386020495414,96.9,-0.6483991165479993,-1.168082753945664,-0.6235632929498888,-0.17381975212760284,-0.8660254037844386,0.5000000000000001,-0.07266640659656698
2006-11,149.92000000000002,5.010101818490112,-0.6803510302299998,136.8,0.2636449951969935,-0.8868583017130631,-0.6100969799693461,0.12634940897078334,-0.5000000000000004,0.8660254037844384,-0.6884386020495414
2006-12,74.74838709677418,4.314127634737322,-0.4051326672075781,43.699999999999996,-0.15232360381263776,-0.5294004787291416,-0.8880895289352823,0.22893820022343378,-2.4492935982947064e-16,1.0,-0.6803510302299998
2007-01,63.24516129032258,4.147018623342479,0.018184955457096308,50.599999999999994,0.3145552183772595,0.018642671843700193,-1.0649842009114256,-0.03591063984288748,0.49999999999999994,0.8660254037844387,-0.4051326672075781
2007-02,28.289285714285715,3.34248313629503,-0.522236758281549,32.2,-0.16765282060084186,-0.2894459998331198,-0.9782485184237152,-0.07391969279433622,0.8660254037844386,0.5000000000000001,0.018184955457096308
2007-03,28.612903225806452,3.3538577778244334,-0.42769844652637445,37.199999999999996,-0.21047483401248185,-0.324379340682374,-0.6143590276635245,-0.510103924052405,1.0,6.123233995736766e-17,-0.522236758281549
2007-04,65.05,4.1751562049585145,-0.08274245113619294,47.6,-0.43129184519990993,-0.7118361561832606,-0.49777495263456334,-0.8471580156362001,0.8660254037844387,-0.49999999999999983,-0.42769844652637445
2007-05,96.49032258064516,4.569442719177758,-0.19992131871072782,21.799999999999997,-1.2400102973197404,-1.357659216844523,-1.1754510894648509,-1.1807005007044495,0.49999999999999994,-0.8660254037844387,-0.08274245113619294
2007-06,77.53666666666666,4.350750942753707,-0.030221384910453786,43.3,-0.14772626629650382,-1.2068310444244532,-1.1795523601727405,-1.497413864189112,1.2246467991473532e-16,-1.0,-0.19992131871072782
2007-07,185.21935483870968,5.221540824519933,0.6581286866131828,155.8,1.2736180288343197,-0.1616527260491993,-0.5981838213650408,-1.258456508654704,-0.4999999999999998,-0.8660254037844388,-0.030221384910453786
2007-08,298.35806451612905,5.698294323990338,0.5110133201557945,120.6,0.04569821611778935,0.3574678906174884,-0.6212898427497726,-1.182211391247858,-0.8660254037844384,-0.5000000000000004,0.6581286866131828
2007-09,171.16,5.142598791548616,-0.7382101050283945,186.6,0.47771214937017586,0.6441418233916351,-0.2697413109245501,-0.6440850747923715,-1.0,-1.8369701987210297e-16,0.5110133201557945
2007-10,348.0225806451613,5.8522673645807926,-0.13574587783284997,259.9,1.1955217553225064,0.770691439496425,0.4469371567624067,0.050651815365134606,-0.8660254037844386,0.5000000000000001,-0.7382101050283945
2007-11,279.8,5.634075062231381,-0.056377786488730486,90.5,-0.34843021334777385,0.6446941403539896,0.5963945575486094,-0.12937837640611496,-0.5000000000000004,0.8660254037844384,-0.13574587783284997
2007-12,252.23870967741934,5.530375899767883,0.8111155978229823,91.4,0.7685662301609776,0.8296084322322181,0.9073822312950974,0.008059751543355625,-2.4492935982947064e-16,1.0,-0.056377786488730486
2008-01,92.62258064516129,4.528532963384825,0.39969929549944183,18.3,-0.6275068037647614,-0.29166287207151703,0.4474147122483021,-0.122698811689997,0.49999999999999994,0.8660254037844387,0.8111155978229823
2008-02,46.97931034482759,3.8497072993620045,-0.015012595214574542,17.299999999999997,-0.6256194037703747,-0.2835805029180385,0.32336619613374407,-0.18314192059204956,0.8660254037844386,0.5000000000000001,0.39969929549944183
2008-03,38.512903225806454,3.6509933338661966,-0.13056289048461123,57.3,0.32431166496770386,-0.7055895549310593,0.22993441013627067,-0.08139178893937932,1.0,6.123233995736766e-17,-0.015012595214574542
2008-04,66.55666666666667,4.198053715130697,-0.05984494096401072,39.3,-0.6547710047490604,-0.7552044855472744,-0.7556803755402637,-0.11917963278153988,0.8660254037844387,-0.49999999999999983,-0.13056289048461123
2008-05,147.03870967741935,4.9906958832520845,0.22133184536359884,72.7,-0.14854190276182058,-0.5395289190702666,-0.6353867444407647,0.12226984055218013,0.49999999999999994,-0.8660254037844387,-0.05984494096401072
2008-06,58.31666666666667,4.065887930145587,-0.3150843975185733,20.2,-0.7823671689580248,-0.9632055796271882,-1.2477997450698541,0.003207930570870917,1.2246467991473532e-16,-1.0,0.22133184536359884
2008-07,83.70645161290322,4.4273160547268535,-0.13609608317989697,37.4,-0.8532667909524561,-1.0834365638165968,-1.3135805830704,-0.517080140642266,-0.4999999999999998,-0.8660254037844388,-0.3150843975185733
2008-08,143.6032258064516,4.967054120195044,-0.2202268836394996,150.9,0.437401616560056,-0.5782167492471431,-0.9786222983748037,-0.3929466741096737,-0.8660254037844384,-0.5000000000000004,-0.13609608317989697
2008-09,1038.6333333333334,6.945661025381369,1.0648521288043584,287.2,1.3639720441600096,0.7176179044212107,-0.0900194085045283,0.04678181521170428,-1.0,-1.8369701987210297e-16,-0.2202268836394996
2008-10,574.6774193548387,6.35380887355479,0.36579563114114766,151.4,0.11119099669571585,0.889445247583884,0.11969656245720167,-0.3271473200275557,-0.8660254037844386,0.5000000000000001,1.0648521288043584
2008-11,411.96666666666664,6.02094243992758,0.3304895912074688,121.9,0.08448641695292303,0.7802061222692951,0.23058317362317735,-0.22186341978345117,-0.5000000000000004,0.8660254037844384,0.36579563114114766
2008-12,110.2258064516129,4.702531047630146,-0.016729254314754805,,,,,,-2.4492935982947064e-16,1.0,0.3304895912074688
2009-01,68.89354838709677,4.232562536292791,0.10372886840740847,,,,,,0.49999999999999994,0.8660254037844387,-0.016729254314754805
2009-02,54.332142857142856,3.995116001293879,0.13039610671730006,71.0,0.5522857074127051,,,,0.8660254037844386,0.5000000000000001,0.10372886840740847
2009-03,33.65161290322581,3.5160609866872425,-0.2654952376635653,27.6,-0.5400657591022512,,,,1.0,6.123233995736766e-17,0.13039610671730006
2009-04,60.55,4.1034694699991014,-0.15442918609560596,76.0,0.17308882640865805,-0.020467962393974904,,,0.8660254037844387,-0.49999999999999983,-0.2654952376635653
2009-05,212.07096774193548,5.356920972154256,0.5875569342657707,219.6,1.3339707116227575,0.824971876302124,,,0.49999999999999994,-0.8660254037844387,-0.15442918609560596
2009-06,50.56333333333334,3.9232266759354713,-0.4577456517286893,1.8,-1.9503067311429447,0.47745386937622913,,,1.2246467991473532e-16,-1.0,0.5875569342657707
2009-07,43.12580645161291,3.7641215755039306,-0.7992905624028199,112.1,0.6834781588372462,0.6745047203978701,0.411617697800858,,-0.4999999999999998,-0.8660254037844388,-0.4577456517286893
2009-08,216.2935483870968,5.3766365053625185,0.18935550152797465,176.70000000000002,0.7316676647476305,0.13702703038506722,0.5462408042726811,,-0.8660254037844384,-0.5000000000000004,-0.7992905624028199
2009-09,288.56333333333333,5.664914588141169,-0.2158943084358418,122.0,-0.276684392655518,0.32234606284739664,0.43628713805282326,,-1.0,-1.8369701987210297e-16,0.18935550152797465
2009-10,685.483870967742,6.530124969867416,0.5421117274537739,135.70000000000002,-0.08532010354549234,-0.005240440505631554,0.35251365202403,,-0.8660254037844386,0.5000000000000001,-0.2158943084358418
2009-11,474.5,6.162261618049983,0.47180876932987115,167.9,0.5995292809289401,-0.05749423338362203,-0.0032047900708294173,,-0.5000000000000004,0.8660254037844384,0.5421117274537739
2009-12,153.23548387096776,5.031975848443902,0.31271554649900146,16.9,-1.0687310471512392,-0.1298977083924609,0.09544355788883341,,-2.4492935982947064e-16,1.0,0.47180876932987115
2010-01,73.97096774193548,4.303672688411796,0.17483902052641298,14.9,-0.7867774875565243,-0.2969420333287871,-0.2785375578666711,0.01878334184102982,0.49999999999999994,0.8660254037844387,0.31271554649900146
2010-02,64.46785714285714,4.166166760719212,0.3014468661426326,59.0,0.36689997423572607,-0.7578637862591151,-0.5004470740732934,-0.025825264630589134,0.8660254037844386,0.5000000000000001,0.17483902052641298
2010-03,54.53548387096774,3.998851570009681,0.2172953456588731,42.4,-0.056242113677626916,-0.37265455933804836,-0.3542263329907631,0.047905617374592493,1.0,6.123233995736766e-17,0.3014468661426326
2010-04,118.61999999999999,4.775925106410581,0.5180264503158734,64.0,-0.059365256590301264,-0.11917960621705435,-0.37522583786682806,0.001701214228055127,0.8660254037844387,-0.49999999999999983,0.2172953456588731
2010-05,304.1354838709678,5.7174732727527475,0.9481092348642619,113.6,0.3816333135470878,-0.021601277964345793,-0.5229252301136134,-0.3422563487970352,0.49999999999999994,-0.8660254037844387,0.5180264503158734
2010-06,229.86666666666667,5.437499430681374,1.0565271030172134,168.0,1.4720086131842007,0.7892238196682689,0.40012226260112516,0.24395810759191677,1.2246467991473532e-16,-1.0,0.9481092348642619
2010-07,388.0967741935484,5.961254726548378,1.3978425886416277,176.6,1.5178365994783087,1.405544500240211,0.9732250168368005,0.4492434354345624,-0.4999999999999998,-0.8660254037844388,1.0565271030172134
2010-08,431.03225806451616,6.0661829320002765,0.8789019281657326,127.6,0.14156284377318282,1.3374335611407147,0.9636952598177007,0.285790435987309,-0.8660254037844384,-0.5000000000000004,1.3978425886416277
2010-09,558.4333333333333,6.325135244031377,0.44432634745436594,187.7,0.4889152049645801,0.8121258281924375,1.0452014741980824,0.5389193631046023,-1.0,-1.8369701987210297e-16,0.8789019281657326
2010-10,1465.1935483870968,7.289742627664755,1.3017293852511127,254.29999999999998,1.147722929123927,0.784095527514995,1.4679644375808543,0.9093382421915897,-0.8660254037844386,0.5000000000000001,0.44432634745436594
2010-11,336.93333333333334,5.81988508684593,0.12943223812581817,162.7,0.5464046431939072,1.025340833808311,1.4175630859047423,0.8982575797836466,-0.5000000000000004,0.8660254037844384,1.3017293852511127
2010-12,81.68709677419355,4.402896055172638,-0.31636424677226227,14.8,-1.178989695841575,0.7576462004451028,0.9894194089412963,0.8658603109285005,-2.4492935982947064e-16,1.0,0.12943223812581817
2011-01,51.722580645161294,3.945894449123705,-0.18293921876167785,,,,,,0.49999999999999994,0.8660254037844387,-0.31636424677226227
2011-02,38.221428571428575,3.6433963157020006,-0.22132357887457843,24.4,-0.3818423517837364,,,,0.8660254037844386,0.5000000000000001,-0.18293921876167785
2011-03,32.987096774193546,3.4961164781607525,-0.2854397461900553,50.2,0.15253399121824066,,,,1.0,6.123233995736766e-17,-0.22132357887457843
2011-04,42.29666666666667,3.7447082807407135,-0.5131903753539939,143.8,1.1642032278774286,0.4069553957798933,,,0.8660254037844387,-0.49999999999999983,-0.2854397461900553
2011-05,516.3354838709678,6.246756716758099,1.477392678869613,280.5,1.7515212586578182,1.7917469515968054,,,0.49999999999999994,-0.8660254037844387,-0.5131903753539939
2011-06,253.52333333333334,5.535455863502813,1.1544835358386525,96.8,0.7180483720704602,1.731529379496978,,,1.2246467991473532e-16,-1.0,1.477392678869613
2011-07,203.38387096774193,5.3150951833598645,0.751683045453114,96.8,0.4421994907263966,1.4891197119729522,1.2764560119480484,,-0.4999999999999998,-0.8660254037844388,1.1544835358386525
2011-08,490.3225806451613,6.195063502349221,1.0077824985146773,199.7,0.9712121528560287,0.86141283705914,1.7979559622637287,,-0.8660254037844384,-0.5000000000000004,0.751683045453114
2011-09,488.3666666666667,6.191066489839158,0.31025759326214697,338.6,1.740441561149805,1.56165490853826,2.3217551743824436,,-1.0,-1.8369701987210297e-16,1.0077824985146773
2011-10,327.03225806451616,5.790058814547148,-0.19795442786649442,107.7,-0.47807128541430144,1.1764671444125294,1.819330333983523,,-0.8660254037844386,0.5000000000000001,0.31025759326214697
2011-11,370.8,5.9156628336917,0.22520998497158828,133.9,0.22983626034525104,0.8909662180916873,1.0471303757140182,,-0.5000000000000004,0.8660254037844384,-0.19795442786649442
2011-12,136.49354838709678,4.916277348944616,0.1970170469997159,55.5,0.1218388899343349,-0.3419460095798805,1.0259567430027532,,-2.4492935982947064e-16,1.0,0.22520998497158828
2012-01,67.81290322580645,4.216752489904108,0.08791882201872525,31.6,-0.1574628134406787,-0.07952965883727382,0.9376640527218316,1.4374909430846377,0.49999999999999994,0.8660254037844387,0.1970170469997159
2012-02,47.158620689655166,3.853516827778672,-0.011203066797906835,46.5,0.14455127719946856,-0.20759716655671978,0.57343459628594,1.541182029055939,0.8660254037844386,0.5000000000000001,0.08791882201872525
2012-03,155.5677419354839,5.047081276212459,1.2655250518616508,196.7,2.383890752734148,1.1519625657546935,0.4330941435117383,1.9193387357705063,1.0,6.123233995736766e-17,-0.011203066797906835
2012-04,114.09333333333333,4.737016826881744,0.47911817078703667,10.4,-1.9244455275366266,0.7108569338291968,0.334154244378936,1.5931995083903698,0.8660254037844387,-0.49999999999999983,1.2655250518616508
2012-05,191.8967741935484,5.256957593041979,0.48759355515349334,144.2,0.7003567364114134,1.0237149303566233,0.6125035495327033,1.1229073457117449,0.49999999999999994,-0.8660254037844387,0.47911817078703667
2012-06,50.64666666666667,3.9248734174069657,-0.45609891025719485,26.2,-0.5828096005046797,-0.45026568503895587,0.36489100707590266,0.9348293615488762,1.2246467991473532e-16,-1.0,0.48759355515349334
2012-07,170.23225806451612,5.137163728524476,0.5737515906177251,122.6,0.8370477767245832,0.3991086038828133,0.6073484316229565,0.9974767025990484,-0.4999999999999998,-0.8660254037844388,-0.45609891025719485
2012-08,372.85806451612905,5.921197823140709,0.7339168193061649,204.3,1.0169525635365546,0.5946818063682306,1.025826272651962,1.0555811189107647,-0.8660254037844384,-0.5000000000000004,0.5737515906177251
2012-09,261.46666666666664,5.566306805654081,-0.3145020909229297,163.2,0.228287447544875,0.8018545600148833,0.24713132909420224,0.42457956253711704,-1.0,-1.8369701987210297e-16,0.7339168193061649
2012-10,382.61290322580646,5.94702378154413,-0.04098946086951294,226.8,0.9026178461300493,0.9145076113255417,0.8914851655550268,0.8115522713618879,-0.8660254037844386,0.5000000000000001,-0.3145020909229297
2012-11,246.66666666666666,5.508037897530106,-0.1824149511900055,172.60000000000002,0.646627554699247,0.7921330855192807,0.8287895935313389,0.9393072399819977,-0.5000000000000004,0.8660254037844384,-0.04098946086951294
2012-12,233.7741935483871,5.454355664624135,0.7350953626792345,,,,,,-2.4492935982947064e-16,1.0,-0.1824149511900055
2013-01,86.48064516129033,4.4599206335400625,0.33108696565467977,19.8,-0.564103713570297,,,,0.49999999999999994,0.8660254037844387,0.7350953626792345
2013-02,45.25714285714286,3.8123605108849574,-0.05235938369162163,40.1,0.014518806760770516,,,,0.8660254037844386,0.5000000000000001,0.33108696565467977
2013-03,35.33870967741935,3.5649789545503747,-0.21657726980043313,54.2,0.2511696608119678,-0.4018611788994579,,,1.0,6.123233995736766e-17,-0.05235938369162163
2013-04,96.61666666666666,4.570751259117632,0.3128526030229244,97.3,0.5313233853387058,0.15309843365425918,,,0.8660254037844387,-0.49999999999999983,-0.21657726980043313
2013-05,271.79999999999995,5.605066501717043,0.8357024638285573,137.2,0.6316197207861147,0.5649281018995649,,,0.49999999999999994,-0.8660254037844387,0.3128526030229244
2013-06,146.0,4.983606621708336,0.6026342940441758,,,,,,1.2246467991473532e-16,-1.0,0.8357024638285573
2013-07,153.51612903225808,5.0338056366359645,0.470393498729214,107.1,0.6070983732493281,,,,-0.4999999999999998,-0.8660254037844388,0.6026342940441758
2013-08,148.5193548387097,5.000715285364013,-0.18656571847053094,102.3,-0.2240684502937643,,,,-0.8660254037844384,-0.5000000000000004,0.470393498729214
2013-09,331.6666666666667,5.804130448490483,-0.07667844808652813,190.79999999999998,0.5202569124366427,0.25374109630228836,,,-1.0,-1.8369701987210297e-16,-0.18656571847053094
2013-10,104.23870967741935,4.646683554357584,-1.3413296880560583,96.6,-0.6533143097630487,-0.30206168866871536,,,-0.8660254037844386,0.5000000000000001,-0.07667844808652813
2013-11,260.40666666666664,5.562244511645202,-0.1282083370749092,133.5,0.2251347989705605,-0.08968706488443653,,,-0.5000000000000004,0.8660254037844384,-1.3413296880560583
2013-12,111.37096774193549,4.712866680798301,-0.006393621146599138,110.9,1.0510475846289,0.047478824899496605,0.14501973787480268,,-2.4492935982947064e-16,1.0,-0.1282083370749092
2014-01,50.380645161290325,3.9196070767434286,-0.2092265911419542,16.1,-0.7277653743544236,0.28899642861652297,-0.1856767405067145,,0.49999999999999994,0.8660254037844387,-0.006393621146599138
2014-02,47.510714285714286,3.860955249514656,-0.0037646450619228666,12.2,-0.8521403693208384,-0.1451120136444962,-0.2416678399474301,,0.8660254037844386,0.5000000000000001,-0.2092265911419542
2014-03,41.73548387096774,3.7313516991247386,-0.05020452522606922,97.5,1.0987254200319172,-0.25071771572923374,-0.16662065735164563,,1.0,6.123233995736766e-17,-0.0037646450619228666
2014-04,72.27333333333333,4.280455227565036,0.022556571470328635,16.6,-1.5250126886377824,-0.5863475235753169,-0.22428682974708847,,0.8660254037844387,-0.49999999999999983,-0.05020452522606922
2014-05,51.44516129032258,3.940516411022054,-0.8288476268664318,64.5,-0.27766566711159746,-0.43728480169474465,-0.4699121113728452,,0.49999999999999994,-0.8660254037844387,0.022556571470328635
2014-06,24.240000000000002,3.1880041612011136,-1.192968166463047,0.0,-2.1949244993050554,-1.6757830016312152,-1.4180876475258635,-0.74282239024018,1.2246467991473532e-16,-1.0,-0.8288476268664318
2014-07,35.00322580645161,3.555440223141016,-1.0079719147657347,10.4,-1.9297325457924002,-1.9088623158379097,-1.7082191670264366,-1.2341573275978877,-0.4999999999999998,-0.8660254037844388,-1.192968166463047
2014-08,136.81935483870967,4.918661477919817,-0.26861952591472704,327.7,2.0572720491179295,0.49006393872135506,-0.022868100474604736,-0.2448014786773481,-0.8660254037844384,-0.5000000000000004,-1.0079719147657347
2014-09,160.16666666666666,5.076214939742237,-0.8045939568347737,110.1,-0.44385239833518053,0.5554431917375383,-0.5427040453174095,-0.545709267209966,-1.0,-1.8369701987210297e-16,-0.26861952591472704
2014-10,208.3548387096774,5.339242581547326,-0.6487706608663162,102.6,-0.5569547705196077,0.6250585625693075,-0.4245528583208569,-0.4497949161820541,-0.8660254037844386,0.5000000000000001,-0.8045939568347737
2014-11,308.53333333333336,5.731829887211357,0.04137703849124552,181.6,0.7345330774708633,-0.27659118558413864,0.06971374156764827,-0.27957702908002197,-0.5000000000000004,0.8660254037844384,-0.6487706608663162
2014-12,177.26129032258066,5.177624860549135,0.4583645586042344,139.6,1.4143123638686304,0.6992865676494432,0.7623040116958528,-0.21241772072835688,-2.4492935982947064e-16,1.0,0.04137703849124552
2015-01,79.80000000000001,4.379523504455763,0.25068983657038046,96.2,1.091335172433134,1.468171877562552,1.3529387952943632,0.08201438954026376,0.49999999999999994,0.8660254037844387,0.4583645586042344
2015-02,121.36785714285715,4.798826075387367,0.9341061808107876,85.0,0.7441059628120938,1.331277255520796,0.5798058505140361,0.3586970560014756,0.8660254037844386,0.5000000000000001,0.25068983657038046
2015-03,80.29032258064517,4.385649097882446,0.6040928735316382,57.6,0.33124871007460444,0.871287508662567,0.8943273138499908,0.2190716810241135,1.0,6.123233995736766e-17,0.9341061808107876
2015-04,251.63333333333333,5.527973001477469,1.2700743453827616,79.6,0.23795560635299504,0.44124722268213634,1.2214132147081807,0.458223507448237,0.8660254037844387,-0.49999999999999983,0.6040928735316382
2015-05,119.5,4.783316371371566,0.013952333483080004,93.3,0.13784150355302116,0.07527716437872976,0.9730641134721179,0.5696363595652689,0.49999999999999994,-0.8660254037844387,1.2700743453827616
2015-06,62.70333333333334,4.138414609436819,-0.2425577182273413,13.5,-1.0609551775679111,-0.39759759666777456,0.1901867784502391,0.6217221506708581,1.2246467991473532e-16,-1.0,0.013952333483080004
2015-07,26.700000000000003,3.2846635654062037,-1.2787485725005467,30.3,-1.0845928061595582,-1.000903511908565,-0.45459896024215213,0.6631430797647981,-0.4999999999999998,-0.8660254037844388,-0.2425577182273413
2015-08,64.68709677419355,4.1695617499978415,-1.0177192538367024,44.0,-1.4129437463966399,-2.1352113520977603,-1.4630527712535186,-0.4289977845136705,-0.8660254037844384,-0.5000000000000004,-1.2787485725005467
2015-09,237.49666666666664,5.4701535882884835,-0.41065530828852737,74.6,-1.0322471289947013,-1.963329253764578,-1.9056426789585403,-0.5380752700134569,-1.0,-1.8369701987210297e-16,-1.0177192538367024
2015-10,314.31612903225806,5.750399259802322,-0.23761398261132083,151.2,0.1087758736202769,-1.233955515096127,-1.7350104617296964,-0.27925323934613666,-0.8660254037844386,0.5000000000000001,-0.41065530828852737
2015-11,255.54333333333335,5.543391997350361,-0.14706085136975044,,,,,,-0.5000000000000004,0.8660254037844384,-0.23761398261132083
2015-12,44.770967741935486,3.801559887876648,-0.9177004140682525,4.5,-2.031741458257809,,,,-2.4492935982947064e-16,1.0,-0.14706085136975044
2016-01,38.05741935483871,3.6390960549143743,-0.4897376129710085,83.3,0.9016006200109953,,,,0.49999999999999994,0.8660254037844387,-0.9177004140682525
2016-02,30.475862068965515,3.4169349627101653,-0.44778493186641377,69.60000000000001,0.5317828087431599,0.04688048795028795,,,0.8660254037844386,0.5000000000000001,-0.4897376129710085
2016-03,40.3,3.696351468952637,-0.08520475539817074,95.4,1.064049893949938,0.9478599348193371,,,1.0,6.123233995736766e-17,-0.44778493186641377
2016-04,50.336666666666666,3.918733771119588,-0.3391648849751192,44.0,-0.5245544110956235,0.3203992123307828,,,0.8660254037844387,-0.49999999999999983,-0.08520475539817074
2016-05,94.7741935483871,4.551497152248676,-0.21786688563980938,50.300000000000004,-0.5301690558901145,-0.3199106717061433,-0.2562442929212027,,0.49999999999999994,-0.8660254037844387,-0.3391648849751192
2016-06,63.78333333333333,4.155491923203601,-0.2254804044605594,,,,,,1.2246467991473532e-16,-1.0,-0.21786688563980938
2016-07,109.54838709677419,4.696366342946091,0.13295420503934086,72.6,0.003938970278306313,,,,-0.4999999999999998,-0.8660254037844388,-0.2254804044605594
2016-08,184.43548387096774,5.2172997214117895,0.030018717577245724,141.8,0.3257359736885214,,,,-0.8660254037844384,-0.5000000000000004,0.13295420503934086
2016-09,592.6866666666666,6.384665872618141,0.5038569760411304,149.20000000000002,0.0674772462295268,0.007118722151572133,,,-1.0,-1.8369701987210297e-16,0.030018717577245724
2016-10,776.3870967741935,6.654651231855096,0.6666379894414538,235.7,0.9839402899214835,0.5484929064794029,,,-0.8660254037844386,0.5000000000000001,0.5038569760411304
2016-11,702.3,6.5543606631649745,0.8639078144448629,255.20000000000002,1.365740008898269,1.2133837376675891,,,-0.5000000000000004,0.8660254037844384,0.6666379894414538
2016-12,361.80645161290323,5.891109404789225,1.171849102844325,,,,,,-2.4492935982947064e-16,1.0,0.8639078144448629
2017-01,111.09032258064516,4.710343587366939,0.5815099194815563,27.5,-0.28416077802378703,,,,0.49999999999999994,0.8660254037844387,1.171849102844325
2017-02,57.68214285714286,4.054947643069264,0.19022774849268487,18.3,-0.5872821487960529,,,,0.8660254037844386,0.5000000000000001,0.5815099194815563
2017-03,52.60645161290322,3.962838766459952,0.18128254210914418,54.599999999999994,0.2607616180247501,-0.5930987607266983,,,1.0,6.123233995736766e-17,0.19022774849268487
2017-04,299.7433333333333,5.702926552904109,1.4450278968094015,,,,,,0.8660254037844387,-0.49999999999999983,0.18128254210914418
2017-05,204.46129032258065,5.320378668189227,0.5510146303007417,57.400000000000006,-0.3986671802095135,,,,0.49999999999999994,-0.8660254037844387,1.4450278968094015
2017-06,84.08666666666666,4.431848012990938,0.05087568532677711,,,,,,1.2246467991473532e-16,-1.0,0.5510146303007417
2017-07,156.3290322580645,5.05196296719116,0.4885508292844092,,,,,,-0.4999999999999998,-0.8660254037844388,0.05087568532677711
2017-08,144.26129032258066,4.971626171459349,-0.21565483237519523,,,,,,-0.8660254037844384,-0.5000000000000004,0.4885508292844092
2017-09,2559.733333333333,7.847658365381218,1.9668494688042069,,,,,,-1.0,-1.8369701987210297e-16,-0.21565483237519523
2017-10,1494.6774193548388,7.309665689535645,1.3216524471220028,187.5,0.5163210861819735,,,,-0.8660254037844386,0.5000000000000001,1.9668494688042069
2017-11,539.4333333333333,6.29051920585473,0.6000663571346188,99.5,-0.21505038022447298,,,,-0.5000000000000004,0.8660254037844384,1.3216524471220028
2017-12,146.29032258064515,4.98559315806409,0.26633285611919,,,,,,-2.4492935982947064e-16,1.0,0.6000663571346188
2018-01,109.68709677419355,4.6976317375207195,0.5687980696353367,40.5,0.0825418227803067,,,,0.49999999999999994,0.8660254037844387,0.26633285611919
2018-02,79.26428571428572,4.3727876578912594,0.5080677633146804,55.1,0.3012640322700592,,,,0.8660254037844386,0.5000000000000001,0.5687980696353367
2018-03,125.91612903225807,4.835616042711956,1.0540598183611478,69.8,0.5951793612118911,0.1991061377954667,,,1.0,6.123233995736766e-17,0.5080677633146804
2018-04,104.05666666666666,4.644935622547507,0.3870369664527997,45.8,-0.47728101960002095,-0.061873972753561365,,,0.8660254037844387,-0.49999999999999983,1.0540598183611478
2018-05,73.8741935483871,4.302363559231985,-0.46700047865650074,48.900000000000006,-0.5575479492599248,-0.5938151697894759,,,0.49999999999999994,-0.8660254037844387,0.3870369664527997
2018-06,54.169999999999995,3.9921272496698075,-0.3888450779943531,37.8,-0.2723263587014625,-0.959662824252823,-0.6496610408030764,,1.2246467991473532e-16,-1.0,-0.46700047865650074
2018-07,41.038709677419355,3.7145157597595575,-0.848896378147193,34.1,-0.9571356077475003,-1.2040079708637008,-0.9324190656831044,,-0.4999999999999998,-0.8660254037844388,-0.3888450779943531
2018-08,264.6645161290323,5.578463047088958,0.39118204325441397,110.89999999999999,-0.09354212749143284,-0.8413865416763966,-1.2197708480837939,,-0.8660254037844384,-0.5000000000000004,-0.848896378147193
2018-09,294.5,5.685279003091641,-0.19552989348536975,94.19999999999999,-0.6879188365603335,-0.9841580768705712,-1.6144363562738453,,-1.0,-1.8369701987210297e-16,0.39118204325441397
2018-10,305.03225806451616,5.720417535160733,-0.2675957072529096,137.4,-0.0633255457451921,-0.6416362580070999,-1.3417065921172253,,-0.8660254037844386,0.5000000000000001,-0.19552989348536975
2018-11,324.43333333333334,5.782080070764338,0.09162722204422646,182.0,0.7383735498705583,-0.1401703531579294,-0.5802426971640557,,-0.5000000000000004,0.8660254037844384,-0.2675957072529096
2018-12,85.23870967741935,4.445455669591434,-0.27380463235346664,13.5,-1.2532886740020088,-0.02172963087931931,-0.7722054907500117,-1.0712726258728105,-2.4492935982947064e-16,1.0,0.09162722204422646
2019-01,60.038709677419355,4.094989515485347,-0.03384415240003591,103.6,1.1929761336179474,0.6147992778034189,-0.2350847863664035,-0.8263144753816467,0.49999999999999994,0.8660254037844387,-0.27380463235346664
2019-02,51.857142857142854,3.9484926852095374,0.0837727906329584,69.89999999999999,0.5361989947942125,0.32949082642030314,-0.01370639887525842,-0.7783693062199376,0.8660254037844386,0.5000000000000001,-0.03384415240003591
2019-03,50.86451612903225,3.929165551353364,0.14760932700255625,73.8,0.6750543527698011,0.9398896509289635,0.4772211877932739,-0.7110337263987943,1.0,6.123233995736766e-17,0.0837727906329584
2019-04,49.28,3.8975183192252643,-0.36038033686944315,50.8,-0.3524439273275367,0.1816652560784617,0.44574834670633207,-0.7199127837606949,0.8660254037844387,-0.49999999999999983,0.14760932700255625
2019-05,46.42580645161291,3.837855478151177,-0.9315085597373085,46.9,-0.5975879323011156,-0.5150009026143421,-0.17641186768586706,-0.6255318975768173,0.49999999999999994,-0.8660254037844387,-0.36038033686944315
2019-06,55.776666666666664,4.021355621838373,-0.359616705825788,,,,,,1.2246467991473532e-16,-1.0,-0.9315085597373085
2019-07,236.8290322580645,5.467338497935937,0.9039263600291862,71.89999999999999,-0.010068445833932326,,,,-0.4999999999999998,-0.8660254037844388,-0.359616705825788
2019-08,116.00322580645161,4.753617999396018,-0.4336630044385261,35.2,-1.682924744968853,,,,-0.8660254037844384,-0.5000000000000004,0.9039263600291862
2019-09,348.6633333333333,5.854106795681614,-0.02670210089539715,94.39999999999999,-0.6846773205810363,-1.3543009471255887,,,-1.0,-1.8369701987210297e-16,-0.4336630044385261
2019-10,660.9032258064516,6.493607423394215,0.5055941809805722,254.7,1.151159336279878,-0.3394465455132754,,,-0.8660254037844386,0.5000000000000001,-0.02670210089539715
2019-11,327.56666666666666,5.791691596700272,0.10123874798015997,78.2,-0.5464410224810446,-0.04590871195056281,,,-0.5000000000000004,0.8660254037844384,0.5055941809805722
2019-12,107.52903225806452,4.677760878622929,-0.04149942332197121,59.9,0.21386740514151725,0.4660461523860226,-0.6421530029429167,,-2.4492935982947064e-16,1.0,0.10123874798015997
2020-01,107.35483870967742,4.676139597455953,0.5473059295705704,103.1,1.1862550826526543,0.11397943893852874,-0.3287907785819958,,0.49999999999999994,0.8660254037844387,-0.04149942332197121
2020-02,76.49655172413793,4.337245664315094,0.4725257697385148,62.39999999999999,0.42179031776409526,0.6549258555513459,0.2649071197794021,,0.8660254037844386,0.5000000000000001,0.5473059295705704
2020-03,184.2258064516129,5.216162214179716,1.4346059898289085,,,,,,1.0,6.123233995736766e-17,0.4725257697385148
2020-04,77.86666666666666,4.354997962285962,0.09709930619125462,,,,,,0.8660254037844387,-0.49999999999999983,1.4346059898289085
2020-05,41.58387096774194,3.7277123749639127,-1.041651662924573,,,,,,0.49999999999999994,-0.8660254037844387,0.09709930619125462
2020-06,105.90333333333334,4.662526728347436,0.28155440068327575,24.9,-0.62314980458601,,,,1.2246467991473532e-16,-1.0,-1.041651662924573
2020-07,537.3064516129032,6.2865686051313325,1.723156467224582,,,,,,-0.4999999999999998,-0.8660254037844388,0.28155440068327575
2020-08,442.0967741935484,6.09152880425174,0.9042478004171963,54.6,-1.135898795155753,,,,-0.8660254037844384,-0.5000000000000004,1.723156467224582
2020-09,345.6333333333333,5.845378482896122,-0.035430413680888506,175.2,0.3589568612969216,,,,-1.0,-1.8369701987210297e-16,0.9042478004171963
2020-10,429.4516129032258,6.062509075946771,0.0744958335331285,90.7,-0.7522170375838713,-0.8108952433055856,,,-0.8660254037844386,0.5000000000000001,-0.035430413680888506
2020-11,145.61,4.980931814722814,-0.7095210339972979,183.79999999999998,0.7555881927434572,0.10394627522495899,,,-0.5000000000000004,0.8660254037844384,0.0744958335331285
2020-12,63.50645161290323,4.151141500940895,-0.5681188010040055,37.699999999999996,-0.3117804622211095,-0.20387998563240306,,,-2.4492935982947064e-16,1.0,-0.7095210339972979
2021-01,37.10645161290322,3.6137908524168183,-0.5150428154685645,27.1,-0.29721749489829596,0.18214981023655125,-0.6704901779200785,,0.49999999999999994,0.8660254037844387,-0.5681188010040055
2021-02,33.92857142857143,3.524257474419383,-0.3404624201571962,13.6,-0.7837560178744754,-0.9509363999547054,-0.42975688519119504,,0.8660254037844386,0.5000000000000001,-0.5150428154685645
2021-03,37.0258064516129,3.611615141189116,-0.16994108316169187,46.2,0.04845562106633431,-0.8002570176103252,-0.6027816050776144,,1.0,6.123233995736766e-17,-0.3404624201571962
2021-04,29.533333333333335,3.3855195689429256,-0.8723790871517818,134.2,1.045734804786358,0.176760317908789,0.1393094474357175,,0.8660254037844387,-0.49999999999999983,-0.16994108316169187
2021-05,48.274193548387096,3.8768971228076072,-0.8924669150808784,63.8,-0.2891862495644702,0.19733831125063594,-0.4340180574707126,,0.49999999999999994,-0.8660254037844387,-0.8723790871517818
2021-06,224.07000000000002,5.411958503037085,1.0309861753729246,75.6,0.426175009284838,0.3111317447461684,-0.21151687312825326,,1.2246467991473532e-16,-1.0,-0.8924669150808784
2021-07,219.8709677419355,5.393040864024005,0.8296287261172548,31.8,-1.0332027960580679,-0.6254595480443537,-0.41604145918037344,-0.8524088678624271,-0.4999999999999998,-0.8660254037844388,1.0309861753729246
2021-08,180.03225806451613,5.193136046303287,0.0058550424687435765,84.9,-0.5131130146836784,-0.741296307725496,-0.5497117342115103,-0.7319830823728545,-0.8660254037844384,-0.5000000000000004,0.8296287261172548
2021-09,353.3666666666667,5.867506233610943,-0.01330266296606819,142.3,-0.015521874925588014,-0.8058501891605365,-0.5227681449694561,-0.8252011752822405,-1.0,-1.8369701987210297e-16,0.0058550424687435765
2021-10,304.19354838709677,5.717664171142357,-0.27034907127128527,91.5,-0.7385483135634278,-0.8250921363568198,-1.1676730034134004,-0.7277040523398517,-0.8660254037844386,0.5000000000000001,-0.01330266296606819
2021-11,194.13333333333333,5.268545208214366,-0.42190764050574536,80.0,-0.5161709307652126,-0.9002624709625731,-1.0696876630183394,-1.1992386094068224,-0.5000000000000004,0.8660254037844384,-0.27034907127128527
2021-12,130.14193548387098,4.868625666277369,0.1493653643324686,,,,,,-2.4492935982947064e-16,1.0,-0.42190764050574536
2022-01,84.00322580645161,4.430855200563715,0.3020215326783324,26.1,-0.3304667283817416,,,,0.49999999999999994,0.8660254037844387,0.1493653643324686
2022-02,134.0857142857143,4.898479254305004,1.0337593597284247,,,,,,0.8660254037844386,0.5000000000000001,0.3020215326783324
2022-03,155.94838709677418,5.049525100562202,1.2679688762113943,,,,,,1.0,6.123233995736766e-17,1.0337593597284247
2022-04,60.39333333333333,4.100878723573032,-0.157019932521675,33.900000000000006,-0.818840077251846,,,,0.8660254037844387,-0.49999999999999983,1.2679688762113943
2022-05,36.777419354838706,3.6048840523545276,-1.164479985533958,,,,,,0.49999999999999994,-0.8660254037844387,-0.157019932521675
2022-06,41.70333333333333,3.7305810616611987,-0.6503912660029618,,,,,,1.2246467991473532e-16,-1.0,-1.164479985533958
2022-07,61.016129032258064,4.1111382395879374,-0.45227389831881304,46.5,-0.5937273431671762,,,,-0.4999999999999998,-0.8660254037844388,-0.6503912660029618
2022-08,245.53548387096777,5.503441473942706,0.3161604701081622,44.8,-1.3904373146997144,,,,-0.8660254037844384,-0.5000000000000004,-0.45227389831881304
2022-09,3185.1,8.066238964687637,2.185430068110626,,,,,,-1.0,-1.8369701987210297e-16,0.3161604701081622
2022-10,723.2258064516129,6.583721492141005,0.5957082497273625,,,,,,-0.8660254037844386,0.5000000000000001,2.185430068110626
2022-11,635.5,6.454412090629509,0.7639592419093972,,,,,,-0.5000000000000004,0.8660254037844384,0.5957082497273625
2022-12,139.61290322580646,4.938873616041171,0.2196133140962706,,,,,,-2.4492935982947064e-16,1.0,0.7639592419093972
2023-01,108.19999999999999,4.683981366412381,0.5551476985269979,9.2,-1.1294670946580108,,,,0.49999999999999994,0.8660254037844387,0.2196133140962706
2023-02,58.55714285714286,4.070003078454978,0.20528318387839928,,,,,,0.8660254037844386,0.5000000000000001,0.5551476985269979
2023-03,40.935483870967744,3.7119972632292413,-0.06955896112156656,22.599999999999998,-0.7451567909077957,,,,1.0,6.123233995736766e-17,0.20528318387839928
2023-04,35.54333333333333,3.5707526093619784,-0.687146046732729,,,,,,0.8660254037844387,-0.49999999999999983,-0.06955896112156656
2023-05,45.15483870967742,3.8100974437702932,-0.9592665941181924,,,,,,0.49999999999999994,-0.8660254037844387,-0.687146046732729
2023-06,27.366666666666667,3.309325727790273,-1.0716465998738878,,,,,,1.2246467991473532e-16,-1.0,-0.9592665941181924
2023-07,43.71290322580645,3.777643326843522,-0.7857688110632286,,,,,,-0.4999999999999998,-0.8660254037844388,-1.0716465998738878
2023-08,84.64838709677419,4.438506054608773,-0.7487749492257709,153.70000000000002,0.47086257788259644,,,,-0.8660254037844384,-0.5000000000000004,-0.7857688110632286
2023-09,114.06666666666666,4.736783072789984,-1.144025823787027,,,,,,-1.0,-1.8369701987210297e-16,-0.7487749492257709
2023-10,127.78387096774195,4.850340328718645,-1.1376729136949972,,,,,,-0.8660254037844386,0.5000000000000001,-1.144025823787027
2023-11,115.96333333333334,4.75327404918475,-0.9371787995353618,,,,,,-0.5000000000000004,0.8660254037844384,-1.1376729136949972
2023-12,56.20967741935484,4.029088938149533,-0.6901713637953675,,,,,,-2.4492935982947064e-16,1.0,-0.9371787995353618
2024-01,55.44516129032258,4.0153944474156935,-0.11343922046968924,4.6,-1.5605034349518314,,,,0.49999999999999994,0.8660254037844387,-0.6901713637953675
2024-02,33.0,3.4965075614664802,-0.3682123331100988,61.9,0.4138454513763575,,,,0.8660254037844386,0.5000000000000001,-0.11343922046968924
2024-03,30.316129032258065,3.411679882183569,-0.36987634216723864,,,,,,1.0,6.123233995736766e-17,-0.3682123331100988
2024-04,76.22,4.333623895445714,0.07572523935100683,139.0,1.1056196530444624,,,,0.8660254037844387,-0.49999999999999983,-0.36987634216723864
2024-05,409.18709677419355,6.014172500770413,1.2448084628819274,,,,,,0.49999999999999994,-0.8660254037844387,0.07572523935100683
2024-06,154.76000000000002,5.041875529832312,0.6609032021681518,,,,,,1.2246467991473532e-16,-1.0,1.2448084628819274
2024-07,140.7225806451613,4.946790439126706,0.3833783012199552,52.1,-0.4499102069435883,,,,-0.4999999999999998,-0.8660254037844388,0.6609032021681518
2024-08,794.6645161290322,6.677920033300003,1.4906390294654592,53.9,-1.1529308763132233,,,,-0.8660254037844384,-0.5000000000000004,0.3833783012199552
2024-09,617.6333333333333,6.425894969620259,0.5450860730432483,,,,,,-1.0,-1.8369701987210297e-16,1.4906390294654592
2024-10,501.3225806451613,6.217249767430466,0.22923652501682312,148.0,0.06983947581975991,,,,-0.8660254037844386,0.5000000000000001,0.5450860730432483
2024-11,277.8333333333333,5.627021413522739,-0.06343143519737282,,,,,,-0.5000000000000004,0.8660254037844384,0.22923652501682312
2024-12,116.20967741935483,4.755396123388531,0.036135821443630256,,,,,,-2.4492935982947064e-16,1.0,-0.06343143519737282
2025-01,53.28709677419355,3.975694215075949,-0.15313945280943386,5.4,-1.4663204349221264,,,,0.49999999999999994,0.8660254037844387,0.036135821443630256
2025-02,41.42142857142857,3.723798345267136,-0.1409215493094429,,,,,,0.8660254037844386,0.5000000000000001,-0.15313945280943386
2025-03,77.23870967741935,4.346900752053343,0.5653445277025351,,,,,,1.0,6.123233995736766e-17,-0.1409215493094429
2025-04,97.44666666666667,4.579305219793037,0.32140656369832943,,,,,,0.8660254037844387,-0.49999999999999983,0.5653445277025351
2025-05,386.7741935483871,5.957841043536414,1.1884770056479281,53.6,-0.4675968600697187,,,,0.49999999999999994,-0.8660254037844387,0.32140656369832943
2025-06,150.73333333333332,5.015512271175759,0.6345399435115988,,,,,,1.2246467991473532e-16,-1.0,1.1884770056479281
2025-07,157.74193548387098,5.060960377983771,0.4975482400770206,,,,,,-0.4999999999999998,-0.8660254037844388,0.6345399435115988
2025-08,204.6451612903226,5.321277558829538,0.13399655499499374,100.0,-0.26023599040829604,,,,-0.8660254037844384,-0.5000000000000004,0.4975482400770206
2025-09,254.9,5.54087131138207,-0.3399375851949413,,,,,,-1.0,-1.8369701987210297e-16,0.13399655499499374
2025-10,376.38709677419354,5.930618126502465,-0.057395115911177186,,,,,,-0.8660254037844386,0.5000000000000001,-0.3399375851949413
2025-11,296.6333333333333,5.692496808194707,0.002043959474595347,,,,,,-0.5000000000000004,0.8660254037844384,-0.057395115911177186
2025-12,246.0,5.5053315359323625,0.786071233987462,,,,,,-2.4492935982947064e-16,1.0,0.002043959474595347
2026-01,197.0,5.2832037287379885,1.1543700608526057,,,,,,0.49999999999999994,0.8660254037844387,0.786071233987462
2026-02,234.07142857142858,5.455626319083556,1.5909064245069766,,,,,,0.8660254037844386,0.5000000000000001,1.1543700608526057
2026-03,210.93548387096774,5.351552323076129,1.5699960987253214,,,,,,1.0,6.123233995736766e-17,1.5909064245069766
2026-04,411.8,6.0205377945936895,1.7626391384989821,,,,,,0.8660254037844387,-0.49999999999999983,1.5699960987253214
2026-05,96.52903225806452,4.569843815513104,-0.1995202223753818,32.2,-0.9341849875389195,,,,0.49999999999999994,-0.8660254037844387,1.7626391384989821
2026-06,37.49666666666667,3.624252040136625,-0.7567202875275356,,,,,,1.2246467991473532e-16,-1.0,-0.1995202223753818
2026-07,23.467741935483872,3.155626794560501,-1.4077853433462493,4.3,-2.1750083829510283,,,,-0.4999999999999998,-0.8660254037844388,-0.7567202875275356
