,discharge_cfs_mean,log_q,log_q_anomaly,precip_mm_sum,spi_1,spi_3,spi_6,spi_12,month_sin,month_cos,log_q_anomaly_lag1
1974-07,3.2,1.1631508098056809,-1.7517467748700775,85.5,-0.8366779459867778,-2.0824188574339138,-1.728332208258688,-1.649760948259782,-0.4999999999999998,-0.8660254037844388,
1974-08,9.44516129032258,2.2455025776020103,-0.795967348829361,200.5,0.2799328164058957,-0.8818263855062345,-1.3030056767394282,-1.9905601849025003,-0.8660254037844384,-0.5000000000000004,-1.7517467748700775
1974-09,26.73,3.2857865301508276,-0.03119199641135273,253.1,0.563992493231832,0.018881874612713442,-1.1632777402827517,-1.5293865211796789,-1.0,-1.8369701987210297e-16,-0.795967348829361
1974-10,74.87096774193549,4.315766201789291,0.8941714682686404,286.3,0.9031416388544878,0.7892747756797863,-0.5890737240505495,-1.0450626832584513,-0.8660254037844386,0.5000000000000001,-0.03119199641135273
1974-11,61.3,4.115779842942166,0.5891749061954998,312.2,1.2345078381063312,1.2860545028649342,0.3838618213818981,-0.30337353205066686,-0.5000000000000004,0.8660254037844384,0.8941714682686404
1974-12,27.06451612903226,3.29822350198206,0.1334014711508842,108.3,0.1776685630559884,1.171952978075768,0.7489771935079154,-0.1648892415078728,-2.4492935982947064e-16,1.0,0.5891749061954998
1975-01,21.387096774193548,3.062787785700716,0.18069667294961533,64.8,-0.022120721217142984,0.9150288732293699,1.0426972591989507,-0.1891374727252425,0.49999999999999994,0.8660254037844387,0.1334014711508842
1975-02,13.428571428571429,2.597384633214691,-0.1315314186798755,23.8,-1.1172565335382827,-0.44305795198684145,0.9389021980170927,-0.25170124581562436,0.8660254037844386,0.5000000000000001,0.18069667294961533
1975-03,9.35483870967742,2.2358937184953733,-0.2589394279071979,63.3,0.25014488466321294,-0.5784623460787274,0.8873457764930172,-0.4092209882149145,1.0,6.123233995736766e-17,-0.1315314186798755
1975-04,7.34,1.9933388426264242,-0.5832547654159375,57.2,-0.49909144550900053,-0.8414512951234339,0.28509037839919166,-0.4340699726038609,0.8660254037844387,-0.49999999999999983,-0.2589394279071979
1975-05,9.803225806451612,2.282711495437601,-0.5483198423776403,131.0,-0.20428583279123272,-0.45936233000499466,-0.7484407792130638,-0.0788090661517951,0.49999999999999994,-0.8660254037844387,-0.5832547654159375
1975-06,6.153333333333333,1.8169939404065965,-1.0067433954432865,17.7,-1.8929186756783303,-1.3469092234048894,-1.610253927983089,-0.1802035688576482,1.2246467991473532e-16,-1.0,-0.5483198423776403
1975-07,9.754838709677419,2.2777634398202316,-0.6371341448555268,122.1,-0.28108673121023825,-1.1281971259461088,-1.4733301183221883,-0.06718159064977408,-0.4999999999999998,-0.8660254037844388,-1.0067433954432865
1975-08,11.180645161290323,2.4141841727963596,-0.6272857536350118,141.4,-0.4842918580342966,-1.330786298157786,-1.3442353258213613,-0.19892184770569843,-0.8660254037844384,-0.5000000000000004,-0.6371341448555268
1975-09,54.06666666666667,3.990217853013203,0.6732393264510228,393.5,1.4475438637362565,0.6146810721026219,-0.37858391388642865,0.24285178471506752,-1.0,-1.8369701987210297e-16,-0.6272857536350118
1975-10,26.741935483870968,3.286232950650149,-0.13536178287050182,111.7,-0.738418179333858,0.33578301989219517,-0.5343985360341301,-0.2937310031516156,-0.8660254037844386,0.5000000000000001,0.6732393264510228
1975-11,27.733333333333334,3.322635059159053,-0.20396987758761265,231.3,0.6991703724497424,0.8137095548574028,-0.22581835152506227,-0.5583572301030292,-0.5000000000000004,0.8660254037844384,-0.13536178287050182
1975-12,60.225806451612904,4.098100939056576,0.9332789082254003,336.1,2.431647383849651,1.0550610582499056,1.0392513226961062,0.060662202856460685,-2.4492935982947064e-16,1.0,-0.20396987758761265
1976-01,14.870967741935484,2.6994108385115023,-0.18268027423959854,44.0,-0.6734454324144102,1.5293461582103116,1.1532263023538933,0.017454493423765337,0.49999999999999994,0.8660254037844387,0.9332789082254003
1976-02,18.275862068965516,2.9055811765596933,0.17666512466512696,96.1,0.9259902810530503,2.093215566319312,1.5104285268527498,0.2139224700604211,0.8660254037844386,0.5000000000000001,-0.18268027423959854
1976-03,16.06451612903226,2.776612872539507,0.2817797261369357,58.7,0.1455669506517347,0.11490672055413859,0.9682857242368157,0.18764830235719263,1.0,6.123233995736766e-17,0.17666512466512696
1976-04,13.053333333333335,2.5690435289942,-0.007550079048161518,89.8,0.04316588233093703,0.2612211253454524,1.2393814282775237,0.26930698072949893,0.8660254037844387,-0.49999999999999983,0.2817797261369357
1976-05,13.577419354838709,2.6084080712913784,-0.222623266523863,47.9,-1.4956066775361447,-0.9294883255558118,0.5433917492110141,0.06245693284856917,0.49999999999999994,-0.8660254037844387,-0.007550079048161518
1976-06,25.633333333333333,3.2438935878434885,0.4201562519936055,135.5,0.08124614862178106,-0.8101015245517625,-0.8261461810345105,0.4137975158217424,1.2246467991473532e-16,-1.0,-0.222623266523863
1976-07,16.322580645161292,2.7925494648023195,-0.12234811987343885,109.5,-0.45995654717706896,-0.9675029917698396,-0.7660512884872616,0.39095346042207557,-0.4999999999999998,-0.8660254037844388,0.4201562519936055
1976-08,17.0,2.833213344056216,-0.2082565823751552,180.7,0.04216248709500716,-0.3257907058053453,-0.8826747107568788,0.5068393061846131,-0.8660254037844384,-0.5000000000000004,-0.12234811987343885
1976-09,23.2,3.1441522786722644,-0.17282624788991585,244.6,0.5012860761336574,-0.004340829428533617,-0.5954512673563996,0.1422667307861575,-1.0,-1.8369701987210297e-16,-0.2082565823751552
1976-10,40.58064516129032,3.7032912327752396,0.28169649925458895,230.2,0.4725873210171111,0.38076821300004354,-0.41863504735589435,0.4324101485806719,-0.8660254037844386,0.5000000000000001,-0.17282624788991585
1976-11,24.133333333333333,3.183594010723561,-0.3430109260231049,47.9,-1.3925627992963925,-0.21278028492677195,-0.48516043572374756,-0.0990393197339521,-0.5000000000000004,0.8660254037844384,0.28169649925458895
1976-12,27.419354838709676,3.311249144999216,0.14642711416804,80.0,-0.2891041843254292,-0.6145190376886883,-0.544155051589588,-0.9042961900630716,-2.4492935982947064e-16,1.0,-0.3430109260231049
1977-01,14.129032258064516,2.6482317058913,-0.23385940685980078,28.499999999999996,-1.3186608183224882,-1.4959554381081857,-0.5567901999306953,-0.9688524659550946,0.49999999999999994,0.8660254037844387,0.14642711416804
1977-02,11.021428571428572,2.399841429753857,-0.3290746221407095,25.3,-1.0447907344958265,-1.3401084489107773,-0.7196158964705268,-1.2743364871954252,0.8660254037844386,0.5000000000000001,-0.23385940685980078
1977-03,9.238709677419354,2.2234022306013443,-0.2714309158012269,27.900000000000002,-0.7626130188996337,-1.9717599430413228,-1.2993525017297958,-1.3347172986948044,1.0,6.123233995736766e-17,-0.3290746221407095
1977-04,5.883333333333334,1.7721234947111961,-0.8044701133311656,81.89999999999999,-0.07383313018623155,-0.9666913578488388,-1.7240609505890374,-1.397751088616392,0.8660254037844387,-0.49999999999999983,-0.2714309158012269
1977-05,12.167741935483871,2.4987883462741562,-0.33224299154108516,187.1,0.3570066588363423,-0.1227310820029022,-0.8677115344990716,-0.9052025934207621,0.49999999999999994,-0.8660254037844387,-0.8044701133311656
1977-06,5.906666666666666,1.776081656508825,-1.0476556793410579,24.4,-1.6971271412938744,-0.6672766819087704,-1.4812591704819624,-1.2775708724931385,1.2246467991473532e-16,-1.0,-0.33224299154108516
1977-07,9.003225806451614,2.19758293605713,-0.7173146486186281,97.2,-0.6465943956394901,-0.8577202348455386,-1.2957108446381118,-1.3442968810148614,-0.4999999999999998,-0.8660254037844388,-1.0476556793410579
1977-08,32.729032258064514,3.488262520647443,0.44679259421607176,227.9,0.5852833559936699,-0.8304577572642792,-0.7651757517656729,-1.067156906267715,-0.8660254037844384,-0.5000000000000004,-0.7173146486186281
1977-09,41.55172413793103,3.726939015938281,0.40996048937610086,156.0,-0.25768084714370326,-0.3046532720761648,-0.732734418783236,-1.3457784457775344,-1.0,-1.8369701987210297e-16,0.44679259421607176
1977-10,,,,178.4,0.00982200735491135,-0.11101764295915394,-0.7127257053871169,-1.548814231439558,-0.8660254037844386,0.5000000000000001,0.40996048937610086
1977-11,,,,460.7,2.023144508722798,1.0597533411469375,0.21992043786834528,-0.23136912943276403,-0.5000000000000004,0.8660254037844384,
1977-12,,,,154.7,0.7910208163898942,1.5209280356934063,0.8437636609862622,-0.06035964495735753,-2.4492935982947064e-16,1.0,
1978-01,,,,44.8,-0.6448419502484801,1.7451773734980374,1.0335131562815363,-0.001881619649283397,0.49999999999999994,0.8660254037844387,
1978-02,,,,42.5,-0.37561639901203653,0.08275506917493136,0.8971158822160777,0.03334505087901551,0.8660254037844386,0.5000000000000001,
1978-03,,,,159.4,1.78084797450824,0.717740981450347,1.6115815582030368,0.39053810286509955,1.0,6.123233995736766e-17,
1978-04,,,,165.2,0.9151600565323227,1.2520947562005664,1.8567597614916087,0.6092609802405904,0.8660254037844387,-0.49999999999999983,
1978-05,,,,298.3,1.2022215438230435,1.6326512081568252,1.4381677686485208,0.9382082613014474,0.49999999999999994,-0.8660254037844387,
1978-06,,,,81.0,-0.5764554879910182,0.7184283047052735,0.8360832790945887,1.10311536805898,1.2246467991473532e-16,-1.0,
1978-07,,,,56.2,-1.3715297831339381,-0.09215494982577493,0.45368349496812516,1.0228571809643556,-0.4999999999999998,-0.8660254037844388,
1978-08,,,,181.8,0.0557982510628177,-1.0486276198226565,0.4704146473237967,0.8795992879812959,-0.8660254037844384,-0.5000000000000004,
1978-09,,,,128.8,-0.5462667942477694,-1.0163500484755896,-0.1949895337456088,0.8603672489839072,-1.0,-1.8369701987210297e-16,
1978-10,,,,383.1,1.5339660604119874,0.5695722156790086,0.210319154672917,1.3220148351301584,-0.8660254037844386,0.5000000000000001,
1978-11,,,,,,,,,-0.5000000000000004,0.8660254037844384,
1978-12,,,,,,,,,-2.4492935982947064e-16,1.0,
1979-01,,,,65.3,-0.008356099747811076,,,,0.49999999999999994,0.8660254037844387,
1979-02,,,,72.7,0.4401622500495764,,,,0.8660254037844386,0.5000000000000001,
1979-03,,,,73.6,0.4671813169522271,0.28465821169542294,,,1.0,6.123233995736766e-17,
1979-04,,,,55.0,-0.5428212512121988,-0.16784400911764324,,,0.8660254037844387,-0.49999999999999983,
1979-05,,,,182.2,0.3129012937987552,-0.026699264311661555,,,0.49999999999999994,-0.8660254037844387,
1979-06,,,,,,,,,1.2246467991473532e-16,-1.0,
1979-07,,,,225.6,0.8784656324087619,,,,-0.4999999999999998,-0.8660254037844388,
1979-08,,,,367.1,1.8542625003772242,,,,-0.8660254037844384,-0.5000000000000004,
1979-09,,,,346.7,1.1792947105628417,1.8063426625744576,,,-1.0,-1.8369701987210297e-16,
1979-10,,,,174.8,-0.025421669660100697,1.441989497505031,,,-0.8660254037844386,0.5000000000000001,
1979-11,,,,202.7,0.4809478868965158,0.7604556473030599,,,-0.5000000000000004,0.8660254037844384,
1979-12,,,,105.8,0.1400175299843449,0.12342445452350957,1.3061187327482369,,-2.4492935982947064e-16,1.0,
1980-01,,,,39.4,-0.8453769930565179,0.11251221887443223,1.0809915993792287,,0.49999999999999994,0.8660254037844387,
1980-02,,,,73.7,0.4628703447603255,-0.1774398802242898,0.5404917568464461,,0.8660254037844386,0.5000000000000001,
1980-03,,,,88.2,0.7429128277078993,0.1486212277570302,0.0923124733543927,,1.0,6.123233995736766e-17,
1980-04,,,,73.39999999999999,-0.2086743757506387,0.17363269118063873,0.06241610004301196,,0.8660254037844387,-0.49999999999999983,
1980-05,,,,193.0,0.40910975388312665,0.2582598997024221,0.01484148959980254,,0.49999999999999994,-0.8660254037844387,
1980-06,,,,99.39999999999999,-0.3285064287802808,-0.2048767117020956,-0.26762414031151194,0.9054680413077479,1.2246467991473532e-16,-1.0,
1980-07,,,,128.3,-0.197145073999288,-0.17294292480965656,-0.17997360706255777,0.6640669805713084,-0.4999999999999998,-0.8660254037844388,
1980-08,,,,74.89999999999999,-1.609944816614838,-1.1696349346292774,-0.7139205312957478,-0.14324179765931197,-0.8660254037844384,-0.5000000000000004,
1980-09,,,,101.2,-0.8820517230863363,-1.4467414678179156,-1.1879987025467829,-0.866745760137183,-1.0,-1.8369701987210297e-16,
1980-10,,,,124.0,-0.5823058337367794,-1.7638110606235988,-1.3387000590438363,-1.0580617156022931,-0.8660254037844386,0.5000000000000001,
1980-11,,,,64.0,-1.0768464809274694,-1.738347846937539,-2.078012543186456,-1.554120174731104,-0.5000000000000004,0.8660254037844384,
1980-12,,,,129.8,0.4798139420210624,-0.8892498094091089,-1.79742458709529,-1.4854823638430341,-2.4492935982947064e-16,1.0,
1981-01,,,,91.4,0.629636139238399,-0.3256788156449963,-1.6845353839819248,-1.3337834742985297,0.49999999999999994,0.8660254037844387,
1981-02,,,,75.6,0.5054629930071399,0.6398663866580796,-1.0852369883499204,-1.4013939813525653,0.8660254037844386,0.5000000000000001,
1981-03,,,,37.2,-0.43553188137957627,0.18738233478612,-0.7837083621720774,-1.530733450997963,1.0,6.123233995736766e-17,
1981-04,,,,124.8,0.49140521582619057,0.1955057821681875,-0.24595552627515718,-1.3846496758830045,0.8660254037844387,-0.49999999999999983,
1981-05,,,,410.6,1.8691387957469776,1.4093712302033508,1.4574751116349467,-0.6367082455214494,0.49999999999999994,-0.8660254037844387,
1981-06,,,,146.9,0.19542309220518156,1.3009361761518914,1.2426851497538691,-0.47361563866988465,1.2246467991473532e-16,-1.0,
1981-07,,,,282.9,1.3769711559693694,1.6389236657743975,1.46264345308505,0.0024847182285975913,-0.4999999999999998,-0.8660254037844388,
1981-08,,,,145.6,-0.42395590787125725,0.5254206978909107,1.1852888647194417,0.23460468410313212,-0.8660254037844384,-0.5000000000000004,
1981-09,,,,152.4,-0.2939044075157087,0.23879135796169013,0.9761834666563389,0.41866481457436755,-1.0,-1.8369701987210297e-16,
1981-10,,,,216.1,0.35393407363827495,-0.38524159731530916,0.9064471203568056,0.6254143641038165,-0.8660254037844386,0.5000000000000001,
1981-11,,,,101.60000000000001,-0.5175354516402331,-0.5073837184164355,-0.12511951672391683,0.6976112858526343,-0.5000000000000004,0.8660254037844384,
1981-12,,,,214.6,1.4258077919765932,0.377038148675756,0.2956223578001692,0.8507571985748446,-2.4492935982947064e-16,1.0,
1982-01,,,,42.6,-0.7243854651312517,0.18314305068819803,-0.2908335710249041,0.7664152117387192,0.49999999999999994,0.8660254037844387,
1982-02,,,,107.6,1.1368230679886684,1.244049056623056,0.0996159408771925,0.8697915746039139,0.8660254037844386,0.5000000000000001,
1982-03,,,,90.39999999999999,0.7818166402023808,0.6455305146168739,0.5103637106280671,0.9643212753055188,1.0,6.123233995736766e-17,
1982-04,,,,25.4,-1.3132481943838892,0.05812373341165329,0.057489197239011004,0.710792940537543,0.8660254037844387,-0.49999999999999983,
1982-05,,,,220.0,0.6350291087195077,0.13900437085829484,0.6832835998819076,0.22301848084023157,0.49999999999999994,-0.8660254037844387,
1982-06,,,,84.9,-0.5210199325890704,-0.4229397106946594,-0.24667160628754878,0.059147888046999726,1.2246467991473532e-16,-1.0,
1982-07,,,,185.9,0.4840141321230137,0.1943617986089142,0.08188933791414847,-0.2308633371784415,-0.4999999999999998,-0.8660254037844388,
1982-08,,,,166.9,-0.133598845702807,-0.2512591810639732,-0.1950833795882895,-0.11976310411892196,-0.8660254037844384,-0.5000000000000004,
1982-09,,,,230.5,0.3940891650446082,0.25110984205007936,-0.18642995776946628,0.1439688901945595,-1.0,-1.8369701987210297e-16,
1982-10,,,,144.20000000000002,-0.3459211945533541,-0.22698332224898568,-0.11725708451956941,-0.09566106686404967,-0.8660254037844386,0.5000000000000001,
1982-11,,,,99.7,-0.5418923007317097,-0.48248616115602677,-0.6261395574827869,-0.12288565815719395,-0.5000000000000004,0.8660254037844384,
1982-12,,,,47.3,-1.0019893204644803,-1.0840509410336892,-0.6203598848453278,-0.6548233229585251,-2.4492935982947064e-16,1.0,
1983-01,,,,79.7,0.36098683824215494,-0.7983403626466893,-0.7552823794289072,-0.5458500773660273,0.49999999999999994,0.8660254037844387,
1983-02,,,,13.399999999999999,-1.7437292393804646,-1.2340240737123023,-0.9324277994041773,-0.8952232366704256,0.8660254037844386,0.5000000000000001,
1983-03,,,,23.9,-0.9277032739173147,-1.196774044400367,-1.515328690471211,-1.0828889440070297,1.0,6.123233995736766e-17,
1983-04,,,,225.8,1.440411785923374,0.4290951297526367,-0.4246827771287282,-0.4660684638282426,0.8660254037844387,-0.49999999999999983,
1983-05,,,,106.1,-0.5073433093602971,0.26572767976664746,-0.4416014356934064,-0.8084994475535401,0.49999999999999994,-0.8660254037844387,
1983-06,,,,105.0,-0.2591326855842643,0.19223644716549973,-0.3411501015928408,-0.7314822332136437,1.2246467991473532e-16,-1.0,
1983-07,,,,217.5,0.8017794759293998,-0.12958573892477915,-0.017589366759345818,-0.6374052934497028,-0.4999999999999998,-0.8660254037844388,
1983-08,,,,301.6,1.3042742632811124,0.7714986848420521,0.6094419259197484,-0.15952051978402507,-0.8660254037844384,-0.5000000000000004,
1983-09,,,,29.200000000000003,-2.05521020705437,0.0681806358374569,0.07310827062428904,-0.741098613750202,-1.0,-1.8369701987210297e-16,
1983-10,,,,,,,,,-0.8660254037844386,0.5000000000000001,
1983-11,,,,,,,,,-0.5000000000000004,0.8660254037844384,
1983-12,,,,,,,,,-2.4492935982947064e-16,1.0,
1984-01,,,,,,,,,0.49999999999999994,0.8660254037844387,
1984-02,,,,,,,,,0.8660254037844386,0.5000000000000001,
1984-03,,,,,,,,,1.0,6.123233995736766e-17,
1984-04,,,,,,,,,0.8660254037844387,-0.49999999999999983,
1984-05,,,,,,,,,0.49999999999999994,-0.8660254037844387,
1984-06,,,,,,,,,1.2246467991473532e-16,-1.0,
1984-07,,,,123.89999999999999,-0.25645450173578055,,,,-0.4999999999999998,-0.8660254037844388,
1984-08,,,,165.2,-0.15588269257622991,,,,-0.8660254037844384,-0.5000000000000004,
1984-09,,,,182.2,-0.009114445171484544,-0.3616396147237713,,,-1.0,-1.8369701987210297e-16,
1984-10,,,,154.2,-0.23672367828624255,-0.45882383587968456,,,-0.8660254037844386,0.5000000000000001,
1984-11,,,,330.09999999999997,1.3405808044923195,0.5023799101952914,,,-0.5000000000000004,0.8660254037844384,
1984-12,,,,98.8,0.03131512199210897,0.6241446218244803,0.08324145563636647,,-2.4492935982947064e-16,1.0,
1985-01,,,,32.6,-1.1275770663781124,0.7878237336795151,0.08044490115275062,,0.49999999999999994,0.8660254037844387,
1985-02,,,,46.199999999999996,-0.2578263867382972,-0.6932365820414015,0.13853020559804516,,0.8660254037844386,0.5000000000000001,
1985-03,,,,40.6,-0.33042252774177205,-1.1504430004846076,0.17983520652358062,,1.0,6.123233995736766e-17,
1985-04,,,,110.69999999999999,0.32240530145118573,-0.20836064413791405,0.4205897401953575,,0.8660254037844387,-0.49999999999999983,
1985-05,,,,429.2,1.9681029623518056,1.4452430826170057,0.9594507163381163,,0.49999999999999994,-0.8660254037844387,
1985-06,,,,9.0,-2.1448884229920817,0.738425937684351,0.2611594709725586,0.17135632031496337,1.2246467991473532e-16,-1.0,
1985-07,,,,170.0,0.3110783131392401,0.7381609639312345,0.46621720208407746,0.31406739618226465,-0.4999999999999998,-0.8660254037844388,
1985-08,,,,118.6,-0.8324040606243067,-1.2069896336483983,0.22840371114579816,0.20205510629320006,-0.8660254037844384,-0.5000000000000004,
1985-09,,,,288.2,0.809490662796773,0.21767246942685292,0.5479797856274211,0.535191678299406,-1.0,-1.8369701987210297e-16,
1985-10,,,,525.2,2.299528309247702,1.6191763276894153,1.425008094730654,1.4232408320416376,-0.8660254037844386,0.5000000000000001,
1985-11,,,,161.9,0.13118663092126231,1.7497004172625528,0.6383034314254711,0.989960779209881,-0.5000000000000004,0.8660254037844384,
1985-12,,,,49.8,-0.9368957135394255,1.295665280845701,0.9683942156538158,0.8072947631055012,-2.4492935982947064e-16,1.0,
1986-01,,,,55.7,-0.2862524210512126,-0.4618397566750798,0.9543904027531197,0.9041694944303239,0.49999999999999994,0.8660254037844387,
1986-02,,,,35.400000000000006,-0.623231951727027,-1.226130762975174,1.1811353825419113,0.8999359024221212,0.8660254037844386,0.5000000000000001,
1986-03,,,,80.3,0.5977758600902068,-0.27472671464974463,1.0941097619227869,0.9590696628201065,1.0,6.123233995736766e-17,
1986-04,,,,140.0,0.6600540970072122,0.36291374256934966,-0.24436616826807045,1.036423305469976,0.8660254037844387,-0.49999999999999983,
1986-05,,,,342.2,1.4791031470126166,1.3630469168307746,0.697069110135816,0.8516109497903762,0.49999999999999994,-0.8660254037844387,
1986-06,,,,95.8,-0.3744766341020527,0.8681203443155822,0.647606681159066,1.0954354708373713,1.2246467991473532e-16,-1.0,
1986-07,,,,45.699999999999996,-1.5769933807470604,0.158824869344096,0.19085345668832848,0.791174081892965,-0.4999999999999998,-0.8660254037844388,
1986-08,,,,181.10000000000002,0.047127075296775206,-1.0223978793215887,0.25551484080932846,0.9356311310380839,-0.8660254037844384,-0.5000000000000004,
1986-09,,,,48.5,-1.7071977997904997,-1.650688472549129,-0.4158190545319611,0.3539185934394991,-1.0,-1.8369701987210297e-16,
1986-10,,,,112.6,-0.7266422149275295,-1.4855842898806073,-0.8923559559537322,-0.9096488919449248,-0.8660254037844386,0.5000000000000001,
1986-11,,,,197.70000000000002,0.44075683134099053,-1.2144987268138923,-1.6259680180815537,-0.8126288019818626,-0.5000000000000004,0.8660254037844384,
1986-12,,,,55.4,-0.7991185890707415,-0.5651187981445325,-1.699378110642575,-0.8242163346815738,-2.4492935982947064e-16,1.0,
1987-01,,,,86.19999999999999,0.5132097523875081,0.05573504542723612,-1.1745345563496792,-0.7382802266026941,0.49999999999999994,0.8660254037844387,
1987-02,,,,82.0,0.6439668754670198,-0.12305658346517659,-1.1046977659374018,-0.6339781708438488,0.8660254037844386,0.5000000000000001,
1987-03,,,,77.5,0.544103066038301,0.705984042835689,-0.2824419936227157,-0.6225011074434899,1.0,6.123233995736766e-17,
1987-04,,,,159.1,0.8558494281386712,0.8902506476479554,0.4155928907534299,-0.5855082239129263,0.8660254037844387,-0.49999999999999983,
1987-05,,,,201.5,0.4823561661370059,0.7425973780677568,0.4878963151920045,-1.0263566963824287,0.49999999999999994,-0.8660254037844387,
1987-06,,,,320.5,1.4841898287778617,1.2962081817141748,1.4060795309927607,-0.2896750586649332,1.2246467991473532e-16,-1.0,
1987-07,,,,70.1,-1.10755711803494,0.6679336984795604,0.8732269371965267,-0.21501432483508917,-0.4999999999999998,-0.8660254037844388,
1987-08,,,,48.8,-2.0763177461960924,-0.24080137679678218,0.22607322663860122,-0.5635163358395144,-0.8660254037844384,-0.5000000000000004,
1987-09,,,,130.29999999999998,-0.5293813342450647,-1.8268337565499384,-0.12470957196025503,-0.27913664052969805,-1.0,-1.8369701987210297e-16,
1987-10,31.580645161290324,3.452544438045364,0.03094970452471335,192.5,0.14358521295299742,-1.2866510531160744,-0.3624400955083824,-0.07547028827273491,-0.8660254037844386,0.5000000000000001,
1987-11,126.06666666666666,4.836810867556247,1.3102059308095813,639.1999999999999,2.785027596147083,1.701729667893465,1.0303276359918867,1.0688451768235754,-0.5000000000000004,0.8660254037844384,0.03094970452471335
1987-12,112.03225806451613,4.718786848258928,1.5539648174277518,493.8,3.446882777310103,3.2534824462077876,1.750080564200815,1.9905644369944473,-2.4492935982947064e-16,1.0,1.3102059308095813
1988-01,27.129032258064516,3.300604455487802,0.41851334273670115,81.6,0.4063044822472818,3.699395613085768,2.1684140561545826,2.0552607115998103,0.49999999999999994,0.8660254037844387,1.5539648174277518
1988-02,20.482758620689655,3.019583489376171,0.29066743748160473,84.3,0.6920114509334162,3.2524940351708103,2.7448199557948745,2.135456066484753,0.8660254037844386,0.5000000000000001,0.41851334273670115
1988-03,13.258064516129032,2.5846060100110884,0.0897728636085171,16.0,-1.3249514907920545,-0.12078794207671452,3.159173024039275,1.90982539367219,1.0,6.123233995736766e-17,0.29066743748160473
1988-04,10.226666666666667,2.324998687830946,-0.25159492021141583,67.6,-0.306986909916646,-0.5436920543787244,2.9540867846807934,1.719467906255801,0.8660254037844387,-0.49999999999999983,0.0897728636085171
1988-05,11.448387096774193,2.4378488551673043,-0.3931824826479371,131.6,-0.1974926493729669,-0.7598603589736271,1.4809855990816685,1.6022596348670008,0.49999999999999994,-0.8660254037844387,-0.25159492021141583
1988-06,13.776666666666667,2.6229763398555312,-0.2007609959943517,181.8,0.5125527084371831,-0.11588644636910177,-0.290892484456028,1.284031393046088,1.2246467991473532e-16,-1.0,-0.3931824826479371
1988-07,21.096774193548388,3.0491201469720526,0.13422256229629426,232.3,0.9405947654898732,0.45825596679045444,0.07926394210607626,1.719851099580676,-0.4999999999999998,-0.8660254037844388,-0.2007609959943517
1988-08,31.903225806451612,3.462707127137566,0.4212372007061944,261.3,0.9271421674975499,1.0177871733461836,0.2767166953129236,2.1211334186527386,-0.8660254037844384,-0.5000000000000004,0.13422256229629426
1988-09,31.7,3.456316680883235,0.13933815432105456,232.6,0.4103182824399351,0.9330401192334116,0.4877851717168026,2.4070961717209993,-1.0,-1.8369701987210297e-16,0.4212372007061944
1988-10,33.45161290322581,3.5101000037443812,0.08850527022373056,207.7,0.28085179323771825,0.6077877415692897,0.5856037065979902,2.379302813521734,-0.8660254037844386,0.5000000000000001,0.13933815432105456
1988-11,40.53333333333333,3.7021246808639567,0.17551974411729088,211.3,0.5485778140136045,0.4333616627574972,0.8063780922684655,1.4009918659992415,-0.5000000000000004,0.8660254037844384,0.08850527022373056
1988-12,21.451612903225808,3.065799836170708,-0.09902219466046791,122.0,0.37432786040969496,0.4204293654941269,0.8187354779871218,0.4233319347986899,-2.4492935982947064e-16,1.0,0.17551974411729088
1989-01,24.193548387096776,3.1860860020452098,0.3039948892941089,62.4,-0.08920704523066965,0.4121614427496106,0.5921602933387164,0.3984984258670025,0.49999999999999994,0.8660254037844387,-0.09902219466046791
1989-02,18.892857142857142,2.9387839216830955,0.20986786978852923,196.0,2.416317317349814,1.3721378328648572,0.8783246448058333,0.708415651139084,0.8660254037844386,0.5000000000000001,0.3039948892941089
1989-03,16.387096774193548,2.7964942430933357,0.30166109669076446,177.3,1.9932331346935492,2.5436550000445295,1.3675209090003932,1.0829087364313774,1.0,6.123233995736766e-17,0.20986786978852923
1989-04,11.75,2.463853240590168,-0.11274036745219362,87.4,0.008388107275551698,1.8719610775299478,1.2409117958958318,1.137565583991603,0.8660254037844387,-0.49999999999999983,0.30166109669076446
1989-05,17.229032258064517,2.8465958828605786,0.01556454504533722,138.5,-0.1208470745999981,0.5482669353342652,1.0775465888293836,1.1962616473255696,0.49999999999999994,-0.8660254037844387,-0.11274036745219362
1989-06,14.556666666666667,2.67804907882936,-0.1456882570205229,100.10000000000001,-0.3196959130526289,-0.45041867315344597,0.703769027586381,1.007362345170515,1.2246467991473532e-16,-1.0,0.01556454504533722
1989-07,33.16129032258065,3.501383241529964,0.5864856568542058,171.9,0.3322665732365074,-0.22974310614668303,0.7239222498432929,0.8716592652598396,-0.4999999999999998,-0.8660254037844388,-0.1456882570205229
1989-08,25.806451612903224,3.250624523182781,0.20915459675140946,183.4,0.07553816148798484,-0.14356703352851966,0.1521139754539862,0.6533002332167129,-0.8660254037844384,-0.5000000000000004,0.5864856568542058
1989-09,47.46666666666667,3.8600277103097658,0.5430491837475855,357.1,1.2407899992182854,0.8711525554989688,0.2579013747628148,1.0216691950626606,-1.0,-1.8369701987210297e-16,0.20915459675140946
1989-10,24.838709677419356,3.2124033103625833,-0.20919142315806738,133.39999999999998,-0.46946785353091863,0.4725587145459854,0.0611440293114285,0.789537464429817,-0.8660254037844386,0.5000000000000001,0.5430491837475855
1989-11,17.0,2.833213344056216,-0.6933915926904497,23.7,-2.070041501563649,-0.2589859260382153,-0.4045055578406617,0.27025347242633513,-0.5000000000000004,0.8660254037844384,-0.20919142315806738
1989-12,11.903225806451612,2.476809439555381,-0.6880125912757951,11.8,-2.4660121145951455,-2.1908690340992334,-0.5920719386721474,-0.07985509079504528,-2.4492935982947064e-16,1.0,-0.6933915926904497
1990-01,10.825806451612904,2.381932770107905,-0.5001583426431959,81.5,0.4039368322338062,-1.9917532610550355,-0.6514675825763411,-0.013850840690945929,0.49999999999999994,0.8660254037844387,-0.6880125912757951
1990-02,11.117857142857144,2.4085525672723587,-0.32036348462220765,66.5,0.2945491807202886,-0.9410811531435944,-0.6330469930752575,-0.42628187858697597,0.8660254037844386,0.5000000000000001,-0.5001583426431959
1990-03,9.829032258064515,2.285340481506517,-0.20949266489605423,99.9,0.9431359417412227,0.73180817773592,-1.4554322861353128,-0.6521391134755459,1.0,6.123233995736766e-17,-0.32036348462220765
1990-04,8.389999999999999,2.1270405204791145,-0.4495530875632472,47.2,-0.7086460997791624,-0.04013387066756408,-1.4275339822659823,-0.8048298374333621,0.8660254037844387,-0.49999999999999983,-0.20949266489605423
1990-05,7.258064516129032,1.9821131977192739,-0.8489181400959676,34.199999999999996,-1.854738842469077,-1.0741423012178906,-1.5297431624376694,-1.1372971610882088,0.49999999999999994,-0.8660254037844387,-0.4495530875632472
1990-06,10.58,2.3589654264301534,-0.46477190941972957,187.7,0.5621478945152754,-0.8399760109706551,-0.55317782383951,-0.830664142449559,1.2246467991473532e-16,-1.0,-0.8489181400959676
1990-07,7.951612903225806,2.0733747889975986,-0.8415227956781597,144.1,0.0060781608507781745,-0.4893984064143547,-0.548629077676311,-0.938232677854782,-0.4999999999999998,-0.8660254037844388,-0.46477190941972957
1990-08,15.348387096774195,2.7310103933837113,-0.31045953304766005,125.8,-0.7184938584126337,-0.13036265019915577,-0.8011141921978102,-1.0338857346544552,-0.8660254037844384,-0.5000000000000004,-0.8415227956781597
1990-09,10.01,2.303584593327129,-1.0133939332350512,125.1,-0.5884614333780058,-0.8308855345755201,-1.2160898628618146,-1.8371254214576105,-1.0,-1.8369701987210297e-16,-0.31045953304766005
1990-10,34.748387096774195,3.5481331564522978,0.12653842293164708,385.09999999999997,1.5458734996018966,0.2816913463625275,-0.22435565094025275,-0.9633418049788612,-0.8660254037844386,0.5000000000000001,-1.0133939332350512
1990-11,17.133333333333333,2.8410258837930096,-0.6855790529536563,49.599999999999994,-1.3558323473742306,-0.016816926915229152,-0.22691503650976075,-0.8970426596495339,-0.5000000000000004,0.8660254037844384,0.12653842293164708
1990-12,19.129032258064516,2.951207194512579,-0.2136148363185968,140.2,0.6141645586780665,0.5852440679677587,-0.23627913031123682,-0.5298714336260307,-2.4492935982947064e-16,1.0,-0.6855790529536563
1991-01,12.541935483870969,2.5290778681011377,-0.3530132446499632,41.3,-0.7727440298125053,-0.7600485614216936,-0.3155717738930571,-0.6570119593377386,0.49999999999999994,0.8660254037844387,-0.2136148363185968
1991-02,15.614285714285714,2.7481862461271795,0.019270194232613225,69.89999999999999,0.3754624831598372,0.18387669429746586,-0.001965970399111621,-0.6905403351667931,0.8660254037844386,0.5000000000000001,-0.3530132446499632
1991-03,9.59032258064516,2.2607545255189057,-0.2340786208836656,48.5,-0.10781263496608007,-0.45395985301852404,0.33314531178061935,-0.8311656662444197,1.0,6.123233995736766e-17,0.019270194232613225
1991-04,7.376666666666667,1.9983218653948487,-0.578271742647513,33.8,-1.046845050200182,-0.7382632905030444,-1.0644579655037634,-0.9017402993921593,0.8660254037844387,-0.49999999999999983,-0.2340786208836656
1991-05,8.86774193548387,2.1824201906860536,-0.6486111471291878,88.5,-0.7529199361320883,-1.1797979727339065,-0.9261829964172223,-0.706337388127397,0.49999999999999994,-0.8660254037844387,-0.578271742647513
1991-06,17.186666666666667,2.844133889402877,0.020396553552993968,99.0,-0.33355940555887853,-1.2142673344774066,-1.4382168245284306,-0.9898260541274617,1.2246467991473532e-16,-1.0,-0.6486111471291878
1991-07,23.822580645161292,3.1706338974862884,0.2557363128105301,105.2,-0.5237679601062432,-0.9689187024158225,-1.289064184037878,-1.1421333044765816,-0.4999999999999998,-0.8660254037844388,0.020396553552993968
1991-08,12.870967741935484,2.554974212404717,-0.48649571402665437,154.70000000000002,-0.29684304367955827,-0.7651089593342866,-1.3606223777283262,-0.9416341602632357,-0.8660254037844384,-0.5000000000000004,0.2557363128105301
1991-09,12.766666666666667,2.5468376075184906,-0.7701409190436896,173.5,-0.08891468295070572,-0.5888923240699432,-1.25972832811136,-0.7543317960250998,-1.0,-1.8369701987210297e-16,-0.48649571402665437
1991-10,15.32258064516129,2.729327599549495,-0.6922671339711557,121.8,-0.6094914265821019,-0.7739538525048267,-1.242174299276157,-1.6819973286588124,-0.8660254037844386,0.5000000000000001,-0.7701409190436896
1991-11,43.20333333333333,3.765917652767174,0.2393127160205082,157.1,0.08630441633670571,-0.6115311775542311,-1.0387446253037913,-1.3142101928295586,-0.5000000000000004,0.8660254037844384,-0.6922671339711557
1991-12,11.548387096774194,2.446545781915554,-0.7182762489156218,51.1,-0.9039659599667345,-0.8036684526286589,-1.1053197745419694,-1.6434352652861093,-2.4492935982947064e-16,1.0,0.2393127160205082
1992-01,34.10645161290322,3.5294865632533345,0.6473954505022337,187.4,2.2743377457317053,0.41156033310306517,-0.40825760798841104,-1.1651099560015692,0.49999999999999994,0.8660254037844387,-0.7182762489156218
1992-02,11.282758620689656,2.423275774742118,-0.30564027715244846,42.5,-0.37561639901203653,0.48676271227499934,-0.3500994077714155,-1.3296693032028999,0.8660254037844386,0.5000000000000001,0.6473954505022337
1992-03,9.803225806451612,2.282711495437601,-0.21212165096497015,28.6,-0.7355020667955726,0.8541764687098445,-0.4058437164223029,-1.3507046945898327,1.0,6.123233995736766e-17,-0.30564027715244846
1992-04,10.129999999999999,2.315501318260592,-0.2610922897817698,44.3,-0.7752950064745247,-1.2564617755232694,-0.3089644071941163,-1.3490216161192319,0.8660254037844387,-0.49999999999999983,-0.21212165096497015
1992-05,42.2,3.742420221041966,0.9113888832267247,270.2,1.0111185100538271,0.18582654838038518,0.2916905215372127,-0.7199582111926611,0.49999999999999994,-0.8660254037844387,-0.2610922897817698
1992-06,29.0,3.367295829986474,0.5435584941365912,145.29999999999998,0.1797567641860088,0.31085699326500477,0.5028425762484585,-0.5592645622653443,1.2246467991473532e-16,-1.0,0.9113888832267247
1992-07,19.419354838709676,2.9662702408236745,0.051372656147916196,101.9,-0.5737686236034812,0.3245397311704009,-0.28870868623592066,-0.5771139396385856,-0.4999999999999998,-0.8660254037844388,0.5435584941365912
1992-08,21.677419354838708,3.0762711360380033,0.03480120960663191,188.2,0.13410419099186066,-0.26544744266888076,-0.17399546187529227,-0.4048158258106976,-0.8660254037844384,-0.5000000000000004,0.051372656147916196
1992-09,35.6,3.572345637857985,0.2553671112958047,194.8,0.10218092875925514,-0.28274522751750025,-0.07208326215962252,-0.30478614032033347,-1.0,-1.8369701987210297e-16,0.03480120960663191
1992-10,12.838709677419354,2.5524648007992914,-0.8691299327213593,58.1,-1.5696561152216066,-0.8301900297318953,-0.3814711073813848,-0.5280924905688166,-0.8660254037844386,0.5000000000000001,0.2553671112958047
1992-11,26.5,3.2771447329921766,-0.2494602037544893,223.6,0.6422385113991491,-0.4703825403910803,-0.6269267323979449,-0.34724063714091563,-0.5000000000000004,0.8660254037844384,-0.8691299327213593
1992-12,20.516129032258064,3.021211358854976,-0.1436106719761998,115.89999999999999,0.2886798252728881,-0.3650816295772777,-0.5870953019215226,-0.19857797715995984,-2.4492935982947064e-16,1.0,-0.2494602037544893
1993-01,20.225806451612904,3.0069593361477747,0.1248682233966738,72.2,0.17475567598392092,0.5070760506137107,-0.3770436697248665,-0.5363098737281421,0.49999999999999994,0.8660254037844387,-0.1436106719761998
1993-02,12.785714285714286,2.5483284762254965,-0.1805875756690698,70.4,0.38714002429554534,0.2585987125370629,-0.3426957618814895,-0.4865927759476833,0.8660254037844386,0.5000000000000001,0.1248682233966738
1993-03,9.096774193548388,2.2079198664529676,-0.2869132799496037,45.199999999999996,-0.1975204476878845,-0.036898932748928005,-0.4227963923089064,-0.4219044589957949,1.0,6.123233995736766e-17,-0.1805875756690698
1993-04,8.973333333333333,2.1942572161084173,-0.3823363919339444,228.9,1.4647432482141163,1.087586132362596,0.8420487856166643,0.10402929639837837,0.8660254037844387,-0.49999999999999983,-0.2869132799496037
1993-05,15.36774193548387,2.732270632995999,-0.09876070481924248,114.2,-0.40382815043139536,0.4619324182702777,0.41105011818836196,-0.33076256495940026,0.49999999999999994,-0.8660254037844387,-0.3823363919339444
1993-06,20.30666666666667,3.0109492393588515,0.18721190350896855,229.6,0.8884223588341134,0.8448210840181424,0.6983161285527448,-0.062229488696242036,1.2246467991473532e-16,-1.0,-0.09876070481924248
1993-07,38.10322580645161,3.6402989453846213,0.725401360708863,290.6,1.4389600394464939,0.8498922304659617,1.1213550930457232,0.4939946494153814,-0.4999999999999998,-0.8660254037844388,0.18721190350896855
1993-08,14.96774193548387,2.705897347741109,-0.33557257869026236,98.3,-1.1755320159419733,0.7438408245424541,0.7057250152414202,0.2560397402035037,-0.8660254037844384,-0.5000000000000004,0.725401360708863
1993-09,24.533333333333335,3.2000327370667208,-0.11694578949545953,120.6,-0.6408633460774568,-0.14339159715621175,0.40537585555190003,0.09015587535875806,-1.0,-1.8369701987210297e-16,-0.33557257869026236
1993-10,16.322580645161292,2.7925494648023195,-0.6290452687183312,127.3,-0.542092955932033,-1.4585205181422847,-0.30106299116862656,0.24876545269617004,-0.8660254037844386,0.5000000000000001,-0.11694578949545953
1993-11,23.866666666666667,3.1724827852984903,-0.3541221514481756,185.4,0.3389450888845538,-0.727080212917257,-0.10254937909745278,0.1200611090530209,-0.5000000000000004,0.8660254037844384,-0.6290452687183312
1993-12,14.387096774193548,2.666331747534918,-0.4984902832962579,47.1,-1.0073022923760913,-0.6034072065973792,-0.6420925292330898,-0.11676957484507003,-2.4492935982947064e-16,1.0,-0.3541221514481756
1994-01,13.96774193548387,2.6367505235173434,-0.24534058923375746,41.2,-0.7765077672922333,-0.4129610381628861,-1.4948589850353613,-0.19674419333470447,0.49999999999999994,0.8660254037844387,-0.4984902832962579
1994-02,22.071428571428573,3.094283947282487,0.3653678953879207,85.7,0.7208392704230665,-0.7419357871402964,-0.9717412965708546,-0.17445967214143104,0.8660254037844386,0.5000000000000001,-0.24534058923375746
1994-03,13.116129032258065,2.5738426967091,0.0790095503065289,57.699999999999996,0.12211057847244626,-0.08217483902086481,-0.652954450120338,-0.13618535235457557,1.0,6.123233995736766e-17,0.3653678953879207
1994-04,9.436666666666667,2.2446028104556985,-0.33199079758666317,30.5,-1.1449064395677486,-0.4726384097834932,-0.6655615873559387,-0.7622005139345743,0.8660254037844387,-0.49999999999999983,0.0790095503065289
1994-05,13.938709677419356,2.634669838452741,-0.19636149936250025,80.1,-0.8824356270771305,-1.2056262918063516,-1.520121990782943,-0.8553548627434128,0.49999999999999994,-0.8660254037844387,-0.33199079758666317
1994-06,8.85,2.180417459019838,-0.643319876830045,113.0,-0.16414134288459278,-1.195021863130156,-1.2455629467836429,-1.243957852013852,1.2246467991473532e-16,-1.0,-0.19636149936250025
1994-07,8.816129032258065,2.176582888448876,-0.7383146962268823,79.9,-0.9323846012242161,-1.1117989848549403,-1.2770085117651848,-2.0717745228454323,-0.4999999999999998,-0.8660254037844388,-0.643319876830045
1994-08,9.964516129032257,2.29903039543939,-0.7424395309919816,108.7,-0.9955690854380961,-1.177089631994738,-1.7016492749742247,-1.8695979818344703,-0.8660254037844384,-0.5000000000000004,-0.7383146962268823
1994-09,27.84333333333333,3.326593560099705,0.009615033537524909,258.0,0.5995261912315815,-0.5084742810769518,-1.1879987025467829,-1.344716287831711,-1.0,-1.8369701987210297e-16,-0.7424395309919816
1994-10,12.819354838709677,2.5509561256325703,-0.8706386078880803,141.2,-0.37962716649565037,-0.4216071901564177,-1.0783918990258052,-1.3151059587605642,-0.8660254037844386,0.5000000000000001,0.009615033537524909
1994-11,14.083333333333334,2.644992065135073,-0.8816128716115927,145.6,-0.025118764034052284,-0.09496545629986518,-0.8912984919929888,-1.4707450660269128,-0.5000000000000004,0.8660254037844384,-0.8706386078880803
1994-12,16.129032258064516,2.7806208939370456,-0.38420113689413027,38.6,-1.2498956363737912,-0.8356763684873358,-1.0661223621949345,-1.5171595190311418,-2.4492935982947064e-16,1.0,-0.8816128716115927
1995-01,10.46774193548387,2.3482983316589983,-0.5337927810921026,77.1,0.2977992077574728,-0.5099219331027603,-0.7511087970988276,-1.4219527438687498,0.49999999999999994,0.8660254037844387,-0.38420113689413027
1995-02,14.721428571428572,2.6893041582811548,-0.03961189361341155,215.9,2.651771175197192,0.9591656153270254,0.2729587670202057,-1.0378783801190081,0.8660254037844386,0.5000000000000001,-0.5337927810921026
1995-03,11.274193548387096,2.4225163571887185,-0.07231678921385276,33.1,-0.5716348474527844,1.5667804743191893,-0.07364192206641933,-1.0832226831619698,1.0,6.123233995736766e-17,-0.03961189361341155
1995-04,8.81,2.175887439948088,-0.4007061680942736,58.699999999999996,-0.4699504115168594,0.8040876692977893,-0.00808260479791979,-1.019108907814669,0.8660254037844387,-0.49999999999999983,-0.07231678921385276
1995-05,7.987096774193549,2.077827336325295,-0.7532040014899466,119.6,-0.3376092785525279,-0.7932911547943199,-0.15999970075239134,-0.8709345392655178,0.49999999999999994,-0.8660254037844387,-0.4007061680942736
1995-06,23.956666666666667,3.1762466428122416,0.3525093069623586,,,,,,1.2246467991473532e-16,-1.0,-0.7532040014899466
1995-07,19.19677419354839,2.95474225416566,0.03984466948990173,181.6,0.438197658453885,,,,-0.4999999999999998,-0.8660254037844388,0.3525093069623586
1995-08,16.59032258064516,2.808819548295724,-0.23265037813564726,216.2,0.45795303173509394,,,,-0.8660254037844384,-0.5000000000000004,0.03984466948990173
1995-09,34.64666666666667,3.5452015209121863,0.22822299435000604,316.3,0.992551999566013,0.8788175450370785,,,-1.0,-1.8369701987210297e-16,-0.23265037813564726
1995-10,19.0,2.9444389791664403,-0.4771557543542104,109.10000000000001,-0.7727701079478979,0.310338433419577,,,-0.8660254037844386,0.5000000000000001,0.22822299435000604
1995-11,13.433333333333334,2.5977391802845275,-0.9288657564621383,83.2,-0.7685144581889399,-0.2897093218422037,,,-0.5000000000000004,0.8660254037844384,-0.4771557543542104
1995-12,27.483870967741936,3.3135993223441695,0.14877729151299368,74.8,-0.38671683795041384,-1.2715476895231623,-0.19249726198506492,,-2.4492935982947064e-16,1.0,-0.9288657564621383
1996-01,26.06451612903226,3.260574854035949,0.3784837412848483,,,,,,0.49999999999999994,0.8660254037844387,0.14877729151299368
1996-02,13.46206896551724,2.5998760245524632,-0.12904002734210307,60.5,0.14476837645668658,,,,0.8660254037844386,0.5000000000000001,0.3784837412848483
1996-03,8.870967741935484,2.182783893181425,-0.3120492532211463,72.9,0.4530928141354639,,,,1.0,6.123233995736766e-17,-0.12904002734210307
1996-04,8.486666666666666,2.138496304461151,-0.4380973035812108,53.0,-0.5836609215546807,-0.32982020230340137,,,0.8660254037844387,-0.49999999999999983,-0.3120492532211463
1996-05,8.774193548387096,2.171814861810851,-0.6592164760043904,28.599999999999998,-2.0337241529003847,-1.3533152998562015,,,0.49999999999999994,-0.8660254037844387,-0.4380973035812108
1996-06,41.06666666666667,3.71519676243131,0.8914594265814269,249.8,1.032175187199438,-0.4159494377384715,,,1.2246467991473532e-16,-1.0,-0.6592164760043904
1996-07,27.193548387096776,3.302979753516709,0.3880821688409508,219.29999999999998,0.8189746443462895,0.2285712984938071,-0.05167943571860546,,-0.4999999999999998,-0.8660254037844388,0.8914594265814269
1996-08,34.70967741935484,3.5470185362365836,0.5055486098052122,197.6,0.24607940490787886,0.9768813836607133,0.0024998099024628787,,-0.8660254037844384,-0.5000000000000004,0.3880821688409508
1996-09,120.96666666666667,4.795515025550915,1.4785364989887348,678.1,2.7592720745874417,2.3667880702912774,1.4465789463324912,,-1.0,-1.8369701987210297e-16,0.5055486098052122
1996-10,27.774193548387096,3.3241072999425847,-0.097487433578066,58.599999999999994,-1.5605688433516516,1.628418567441431,1.1281684931923266,,-0.8660254037844386,0.5000000000000001,1.4785364989887348
1996-11,44.93333333333333,3.805179909810097,0.27857497306343104,280.4,1.0361099597579015,1.8978010195735,1.8160654190733778,,-0.5000000000000004,0.8660254037844384,-0.097487433578066
1996-12,21.06451612903226,3.0475899247912848,-0.11723210603989109,53.0,-0.8568945301630296,-0.39938714496878147,1.4975018370298805,,-2.4492935982947064e-16,1.0,0.27857497306343104
1997-01,16.258064516129032,2.7885890635862225,-0.09350204916487836,85.99999999999999,0.5086408602888829,0.5518889495136803,1.4653570785205605,0.9860987987449251,0.49999999999999994,0.8660254037844387,-0.11723210603989109
1997-02,22.214285714285715,3.1007355825639755,0.3718195306694092,103.3,1.0597610662500587,0.08602246194869541,1.6637144844465384,1.1245419889166617,0.8660254037844386,0.5000000000000001,-0.09350204916487836
1997-03,15.161290322580646,2.718745490218958,0.2239123438163868,28.9,-0.7240281524551232,0.36953057905982106,-0.2888303736193893,0.9655711349177051,1.0,6.123233995736766e-17,0.3718195306694092
1997-04,15.103333333333333,2.7149154700109372,0.13832186196857554,19.799999999999997,-1.5304409860295007,-0.7408293234414205,0.003914648371566946,0.8840419357925643,0.8660254037844387,-0.49999999999999983,0.2239123438163868
1997-05,12.425806451612903,2.5197754754388244,-0.311255862376417,68.1,-1.085443966188828,-1.8118790921022812,-1.3878287711306045,1.0243835972972652,0.49999999999999994,-0.8660254037844387,0.13832186196857554
1997-06,10.139999999999999,2.316487998163037,-0.5072493376868459,93.0,-0.4110255183309311,-1.5781100130603325,-1.308997802293748,0.6286826712891733,1.2246467991473532e-16,-1.0,-0.311255862376417
1997-07,21.906451612903226,3.0867811876345996,0.1718836029588413,164.6,0.25003187951673084,-0.7438600540258515,-1.0958995194983707,0.49314628546616035,-0.4999999999999998,-0.8660254037844388,-0.5072493376868459
1997-08,26.451612903225808,3.2753171357731525,0.23384720934178116,211.2,0.4021873288343824,-0.06374256450167694,-1.065219103839944,0.5338295023987277,-0.8660254037844384,-0.5000000000000004,0.1718836029588413
1997-09,19.566666666666666,2.973827438165941,-0.3431510883962394,126.1,-0.5769798859155841,-0.18599470978340335,-1.130527169384713,-1.073069489921233,-1.0,-1.8369701987210297e-16,0.23384720934178116
1997-10,45.58064516129032,3.819483178199381,0.3978884446787303,308.3,1.0571587617845297,0.33070407836390764,-0.33474960931054465,-0.3065248366544157,-0.8660254037844386,0.5000000000000001,-0.3431510883962394
1997-11,30.233333333333334,3.408945068452981,-0.11765986829368469,166.29999999999998,0.171550733955674,0.18939056276550228,-0.03961845440853533,-0.6744244883442162,-0.5000000000000004,0.8660254037844384,0.3978884446787303
1997-12,14.64516129032258,2.6841099935562016,-0.48071203727497425,60.8,-0.6753102082016839,0.3925527942245097,0.02000152113169013,-0.6822401303079727,-2.4492935982947064e-16,1.0,-0.11765986829368469
1998-01,37.064516129032256,3.6126600733636094,0.7305689606125085,159.4,1.8646768186010396,0.35643350967496806,0.3490672183386084,-0.4622918372295416,0.49999999999999994,0.8660254037844387,-0.48071203727497425
1998-02,22.178571428571427,3.0991265717582746,0.37021051986370823,146.5,1.7589426325301567,1.2598360012492131,0.6348453802115187,-0.3624215897549743,0.8660254037844386,0.5000000000000001,0.7305689606125085
1998-03,14.193548387096774,2.6527875224271606,0.1579543760245894,106.0,1.0415827940140288,2.3460094070011404,1.2515763705962866,-0.12603861918252363,1.0,6.123233995736766e-17,0.37021051986370823
1998-04,11.533333333333333,2.445241393395569,-0.13135221464679292,88.7,0.027305298243972417,1.062988667433724,0.7223546440141608,0.05918682199573916,0.8660254037844387,-0.49999999999999983,0.1579543760245894
1998-05,16.183870967741935,2.784015127005061,-0.04701621081018059,168.1,0.18141518784140093,0.3089598389622449,0.8238703239290599,0.3721143069204768,0.49999999999999994,-0.8660254037844387,-0.13135221464679292
1998-06,13.053333333333335,2.5690435289942,-0.25469380685568277,117.10000000000001,-0.11717097561664687,-0.15715024380421846,0.8121078419557333,0.4555914905147716,1.2246467991473532e-16,-1.0,-0.04701621081018059
1998-07,16.567741935483873,2.807457547890605,-0.10744003678515313,148.2,0.05652910369739561,-0.1035044262540987,0.33899791315103533,0.42297952897799607,-0.4999999999999998,-0.8660254037844388,-0.25469380685568277
1998-08,32.696774193548386,3.487276424521783,0.44580649809041173,273.5,1.0450044005810226,0.3315949210133177,0.318861094713938,0.596948960380478,-0.8660254037844384,-0.5000000000000004,-0.10744003678515313
1998-09,72.86666666666666,4.288631287074328,0.9716527605121481,437.5,1.682045919095831,1.494292874634929,0.8851632125896293,1.427803332061877,-1.0,-1.8369701987210297e-16,0.44580649809041173
1998-10,77.51612903225806,4.3504860312513225,0.9288912977306718,350.9,1.3366358290092735,2.120083448184576,1.303526960558047,1.479106747995694,-0.8660254037844386,0.5000000000000001,0.9716527605121481
1998-11,44.0,3.784189633918261,0.25758469717159516,191.8,0.3924595131620225,1.767268450375655,1.3689870381150908,1.5094324475025953,-0.5000000000000004,0.8660254037844384,0.9288912977306718
1998-12,51.645161290322584,3.9443965085115686,0.7795744776803928,242.5,1.6830755394462398,1.4875606568338458,1.9444198023106878,1.8382809300104492,-2.4492935982947064e-16,1.0,0.25758469717159516
1999-01,37.516129032258064,3.624770948033518,0.7426798352824173,93.9,0.6840700187578602,1.1344611081679958,2.1796233678496293,1.761511377771673,0.49999999999999994,0.8660254037844387,0.7795744776803928
1999-02,20.107142857142858,3.0010751179644863,0.27215906606992,51.0,-0.11428941652961702,1.4285161215309286,2.0053296381733987,1.594984598408923,0.8660254037844386,0.5000000000000001,0.7426798352824173
1999-03,12.838709677419354,2.5524648007992914,0.05763165439672013,66.9,0.32849938252660027,0.2872556975072373,1.4462650149573304,1.4349205821526074,1.0,6.123233995736766e-17,0.27215906606992
1999-04,9.34,2.234306252240751,-0.3422873558016106,35.0,-1.0129346553716028,-0.7293004898201607,0.5198346552375573,1.316414462081672,0.8660254037844387,-0.49999999999999983,0.05763165439672013
1999-05,8.2,2.1041341542702074,-0.726897183545034,90.69999999999999,-0.7204463046587134,-0.9651370206616137,0.05129381915166909,1.167070448254468,0.49999999999999994,-0.8660254037844387,-0.3422873558016106
1999-06,20.636666666666667,3.027069428863031,0.20333209301314792,209.4,0.736368693720603,-0.3925521071965614,-0.38062155590764163,1.4173225937014402,1.2246467991473532e-16,-1.0,-0.726897183545034
1999-07,32.096774193548384,3.4687555326734465,0.5538579479976882,190.0,0.5270800330510345,0.19087343149821048,-0.2405777511564174,1.5558341624530136,-0.4999999999999998,-0.8660254037844388,0.20333209301314792
1999-08,15.161290322580646,2.718745490218958,-0.3227244362124133,112.0,-0.9403138859930644,0.1809438034719107,-0.4982040832021867,1.109631409366824,-0.8660254037844384,-0.5000000000000004,0.5538579479976882
1999-09,25.493333333333332,3.238416980075036,-0.07856154648714408,189.1,0.052431039493320675,-0.2472232845364985,-0.5224817733932792,0.5217358829171308,-1.0,-1.8369701987210297e-16,-0.3227244362124133
1999-10,35.67741935483871,3.574517977597134,0.1529232440764834,158.3,-0.19327392347569583,-0.7151599330234837,-0.41457457356251487,-0.04959614130893139,-0.8660254037844386,0.5000000000000001,-0.07856154648714408
1999-11,89.63333333333334,4.495727274606709,0.9691223378600435,342.0,1.4091033532206636,0.6064986507218414,0.40682050156319943,0.3449938875586838,-0.5000000000000004,0.8660254037844384,0.1529232440764834
1999-12,43.16129032258065,3.7649440362030275,0.6001220053718517,127.39999999999999,0.4478128874521839,0.8296808574965456,0.3154566284564917,-0.016834267635627155,-2.4492935982947064e-16,1.0,0.9691223378600435
2000-01,20.677419354838708,3.0290422524355236,0.14695113968442275,83.89999999999999,0.4602399049200127,1.2575512974391723,0.27477929132946244,-0.03212854988262777,0.49999999999999994,0.8660254037844387,0.6001220053718517
2000-02,15.310344827586206,2.7285287324457506,-0.0003873194488157594,68.1,0.3329595481863979,0.47094532921760945,0.6402335801721548,0.0016839457782978605,0.8660254037844386,0.5000000000000001,0.14695113968442275
2000-03,9.564516129032258,2.2580600139526337,-0.23677313244993758,27.7,-0.7704482841959006,-0.1525362602469149,0.665100012756948,-0.11590645105225955,1.0,6.123233995736766e-17,-0.0003873194488157594
2000-04,9.193333333333333,2.218478583697046,-0.3581150243453157,61.699999999999996,-0.413200864596797,-0.6710960457312697,0.6499212327102355,-0.052541644219336596,0.8660254037844387,-0.49999999999999983,-0.23677313244993758
2000-05,19.364516129032257,2.963442325772651,0.1324109879574098,257.0,0.9169343075757874,0.2067749640738253,0.3007280914987931,0.4487506687210295,0.49999999999999994,-0.8660254037844387,-0.3581150243453157
2000-06,11.816666666666666,2.4695109643100266,-0.35422637153985637,65.7,-0.8125891354901049,-0.0963096420623264,-0.2842324870867811,0.05563220141492499,1.2246467991473532e-16,-1.0,0.1324109879574098
2000-07,8.167741935483871,2.100192485784875,-0.8147050988908835,57.199999999999996,-1.3520586656166014,-0.40609309699625906,-0.7665813281448689,-0.34688154252807635,-0.4999999999999998,-0.8660254037844388,-0.35422637153985637
2000-08,20.287096774193547,3.0099850570643114,-0.031484869367059964,175.60000000000002,-0.021761206621695978,-1.2002510100431896,-0.7723405940031506,-0.10444328635425917,-0.8660254037844384,-0.5000000000000004,-0.8147050988908835
2000-09,25.933333333333334,3.2555291425162363,-0.06144938404594402,275.0,0.7195446010569442,-0.1528870431924497,-0.2666383083364021,0.18103263801513111,-1.0,-1.8369701987210297e-16,-0.031484869367059964
2000-10,22.096774193548388,3.095431633777079,-0.3261630997435718,125.4,-0.5651641150985082,-0.035695965656239004,-0.39101272161754375,0.05323986710141574,-0.8660254037844386,0.5000000000000001,-0.06144938404594402
2000-11,19.9,2.990719731730447,-0.5358852050162191,,,,,,-0.5000000000000004,0.8660254037844384,-0.3261630997435718
2000-12,16.270967741935483,2.789382399605618,-0.3754396312255577,115.2,0.2786615566903058,,,,-2.4492935982947064e-16,1.0,-0.5358852050162191
2001-01,9.870967741935484,2.2895978974672344,-0.5924932152838664,59.7,-0.1667977485478775,,,,0.49999999999999994,0.8660254037844387,-0.3754396312255577
2001-02,10.242857142857144,2.3265805985502617,-0.40233545334430465,47.4,-0.22102072112440105,-0.13802121357004793,,,0.8660254037844386,0.5000000000000001,-0.5924932152838664
2001-03,12.193548387096774,2.5009069911344413,0.006073844731870004,79.5,0.5825674660108343,-0.05381630947283849,,,1.0,6.123233995736766e-17,-0.40233545334430465
2001-04,7.596666666666667,2.027709554589483,-0.5488840534528787,67.5,-0.3087322940367457,-0.2418059847226858,,,0.8660254037844387,-0.49999999999999983,0.006073844731870004
2001-05,17.919354838709676,2.8858814045945382,0.054850066779296824,168.8,0.18811284969176018,0.007137529153411661,-0.18869851517565375,,0.49999999999999994,-0.8660254037844387,-0.5488840534528787
2001-06,6.34,1.8468787684491346,-0.9768585674007484,74.4,-0.674401987903171,-0.5502494527880922,-0.6706012187883581,,1.2246467991473532e-16,-1.0,0.054850066779296824
2001-07,7.016129032258065,1.9482116460435925,-0.9666859386321658,150.79999999999998,0.08807213667445626,-0.323681332988068,-0.504550348045919,,-0.4999999999999998,-0.8660254037844388,-0.9768585674007484
2001-08,29.238709677419354,3.37549350522865,0.33402357879727873,241.5,0.7281228257706484,-0.07615799309100257,-0.15719051083376687,,-0.8660254037844384,-0.5000000000000004,-0.9666859386321658
2001-09,21.466666666666665,3.066501344442198,-0.25047718211998227,94.2,-0.976012423638431,-0.2735519481347775,-0.6392801741103099,,-1.0,-1.8369701987210297e-16,0.33402357879727873
2001-10,18.62258064516129,2.9243748575817414,-0.49721987593890926,167.3,-0.1003860803350353,-0.4505302915405773,-0.6120293987065679,,-0.8660254037844386,0.5000000000000001,-0.25047718211998227
2001-11,43.61666666666667,3.7754393403080453,0.24883440356137942,308.40000000000003,1.2114972287424015,0.03501638702522905,-0.15716012711197963,-0.2331234982750815,-0.5000000000000004,0.8660254037844384,-0.49721987593890926
2001-12,32.69032258064516,3.487079088556663,0.3222570577254871,158.1,0.8309168386197806,0.8570420658273047,0.32075818937061445,-0.15106579471921563,-2.4492935982947064e-16,1.0,0.24883440356137942
2002-01,17.57741935483871,2.8666150871039067,-0.015476025647194191,48.9,-0.5035597083161473,1.0702353743455226,0.29670341190873073,-0.1733652891378595,0.49999999999999994,0.8660254037844387,0.3222570577254871
2002-02,16.375,2.7957557815213154,0.06683972962674911,40.3,-0.4490459869060128,0.14008591390162525,0.023936327537589133,-0.2183229641720039,0.8660254037844386,0.5000000000000001,-0.015476025647194191
2002-03,10.26258064516129,2.328504332985068,-0.16632881341750316,80.1,0.5939830834766293,-0.3062729849835755,0.6460546211385437,-0.21290236368571241,1.0,6.123233995736766e-17,0.06683972962674911
2002-04,23.248,3.1462191068279273,0.5696254987855656,222.4,1.4134845460337635,1.0749337949577924,1.2477927371165953,0.2184568983482959,0.8660254037844387,-0.49999999999999983,-0.16632881341750316
2002-05,26.98677419354839,3.295346901307836,0.4643155634925944,124.7,-0.27693327969299714,0.6830277940596695,0.553004419284916,0.1227147410223067,0.49999999999999994,-0.8660254037844387,0.5696254987855656
2002-06,31.12333333333333,3.437957805827725,0.614220469977842,89.0,-0.46451903596987565,0.18801853770457444,-0.06059965069622758,0.1800067766604682,1.2246467991473532e-16,-1.0,0.4643155634925944
2002-07,10.690967741935484,2.3693992487165016,-0.5454983359592567,111.0,-0.43804197325915,-0.7504426496884953,-0.12703154688302615,0.07031591960139477,-0.4999999999999998,-0.8660254037844388,0.614220469977842
2002-08,13.288709677419355,2.5869147782764528,-0.4545551481549186,139.3,-0.5148744065407213,-0.9023829664435434,-0.22476087988097923,-0.19160835371071674,-0.8660254037844384,-0.5000000000000004,-0.5454983359592567
2002-09,20.836333333333336,3.0366982577072417,-0.2802802688549386,,,,,,-1.0,-1.8369701987210297e-16,-0.4545551481549186
2002-10,10.403225806451612,2.342115931750681,-1.07947880176997,102.89999999999999,-0.8567604502753693,,,,-0.8660254037844386,0.5000000000000001,-0.2802802688549386
2002-11,9.666666666666666,2.268683541318364,-1.2579213954283017,33.1,-1.7625822986545938,,,,-0.5000000000000004,0.8660254037844384,-1.07947880176997
2002-12,8.816129032258065,2.176582888448876,-0.9882391423822998,104.39999999999999,0.11867215074399953,-1.4936841997055506,,,-2.4492935982947064e-16,1.0,-1.2579213954283017
2003-01,8.396774193548387,2.1278476075153736,-0.7542435052357273,102.3,0.8603355371942304,-0.6857932238728017,,,0.49999999999999994,0.8660254037844387,-0.9882391423822998
2003-02,7.996428571428572,2.0789950134295054,-0.6499210384650609,96.5,0.9335877109897358,0.7003588349247291,,,0.8660254037844386,0.5000000000000001,-0.7542435052357273
2003-03,5.487096774193549,1.70239929491667,-0.7924338514859013,36.0,-0.47422846516902434,0.5757482082151839,-1.069800752413281,,1.0,6.123233995736766e-17,-0.6499210384650609
2003-04,27.863333333333333,3.327311607042955,0.7507179990005932,580.0,3.471960215881722,3.2203346062797316,1.5952780957757229,,0.8660254037844387,-0.49999999999999983,-0.7924338514859013
2003-05,26.18064516129032,3.2650204034665133,0.43398906565127193,207.6,0.5336765326596724,2.4251686994482253,2.469648878642425,,0.49999999999999994,-0.8660254037844387,0.7507179990005932
2003-06,25.0,3.2188758248682006,0.3951384890183176,184.6,0.5362170271658462,2.3165547795345027,2.432445184742254,,1.2246467991473532e-16,-1.0,0.43398906565127193
2003-07,19.80322580645161,2.9858448439483043,0.07094725927254597,125.8,-0.2306885900568514,0.3274242865151715,1.9504036439647467,,-0.4999999999999998,-0.8660254037844388,0.3951384890183176
2003-08,25.364516129032257,3.233351194512324,0.19188126808095252,151.2,-0.3451649912042478,-0.10645489718377918,1.615785821934397,,-0.8660254037844384,-0.5000000000000004,0.07094725927254597
2003-09,20.263333333333332,3.0088130130925212,-0.30816551346965904,148.5,-0.33377752499034774,-0.6376892738369341,1.36648726217984,0.6544194562329201,-1.0,-1.8369701987210297e-16,0.19188126808095252
2003-10,30.85483870967742,3.4292935843951615,0.007698850874510832,175.6,-0.017549375017791215,-0.6171227119026322,-0.2554062720594105,0.801798881765,-0.8660254037844386,0.5000000000000001,-0.30816551346965904
2003-11,93.06,4.533244446416503,1.0066395096698368,557.4,2.4544046887508832,1.4018999184751793,0.8555249282230589,2.005630665763934,-0.5000000000000004,0.8660254037844384,0.007698850874510832
2003-12,39.34838709677419,3.6724549853772097,0.5076329545460339,156.0,0.8063415891658702,1.8757949117236246,0.9709383822368134,2.0327762005899537,-2.4492935982947064e-16,1.0,1.0066395096698368
2004-01,18.187096774193545,2.9007123741948657,0.018621261443764858,60.7,-0.13778860362361423,2.212461259964999,1.1244298273544455,2.018058967451047,0.49999999999999994,0.8660254037844387,0.5076329545460339
2004-02,14.048275862068964,2.642499673806231,-0.08641637808833513,70.8,0.3964426297972721,0.5504173366591011,1.3634958711708267,2.032327018711078,0.8660254037844386,0.5000000000000001,0.018621261443764858
2004-03,12.446774193548388,2.5214614884184656,0.02662834201589437,173.20000000000002,1.9457900562764157,1.3524618972885363,2.1607551670563083,2.244800302302621,1.0,6.123233995736766e-17,-0.08641637808833513
2004-04,9.772333333333334,2.2795552638793546,-0.2970383441630071,70.0,-0.26562440171928153,0.8541258195170238,2.0599389252614184,1.0818961110018452,0.8660254037844387,-0.49999999999999983,0.02662834201589437
2004-05,54.193548387096776,3.9925618679121584,1.161530530096917,278.0,1.0653908097333866,1.1678746412242118,1.1913711223136123,1.299100265598217,0.49999999999999994,-0.8660254037844387,-0.2970383441630071
2004-06,21.373333333333335,3.0621440390732424,0.23840670322335944,94.2,-0.3952740465106007,0.2200510584135247,0.6361175932616724,1.0910802789418375,1.2246467991473532e-16,-1.0,1.161530530096917
2004-07,21.87741935483871,3.085455025206392,0.17055744053063382,151.8,0.10011345378805082,0.35614885839129234,0.5949565844929611,1.1861079508659969,-0.4999999999999998,-0.8660254037844388,0.23840670322335944
2004-08,14.72258064516129,2.6893824135027744,-0.35208751292859697,80.0,-1.512604419409367,-0.997740287178018,0.10697824984104809,0.972841234237728,-0.8660254037844384,-0.5000000000000004,0.17055744053063382
2004-09,63.34566666666667,4.148606501375724,0.8316279748135438,,,,,,-1.0,-1.8369701987210297e-16,-0.35208751292859697
2004-10,29.43548387096774,3.3822008809715003,-0.0393938525491504,201.6,0.22657266268033688,,,,-0.8660254037844386,0.5000000000000001,0.8316279748135438
2004-11,63.96,4.158257887965753,0.6316529512190874,209.7,0.5361341968472597,,,,-0.5000000000000004,0.8660254037844384,-0.0393938525491504
2004-12,17.838709677419356,2.8813707970371887,-0.2834512337939872,51.9,-0.8839971842185813,0.014430337615425521,,,-2.4492935982947064e-16,1.0,0.6316529512190874
2005-01,15.287096774193548,2.7270091244883963,-0.15508198826270458,117.7,1.1605906065693263,0.31220486022695776,,,0.49999999999999994,0.8660254037844387,-0.2834512337939872
2005-02,9.5825,2.259938518272573,-0.46897753362199346,28.5,-0.899964201400349,-0.42806511322535923,,,0.8660254037844386,0.5000000000000001,-0.15508198826270458
2005-03,6.40258064516129,1.8567011348983993,-0.638132011504172,1.3,-3.151742006164836,-0.6506280956607273,-0.2861675215185753,,1.0,6.123233995736766e-17,-0.46897753362199346
2005-04,6.1466666666666665,1.815909929460338,-0.7606836785820237,146.7,0.7306018535840069,-0.4423689463716915,-0.07468058173733019,,0.8660254037844387,-0.49999999999999983,-0.638132011504172
2005-05,28.421935483870968,3.3471612232308106,0.5161298854155691,260.3,0.9407666955813785,0.577335068230656,0.19660730455131117,,0.49999999999999994,-0.8660254037844387,-0.7606836785820237
2005-06,27.779999999999998,3.3243163373261977,0.5005790014763147,77.3,-0.6306919431301595,0.43350528227446944,0.07704095849034921,,1.2246467991473532e-16,-1.0,0.5161298854155691
2005-07,34.435483870967744,3.5390875406176336,0.6241899559418753,254.7,1.1404678189771777,0.6688137069698519,0.31489969884646957,,-0.4999999999999998,-0.8660254037844388,0.5005790014763147
2005-08,41.13548387096775,3.7168711035508046,0.6754011771194333,135.8,-0.5664785014384319,-0.0696503516779472,0.22063130725568703,,-0.8660254037844384,-0.5000000000000004,0.6241899559418753
2005-09,18.366666666666667,2.910537427490759,-0.40644109907142134,155.3,-0.26468156043882574,0.05483592435807112,0.22949231337752743,0.013148108115766938,-1.0,-1.8369701987210297e-16,0.6754011771194333
2005-10,115.83225806451614,4.752143093397387,1.3305483598767363,613.8,2.713629199193592,1.509169191038698,1.3087151971863997,1.0710978900024337,-0.8660254037844386,0.5000000000000001,-0.40644109907142134
2005-11,49.91,3.9102213834815176,0.38361644673485173,142.7,-0.05415083471952124,1.5167406152055327,0.9655315037908686,0.8779852859849956,-0.5000000000000004,0.8660254037844384,1.3305483598767363
2005-12,25.270967741935483,3.2296562167465845,0.06483418591540868,48.9,-0.9600543562014371,1.565570955450915,1.0865794378785223,0.8097570591187027,-2.4492935982947064e-16,1.0,0.38361644673485173
2006-01,23.419354838709676,3.1535628103396496,0.2714716975885487,107.2,0.9588532301794,-0.22548959396849214,0.9691939315111839,0.8216117899549984,0.49999999999999994,0.8660254037844387,0.06483418591540868
2006-02,20.90357142857143,3.039920026121971,0.3110039742274049,34.4,-0.6608262382347767,-0.5240872841866333,1.132198611314444,0.857861110066348,0.8660254037844386,0.5000000000000001,0.2714716975885487
2006-03,16.276774193548388,2.789739195581573,0.2949060491790019,118.9,1.2384756659753244,0.8768954900930143,1.7060600811804914,1.112644276240359,1.0,6.123233995736766e-17,0.3110039742274049
2006-04,14.678333333333335,2.686372483589313,0.10977887554695132,189.2,1.1357926475722415,1.0726968290572965,0.33950553100750985,1.223672947065249,0.8660254037844387,-0.49999999999999983,0.2949060491790019
2006-05,13.770967741935483,2.62256258927877,-0.20846874853647135,92.8,-0.6899623825182675,0.5350787197031482,0.11457253018877148,0.8376982970016388,0.49999999999999994,-0.8660254037844387,0.10977887554695132
2006-06,33.09466666666667,3.4993721415052566,0.6756348056553736,354.0,1.6766552478140804,1.114488990424309,1.2836710773292435,1.555041088154558,1.2246467991473532e-16,-1.0,-0.20846874853647135
2006-07,47.270967741935486,3.8558963172407172,0.9409987325649589,316.1,1.6372200510639574,1.3584550596866756,1.5534030236241838,1.7424733283612799,-0.4999999999999998,-0.8660254037844388,0.6756348056553736
2006-08,26.274193548387096,3.2685872235569535,0.22711729712558215,159.9,-0.22630328885242332,1.6946552146351097,1.4491380420990982,1.7251688902987519,-0.8660254037844384,-0.5000000000000004,0.9409987325649589
2006-09,17.73,2.8752581200861167,-0.4417204064760636,172.6,-0.09731712288239147,0.5746008787191241,1.0400368762365826,1.8252885306835303,-1.0,-1.8369701987210297e-16,0.22711729712558215
2006-10,46.49032258064516,3.839244174388792,0.4176494408681415,176.3,-0.010680162129251578,-0.4163123545942832,0.6601793882296245,0.7181276406529223,-0.8660254037844386,0.5000000000000001,-0.4417204064760636
2006-11,34.016666666666666,3.526850600587744,0.00024566384107815864,104.0,-0.48721938744685755,-0.6085514336724348,0.6697201544115249,0.5926254779136858,-0.5000000000000004,0.8660254037844384,0.4176494408681415
2006-12,20.270967741935483,3.00918970189632,-0.155632328934856,74.9,-0.38479627605819255,-0.6335581026050114,-0.10593768222121343,0.6032952736915934,-2.4492935982947064e-16,1.0,0.00024566384107815864
2007-01,15.174193548387096,2.719596192099271,-0.16249492065183002,28.5,-1.3186608183224882,-0.972675753703693,-1.002784835968481,0.427268646072464,0.49999999999999994,0.8660254037844387,-0.155632328934856
2007-02,13.924999999999999,2.6336857858133476,-0.09523026608121876,19.0,-1.3741410480506324,-1.5323497725629116,-1.14332236757449,0.3871902908347437,0.8660254037844386,0.5000000000000001,-0.16249492065183002
2007-03,11.600322580645162,2.451032906401972,-0.043800240000599455,76.0,0.5148255702591998,-1.072771309553608,-1.0477530172461031,0.24976853104619753,1.0,6.123233995736766e-17,-0.09523026608121876
2007-04,11.134333333333332,2.4100334276402195,-0.16656018040214216,94.4,0.10810382522379233,-0.2965198977515538,-0.9770889895216924,-0.02872388376797788,0.8660254037844387,-0.49999999999999983,-0.043800240000599455
2007-05,10.536774193548387,2.354871442526174,-0.4761598952890673,100.1,-0.5876202754946895,-0.3138326688056788,-1.1341579572674247,0.02015724466465592,0.49999999999999994,-0.8660254037844387,-0.16656018040214216
2007-06,12.387333333333334,2.516674445142453,-0.30706289070742976,109.1,-0.20987519034877647,-0.5977224672139947,-1.1168742781575989,-0.7233083550302831,1.2246467991473532e-16,-1.0,-0.4761598952890673
2007-07,17.96483870967742,2.8884164424944205,-0.02648114218133779,139.4,-0.05286808571823824,-0.5967813361231051,-0.7634021004993441,-1.3497669608768983,-0.4999999999999998,-0.8660254037844388,-0.30706289070742976
2007-08,23.801935483870967,3.1697669002226263,0.12829697379125493,152.5,-0.3271357951964282,-0.4832659465112069,-0.64692982112565,-1.2571096260885106,-0.8660254037844384,-0.5000000000000004,-0.02648114218133779
2007-09,17.956666666666667,2.8879614480243325,-0.42901707853784776,147.6,-0.3430749884837386,-0.5515572744929313,-0.8651320069461431,-1.3192781726970348,-1.0,-1.8369701987210297e-16,0.12829697379125493
2007-10,56.15483870967742,4.028112852176477,0.6065181186558264,413.2,1.709236580069337,0.6638850828319359,-0.015330808322797512,-0.5614075941345045,-0.8660254037844386,0.5000000000000001,-0.42901707853784776
2007-11,19.003333333333334,2.9446144023753806,-0.5819905343712852,79.4,-0.8251491486124939,0.3798483066959349,-0.14057689396889603,-0.6572735517034686,-0.5000000000000004,0.8660254037844384,0.6065181186558264
2007-12,20.97741935483871,3.04344659038996,-0.12137544044121595,205.1,1.3334282758655343,1.1338838194586311,0.38016641573436777,-0.30296782942709327,-2.4492935982947064e-16,1.0,-0.5819905343712852
2008-01,12.066129032258065,2.4904022738332676,-0.39168883891783324,95.3,0.7141406865484604,0.3152941790782924,0.5767930951594487,-0.10282621044861903,0.49999999999999994,0.8660254037844387,-0.12137544044121595
2008-02,10.568965517241379,2.357921925389792,-0.37099412650477426,40.8,-0.4321181664466912,1.0433714632401794,0.6884983259148854,-0.057561200918261224,0.8660254037844386,0.5000000000000001,-0.39168883891783324
2008-03,12.432258064516128,2.5202945514951196,0.02546140509254835,24.6,-0.8974438755512798,-0.43829942208142475,0.886071744747912,-0.20938365669193318,1.0,6.123233995736766e-17,-0.37099412650477426
2008-04,35.056333333333335,3.556956291403675,0.9803626833613133,141.8,0.6792190728803043,-0.1059476105953862,0.08108704526489663,-0.08578508701981775,0.8660254037844387,-0.49999999999999983,0.02546140509254835
2008-05,10.433548387096774,2.3450264208473692,-0.4860049169678722,50.699999999999996,-1.4319607090899484,-0.7432982339151718,-0.07149257771974588,-0.20655174637947182,0.49999999999999994,-0.8660254037844387,0.9803626833613133
2008-06,12.806333333333333,2.5499398402232045,-0.27379749562667843,94.3,-0.39396741121596884,-0.713174023241534,-0.9823049866122201,-0.23793413357762844,1.2246467991473532e-16,-1.0,-0.4860049169678722
2008-07,7.934516129032258,2.0712223727910497,-0.8436752118847086,43.099999999999994,-1.627096730108541,-1.8277531074673834,-1.6009276059602406,-0.5445588557660827,-0.4999999999999998,-0.8660254037844388,-0.27379749562667843
2008-08,19.32741935483871,2.9615247796433795,-0.07994514678799192,182.0,0.058271804885752704,-1.045707082686169,-1.323569939489425,-0.3867419309027964,-0.8660254037844384,-0.5000000000000004,-0.8436752118847086
2008-09,108.16000000000001,4.683611612294654,1.3666330857324738,738.8,2.9925779095222786,1.8982836171940805,0.9385584481949203,1.255181596238211,-1.0,-1.8369701987210297e-16,-0.07994514678799192
2008-10,36.4741935483871,3.5966049844560533,0.17501025093540257,167.0,-0.10342953254547795,2.2152468445905056,0.6729208746289148,0.5876879983505169,-0.8660254037844386,0.5000000000000001,1.3666330857324738
2008-11,22.81,3.1271990362962967,-0.39940590045036917,101.3,-0.5213599858874471,1.8627286335619244,0.8048455421761597,0.6199197794484101,-0.5000000000000004,0.8660254037844384,0.17501025093540257
2008-12,13.883870967741936,2.6307278043624285,-0.5340942264687474,65.7,-0.5694862525047262,-0.7760843641911469,0.9179376858426215,0.19999859243202317,-2.4492935982947064e-16,1.0,-0.39940590045036917
2009-01,20.20967741935484,3.0061615698509767,0.12407045709987585,113.6,1.0832494299482134,-0.3602991447367354,1.5120194823269362,0.27022303559719985,0.49999999999999994,0.8660254037844387,-0.5340942264687474
2009-02,14.189285714285715,2.6524871526453495,-0.07642889924921681,38.7,-0.5042148581191328,-0.18794315728430858,1.551495909452827,0.26047607761437686,0.8660254037844386,0.5000000000000001,0.12407045709987585
2009-03,16.758064516129032,2.8188796060541357,0.3240464596515644,228.9,2.5406466422327667,2.08016854569115,0.2410359944300873,0.7867994655922841,1.0,6.123233995736766e-17,-0.07642889924921681
2009-04,11.671666666666665,2.4571642524393713,-0.1194293556029904,54.4,-0.554961300868573,0.9167344422629742,0.15690223952514804,0.5563778075907594,0.8660254037844387,-0.49999999999999983,0.3240464596515644
2009-05,24.488709677419354,3.1982121818430502,0.3671808440278088,234.4,0.7481524711355921,1.1508847488419987,0.8535531137569854,1.0737585623236652,0.49999999999999994,-0.8660254037844387,-0.1194293556029904
2009-06,51.11,3.933980172780188,1.110242836930305,261.5,1.112089924601685,0.744766855283716,1.4248340797565238,1.5106050999439502,1.2246467991473532e-16,-1.0,0.3671808440278088
2009-07,23.419354838709676,3.1535628103396496,0.23866522566389126,171.0,0.32224853793045766,0.9843908957606159,1.156781683969714,1.8587821152412856,-0.4999999999999998,-0.8660254037844388,1.110242836930305
2009-08,14.97741935483871,2.70654369054073,-0.3349262358906415,87.1,-1.3790663292394882,0.22655432081214164,0.812870467531525,1.5632112824225366,-0.8660254037844384,-0.5000000000000004,0.23866522566389126
2009-09,34.163333333333334,3.531152944175362,0.21417441761318168,267.90000000000003,0.6700157271190711,-0.05223271326317508,0.3857439490120613,0.43585272006632947,-1.0,-1.8369701987210297e-16,-0.3349262358906415
2009-10,36.45161290322581,3.59598570722124,0.1743909737005893,114.69999999999999,-0.6993899574168699,-0.6514492328627444,0.234578589176712,0.25536587882654954,-0.8660254037844386,0.5000000000000001,0.21417441761318168
2009-11,26.746666666666666,3.2864098549855703,-0.2401950817610956,120.9,-0.28642288635868696,-0.3178887982492673,-0.206115026888512,0.2854810443268225,-0.5000000000000004,0.8660254037844384,0.1743909737005893
2009-12,45.641935483870974,3.8208269317167605,0.6560049008855846,163.8,0.8965747670230865,-0.3541245005168698,-0.41210716516179974,0.49256604866345727,-2.4492935982947064e-16,1.0,-0.2401950817610956
2010-01,32.36129032258064,3.47696296539351,0.594871852642409,111.8,1.0487287141915345,0.41696671153405757,-0.31942042734782583,0.5166261355620021,0.49999999999999994,0.8660254037844387,0.6560049008855846
2010-02,27.314285714285713,3.3074098515619874,0.5784937996674211,16.6,-1.5209647680570455,0.5958566674044151,-0.06947845609297687,0.4623367536256202,0.8660254037844386,0.5000000000000001,0.594871852642409
2010-03,28.470967741935485,3.3488848923503007,0.8540517459477295,38.4,-0.39769816369966343,-0.3441750027787938,-0.5291697438217384,-0.09020703112803893,1.0,6.123233995736766e-17,0.5784937996674211
2010-04,40.47,3.7005609588877744,1.1239673508454127,181.0,1.0625294128848126,0.1803047389303047,0.2986399883947384,0.2573243596433612,0.8660254037844387,-0.49999999999999983,0.8540517459477295
2010-05,44.34516129032258,3.792003599992228,0.9609722621769867,265.7,0.9793493552351304,0.9889586950403014,1.048605702221314,0.376020354866194,0.49999999999999994,-0.8660254037844387,1.1239673508454127
2010-06,58.39333333333333,4.067201728066833,1.2434643922169504,286.90000000000003,1.2781323038793226,1.498275487040014,1.2995752797558136,0.463090186412424,1.2246467991473532e-16,-1.0,0.9609722621769867
2010-07,71.76451612903226,4.273390149563942,1.3584925648881834,315.8,1.6349466034947595,1.736187282233714,1.550116246361136,0.8773197904886401,-0.4999999999999998,-0.8660254037844388,1.2434643922169504
2010-08,35.958064516129035,3.5823533849104314,0.54088345847906,138.1,-0.5324771646618506,1.3150312084271643,1.4335562050080817,0.9862821949813716,-0.8660254037844384,-0.5000000000000004,1.3584925648881834
2010-09,30.663333333333334,3.4230675868209564,0.10608906025877607,132.5,-0.5048394910992,0.26697375366622034,1.144157543078486,0.6895311337244246,-1.0,-1.8369701987210297e-16,0.54088345847906
2010-10,36.02258064516129,3.5841459819666004,0.1625512484459497,328.9,1.1951639290517289,0.0909675942887997,1.2282261038890634,1.187013499070595,-0.8660254037844386,0.5000000000000001,0.10608906025877607
2010-11,36.84666666666667,3.6067651577370072,0.08016022099034137,147.7,-0.004339166709385143,0.230573989573043,0.8761665074477842,1.2239944724269511,-0.5000000000000004,0.8660254037844384,0.1625512484459497
2010-12,33.41612903225807,3.50903868857891,0.34421665774773436,140.3,0.6154241659256182,0.7808093662576175,0.6070706737279171,1.1011571313354631,-2.4492935982947064e-16,1.0,0.08016022099034137
2011-01,19.53548387096774,2.972232497638093,0.09014138488699208,33.4,-1.0923262213961449,-0.06560789715617993,-0.09022093535787531,0.9548829293653369,0.49999999999999994,0.8660254037844387,0.34421665774773436
2011-02,14.332142857142857,2.662504767097667,-0.0664112847968994,53.1,-0.05438124159494601,-0.0864680582197599,0.10385955300522516,1.076141240713266,0.8660254037844386,0.5000000000000001,0.09014138488699208
2011-03,11.365483870967742,2.430581031934291,-0.06425211446828039,42.699999999999996,-0.26852511388601025,-0.9677078372389815,0.3869867027892796,1.0389591479403066,1.0,6.123233995736766e-17,-0.0664112847968994
2011-04,14.783666666666667,2.6935229677475965,0.11692935970523477,81.2,-0.08456500329434889,-0.4365828721256221,-0.3773395955077905,0.7881544055619806,0.8660254037844387,-0.49999999999999983,-0.06425211446828039
2011-05,65.6258064516129,4.183969009622763,1.352937671807522,389.09999999999997,1.7512214380043536,1.1279531115204036,0.8730922289738221,1.1435907758469983,0.49999999999999994,-0.8660254037844387,0.11692935970523477
2011-06,31.259999999999998,3.4423393249933305,0.6186019891434476,188.9,0.5721114168570325,1.2089667461740452,0.8236649950402004,0.9104496958519217,1.2246467991473532e-16,-1.0,1.352937671807522
2011-07,59.33870967741935,4.083261870059682,1.168364285383924,346.40000000000003,1.860277889280841,1.9249107473847382,1.5402444136817495,1.0154431728442304,-0.4999999999999998,-0.8660254037844388,0.6186019891434476
2011-08,113.1774193548387,4.7289566702071975,1.687486743775826,901.6999999999999,4.753424308817087,3.771818319946892,3.3670609868561767,2.692346107027902,-0.8660254037844384,-0.5000000000000004,1.168364285383924
2011-09,60.28666666666666,4.099110962644224,0.7821324360820441,216.3,0.281755161402517,3.5224902962668407,3.1388057054703786,2.9342479800423322,-1.0,-1.8369701987210297e-16,1.687486743775826
2011-10,31.712903225806453,3.4567236398877323,0.03512890636708166,79.0,-1.2117618919511868,2.6015152729709,2.8251871091623997,2.358294171238013,-0.8660254037844386,0.5000000000000001,0.7821324360820441
2011-11,29.416666666666668,3.3815614071452966,-0.14504352960136924,203.2,0.48493093854114533,-0.3457035003395646,2.447514675737442,2.4408848737319486,-0.5000000000000004,0.8660254037844384,0.03512890636708166
2011-12,20.461290322580645,3.018534824154705,-0.14628720667647066,119.3,0.33677675645927874,-0.34138340720609783,2.5290275388028105,2.307734282692885,-2.4492935982947064e-16,1.0,-0.14504352960136924
2012-01,17.583870967741937,2.866982059585089,-0.015109053166011854,45.1,-0.634207210303508,0.2391301838828742,2.1060102496879396,2.4167264073705272,0.49999999999999994,0.8660254037844387,-0.14628720667647066
2012-02,11.872068965517242,2.474188495498216,-0.25472755639635025,84.3,0.6920114509334162,0.15509287364405552,-0.28659684445206807,2.5755411008180595,0.8660254037844386,0.5000000000000001,-0.015109053166011854
2012-03,20.463225806451614,3.018629412145254,0.5237962657426829,163.7,1.8331524469748037,1.2322223683417646,0.14139321097634824,2.716507523785269,1.0,6.123233995736766e-17,-0.25472755639635025
2012-04,21.445333333333334,3.0655070614868087,0.48891345344444703,234.5,1.5081811274212131,2.0046082397421947,1.2167545869869785,3.059237439848097,0.8660254037844387,-0.49999999999999983,0.5237962657426829
2012-05,46.12903225806452,3.8314425187688066,1.0004111809535652,360.5,1.5879005193552103,2.1835950348410296,2.0208012844963408,3.0658002372650506,0.49999999999999994,-0.8660254037844387,0.48891345344444703
2012-06,18.71333333333333,2.929236282265627,0.10549894641574387,81.1,-0.5750124075625026,1.2764504943234927,1.5731059124572178,2.8721074182334814,1.2246467991473532e-16,-1.0,1.0004111809535652
2012-07,27.083870967741937,3.2989383834613317,0.3840407987855734,123.9,-0.25645450173578027,0.5491107993961921,1.361549750619811,2.4504979083189773,-0.4999999999999998,-0.8660254037844388,0.10549894641574387
2012-08,25.887096774193548,3.2537446505190246,0.21227472408765324,154.4,-0.30095788227172665,-0.7616580758335898,1.0870949279093625,0.5872531096197111,-0.8660254037844384,-0.5000000000000004,0.3840407987855734
2012-09,12.426666666666668,2.519844701149281,-0.7971338254128995,44.7,-1.777055961722775,-1.3162902089843196,0.1220195553991761,0.16436342668192702,-1.0,-1.8369701987210297e-16,0.21227472408765324
2012-10,27.612903225806452,3.3182831716565957,-0.10331156186405499,243.9,0.5834640935927764,-0.8181382704777396,-0.201274905539708,0.5763851485833411,-0.8660254037844386,0.5000000000000001,-0.7971338254128995
2012-11,20.743333333333332,3.0322249099130167,-0.4943800268336491,146.5,-0.01618854672304618,-0.7160440427611783,-1.1108643501814148,0.4016155348124191,-0.5000000000000004,0.8660254037844384,-0.10331156186405499
2012-12,23.816129032258065,3.1703630415799737,0.00554101074879787,125.1,0.41677016294397956,0.2919010038032277,-0.7726586646808737,0.36494744197429246,-2.4492935982947064e-16,1.0,-0.4943800268336491
2013-01,15.151612903225805,2.7181069885478033,-0.16398412420329755,60.699999999999996,-0.13778860362361423,0.008805889219434954,-0.7229082668746268,0.4318292973608132,0.49999999999999994,0.8660254037844387,0.00554101074879787
2013-02,13.410714285714286,2.5960539610289857,-0.13286209086558065,35.0,-0.6381790418935979,-0.15536142139702613,-0.7226116397129142,0.29591781199395273,0.8660254037844386,0.5000000000000001,-0.16398412420329755
2013-03,12.396129032258063,2.5173842490563914,0.0225511026538201,100.19999999999999,0.9480661987715637,0.07544164527460083,0.2228002311183679,0.1031430266871868,1.0,6.123233995736766e-17,-0.13286209086558065
2013-04,18.363666666666667,2.910374074766489,0.3337804667241273,74.8,-0.1857529666896562,-0.0769881816375472,-0.1438985563644951,-0.37842220518126485,0.8660254037844387,-0.49999999999999983,0.0225511026538201
2013-05,26.493548387096773,3.276901246261,0.4458699084457587,179.0,0.2836712909754797,0.25451971298147225,0.022153953507062524,-0.9379686686274371,0.49999999999999994,-0.8660254037844387,0.3337804667241273
2013-06,31.45,3.4483989831464497,0.6246616472965667,177.1,0.47229478429961325,0.16047570167945646,0.051271777735362234,-0.6118028975590527,1.2246467991473532e-16,-1.0,0.4458699084457587
2013-07,35.50645161290323,3.5697144155441998,0.6548168308684414,310.1,1.5914935140021491,0.9815393886574038,0.743063581919355,-0.03317619633888915,-0.4999999999999998,-0.8660254037844388,0.6246616472965667
2013-08,22.296774193548387,3.1044420130046997,0.06297208657332831,,,,,,-0.8660254037844384,-0.5000000000000004,0.6548168308684414
2013-09,37.20333333333333,3.616398362999514,0.2994198364373335,222.4,0.33057928639864104,,,,-1.0,-1.8369701987210297e-16,0.06297208657332831
2013-10,40.46774193548387,3.7005051613213307,0.27891042780068,183.7,0.06087929500010499,,,,-0.8660254037844386,0.5000000000000001,0.2994198364373335
2013-11,41.013333333333335,3.713897217089224,0.1872922803425583,89.2,-0.6827175570724002,-0.36360400157841216,,,-0.5000000000000004,0.8660254037844384,0.27891042780068
2013-12,44.15483870967742,3.7877025180928374,0.6228804872616616,163.6,0.8942961669699169,-0.13536660096112738,,,-2.4492935982947064e-16,1.0,0.1872922803425583
2014-01,26.4741935483871,3.2761704301505197,0.3940793173994188,61.4,-0.11767432054935506,-0.11569703954789419,,,0.49999999999999994,0.8660254037844387,0.6228804872616616
2014-02,28.457142857142856,3.3483991960951847,0.6194831442006183,33.3,-0.7030783403792213,0.2565126615597418,-0.2574141660672195,,0.8660254037844386,0.5000000000000001,0.3940793173994188
2014-03,17.38064516129032,2.8553572400510627,0.3605240936484915,31.9,-0.6137047196340992,-1.0152246024538756,-0.5465726231801961,,1.0,6.123233995736766e-17,0.6194831442006183
2014-04,18.763333333333332,2.9319046108078255,0.3553110027654638,65.9,-0.33690592874598513,-1.0230036224304753,-0.6791271116447132,,0.8660254037844387,-0.49999999999999983,0.3605240936484915
2014-05,22.5,3.1135153092103742,0.2824839713951328,247.6,0.8479477378975206,0.2004410452411505,0.1819415494188175,,0.49999999999999994,-0.8660254037844387,0.3553110027654638
2014-06,17.46333333333333,2.8601034447520184,0.03636610890213543,7.6,-2.178707387246164,-0.48203520774126607,-0.9810067690703903,,1.2246467991473532e-16,-1.0,0.2824839713951328
2014-07,15.3,2.72785282839839,-0.1870447562773685,61.300000000000004,-1.2728705028979332,-0.8049545713360302,-1.2727978723828415,,-0.4999999999999998,-0.8660254037844388,0.03636610890213543
2014-08,27.961290322580645,3.330821065177058,0.2893511387456864,252.4,0.8389232399233838,-1.031855387674524,-0.6693070480208008,-0.686948667354066,-0.8660254037844384,-0.5000000000000004,-0.1870447562773685
2014-09,32.843333333333334,3.4917487816662733,0.17477025510409305,212.0,0.2467993818524178,-0.053874169516955686,-0.44119122022168883,-0.6881078231788887,-1.0,-1.8369701987210297e-16,0.2893511387456864
2014-10,15.538709677419355,2.7433343091510287,-0.678260424369622,40.5,-1.8977052911498915,-0.43929598515173607,-0.9106428549618875,-1.1837446889479362,-0.8660254037844386,0.5000000000000001,0.17477025510409305
2014-11,39.16,3.6676558176623097,0.14105088091564388,292.5,1.1132115478797115,-0.09391404681802427,-0.8095493940755253,-0.5464017338663237,-0.5000000000000004,0.8660254037844384,-0.678260424369622
2014-12,15.35483870967742,2.7314306497462737,-0.43339138108490216,72.10000000000001,-0.43925621246093277,-0.3196461695799203,-0.3904714291195675,-0.86146182594451,-2.4492935982947064e-16,1.0,0.14105088091564388
2015-01,15.470967741935485,2.738965218668213,-0.14312589408288767,83.7,0.4555888646129343,0.7154220167567107,0.04086266750709699,-0.8022883645995308,0.49999999999999994,0.8660254037844387,-0.43339138108490216
2015-02,14.268928571428571,2.658084346079056,-0.07083170581551013,81.1,0.6249276111008762,0.026790489462499956,-0.13033112740862368,-0.6954377968914389,0.8660254037844386,0.5000000000000001,-0.14312589408288767
2015-03,9.778387096774193,2.2801745519159238,-0.21465859448664748,45.3,-0.1947371245363823,0.2651249372594824,-0.262267641198842,-0.630911305984318,1.0,6.123233995736766e-17,-0.07083170581551013
2015-04,8.842333333333332,2.1795507935549616,-0.3970428144874001,15.799999999999999,-1.7164833685375966,-0.8695380577596677,0.09821272123041791,-0.8148802728588889,0.8660254037844387,-0.49999999999999983,-0.21465859448664748
2015-05,5.93258064516129,1.7804593030257434,-1.050572034789498,25.7,-2.1372379184843893,-2.2618422273656913,-1.6719853604524815,-1.5678682661478058,0.49999999999999994,-0.8660254037844387,-0.3970428144874001
2015-06,4.643666666666666,1.535504284055978,-1.288233051793905,31.7,-1.502266172935666,-2.987230297881449,-2.2221393649316794,-1.4716135450709054,1.2246467991473532e-16,-1.0,-1.050572034789498
2015-07,4.699032258064515,1.54735658497571,-1.3675409997000483,37.699999999999996,-1.7275435703464563,-2.9633578974328154,-2.83040260984184,-1.586315467176308,-0.4999999999999998,-0.8660254037844388,-1.288233051793905
2015-08,7.231935483870967,1.978506702125162,-1.0629632243062093,115.4,-0.8842965912442425,-2.0199848935068374,-3.1187038287743434,-1.9603750442731496,-0.8660254037844384,-0.5000000000000004,-1.3675409997000483
2015-09,6.004666666666666,1.7925369446934414,-1.524441581868739,54.7,-1.5953080417148569,-2.0643068083141447,-3.5469884574665995,-2.592230010846013,-1.0,-1.8369701987210297e-16,-1.0629632243062093
2015-10,19.903548387096773,2.9908980267443317,-0.430696706776319,241.9,0.5675321760428739,-1.0178287326542999,-2.4094552660929205,-1.787697193547623,-0.8660254037844386,0.5000000000000001,-1.524441581868739
2015-11,29.703333333333333,3.391259272956519,-0.1353456637901469,239.5,0.7584594434489034,-0.14095475090611032,-1.439788509072208,-2.0035630578976,-0.5000000000000004,0.8660254037844384,-0.430696706776319
2015-12,33.067741935483866,3.4985582433042093,0.3337362124730334,176.1,1.0334013883030189,0.9617484580653195,-0.658869968878508,-1.6284812419442267,-2.4492935982947064e-16,1.0,-0.1353456637901469
2016-01,17.919354838709676,2.8858814045945382,0.0037902918434373767,66.6,0.02710306325868157,0.8986933228453442,-0.20092109571444966,-1.7274525399279237,0.49999999999999994,0.8660254037844387,0.3337362124730334
2016-02,14.210689655172414,2.6539944740187495,-0.07492157787581677,67.2,0.3114283765638726,0.7627970987668536,0.14653160033596974,-1.873295616358428,0.8660254037844386,0.5000000000000001,0.0037902918434373767
2016-03,17.82903225806452,2.880828154354071,0.38599500795149977,56.199999999999996,0.0864073916135824,-0.00607094888167705,0.8395828811224519,-1.7631832218953887,1.0,6.123233995736766e-17,-0.07492157787581677
2016-04,20.142,3.0028071872259527,0.42621357918359104,245.0,1.5879191697449708,1.2613571966783006,1.2186760479271408,-0.9930700728446602,0.8660254037844387,-0.49999999999999983,0.38599500795149977
2016-05,36.099999999999994,3.586292865338835,0.7552615275235937,118.7,-0.3485005737717927,0.6425749182897188,0.8253103827127323,-0.6704682827805178,0.49999999999999994,-0.8660254037844387,0.42621357918359104
2016-06,24.95,3.2168738221975275,0.39313648634764453,140.0,0.1270410357270543,0.5277465434751893,0.3853764565782848,-0.3167653009154402,1.2246467991473532e-16,-1.0,0.7552615275235937
2016-07,24.45483870967742,3.1968280985771123,0.28193051390135393,244.0,1.0464353233974182,0.2531642207140672,0.72353868894696,0.3039317165928757,-0.4999999999999998,-0.8660254037844388,0.39313648634764453
2016-08,21.451612903225808,3.065799836170708,0.024329909739336575,158.5,-0.2451507553134558,0.3515629001353481,0.5458663431986955,0.43651807180211016,-0.8660254037844384,-0.5000000000000004,0.28193051390135393
2016-09,15.166666666666666,2.719100037288795,-0.5978784892733855,67.5,-1.3764239551148127,-0.36925234653437333,0.0322929296452444,0.516346729898072,-1.0,-1.8369701987210297e-16,0.024329909739336575
2016-10,25.842903225806452,3.252036026543048,-0.16955870697760256,181.7,0.04172599329093498,-1.046021859053648,-0.5609036070450748,0.31504446606494274,-0.8660254037844386,0.5000000000000001,-0.5978784892733855
2016-11,39.75,3.6826098411003407,0.15600490435367487,300.9,1.1655478704635458,-0.06719009734410325,0.04147300045255333,0.4562076947708297,-0.5000000000000004,0.8660254037844384,-0.16955870697760256
2016-12,26.693548387096776,3.2844219027660717,0.11959987193489585,105.7,0.1384991588800387,0.6486274764902253,0.09756864199143997,0.2176565533517734,-2.4492935982947064e-16,1.0,0.15600490435367487
2017-01,18.07741935483871,2.8946636099777057,0.012572497226604806,42.6,-0.7243854651312517,0.7204023824345038,-0.3593483444295159,0.17167829788886602,0.49999999999999994,0.8660254037844387,0.11959987193489585
2017-02,13.072142857142856,2.570483466541932,-0.15843258535263427,18.9,-1.3799761058734177,-0.835845550433264,-0.4252120811082994,0.022116336605039918,0.8660254037844386,0.5000000000000001,0.012572497226604806
2017-03,16.098709677419354,2.778739124519027,0.2839059781164557,118.7,1.2355291773964916,-0.14529787780203954,0.49030392012838064,0.1915290897256833,1.0,6.123233995736766e-17,-0.15843258535263427
2017-04,36.001333333333335,3.583555974807293,1.0069623667649314,189.5,1.138434427030568,0.9561221093484144,0.9247021930585514,0.02386204503666056,0.8660254037844387,-0.49999999999999983,0.2839059781164557
2017-05,28.370967741935484,3.3453663596924668,0.5143350218772254,122.4,-0.30408173612701167,0.7017146184905995,0.14974156049219184,0.06274781299030503,0.49999999999999994,-0.8660254037844387,1.0069623667649314
2017-06,19.493333333333332,2.9700725267734134,0.14633519092353042,63.0,-0.8578665801509515,-0.15130665358022716,-0.3344174219162201,-0.15090707555610028,1.2246467991473532e-16,-1.0,0.5143350218772254
2017-07,21.593548387096774,3.07239458429208,0.1574969996163218,235.6,0.9707808625943413,-0.17128647065168223,0.22789724272875728,-0.1753856122212669,-0.4999999999999998,-0.8660254037844388,0.14633519092353042
2017-08,29.34193548387097,3.37901773795118,0.3375478115198085,156.1,-0.27770648727376823,-0.14777668683344772,0.2562873479685085,-0.1365669393044198,-0.8660254037844384,-0.5000000000000004,0.1574969996163218
2017-09,84.03666666666666,4.431253211537947,1.1142746849757668,,,,,,-1.0,-1.8369701987210297e-16,0.3375478115198085
2017-10,71.41290322580646,4.268478570466377,0.8468838369457266,,,,,,-0.8660254037844386,0.5000000000000001,1.1142746849757668
2017-11,70.29333333333334,4.252676962646032,0.7260720258993665,,,,,,-0.5000000000000004,0.8660254037844384,0.8468838369457266
2017-12,26.86774193548387,3.2909263824561483,0.12610435162497247,44.0,-1.0918053322387336,,,,-2.4492935982947064e-16,1.0,0.7260720258993665
2018-01,27.01290322580645,3.2963146490998967,0.41422353634879583,84.9,0.4833862246279532,,,,0.49999999999999994,0.8660254037844387,0.12610435162497247
2018-02,18.42142857142857,2.9135145832720406,0.18459853137747428,47.8,-0.20889405028932753,-0.7053474382045759,,,0.8660254037844386,0.5000000000000001,0.41422353634879583
2018-03,11.142903225806451,2.4108028132750237,-0.0840303331275476,82.39999999999999,0.637232545332384,0.3298813079577738,,,1.0,6.123233995736766e-17,0.18459853137747428
2018-04,10.732,2.3732299325633774,-0.20336367547898426,84.0,-0.04200838992544128,-0.0340321662590342,,,0.8660254037844387,-0.49999999999999983,-0.0840303331275476
2018-05,21.808709677419355,3.082309416492714,0.25127807867747265,190.4,0.3862807638752981,0.2719380620354223,-0.21580049717575,,0.49999999999999994,-0.8660254037844387,-0.20336367547898426
2018-06,15.9,2.766319109226186,-0.05741822662369689,151.5,0.23985146713730868,0.13378245359410873,0.12410300957807421,,1.2246467991473532e-16,-1.0,0.25127807867747265
2018-07,14.516129032258064,2.6752603782792193,-0.23963720639653907,167.5,0.28297031423416363,0.285865315836424,0.122829821820656,,-0.4999999999999998,-0.8660254037844388,-0.05741822662369689
2018-08,19.67096774193548,2.979143830069008,-0.062326096362363526,116.39999999999999,-0.8679945745439849,-0.2654474426688822,-0.11667650739698834,,-0.8660254037844384,-0.5000000000000004,-0.23963720639653907
2018-09,20.08,2.9997242948235283,-0.31725423173865197,79.1,-1.1935899415877222,-1.0418325380816333,-0.673238284802259,,-1.0,-1.8369701987210297e-16,-0.062326096362363526
2018-10,30.92258064516129,3.4314866822403847,0.009891948719733978,128.2,-0.5312406603978607,-1.6099259558469137,-0.8632378520188122,,-0.8660254037844386,0.5000000000000001,-0.31725423173865197
2018-11,31.34,3.444895236927875,-0.08170969981879095,158.3,0.09761043261278218,-1.1672584113133655,-1.0828381409114691,-0.9750476898941025,-0.5000000000000004,0.8660254037844384,0.009891948719733978
2018-12,20.129032258064516,3.0021631638842816,-0.16265886694689424,70.6,-0.4690351938871858,-0.6210722740834732,-1.3074163653163946,-0.9163163721008983,-2.4492935982947064e-16,1.0,-0.08170969981879095
2019-01,15.712903225806452,2.754482236327351,-0.12760887642374996,69.7,0.10982308240744958,-0.22694034692449536,-1.4819770569351167,-0.9803499219077015,0.49999999999999994,0.8660254037844387,-0.16265886694689424
2019-02,13.242857142857144,2.583458323516496,-0.14545772837807025,46.2,-0.2578263867382968,-0.5756765661160721,-1.2718670138944717,-1.0447464193370137,0.8660254037844386,0.5000000000000001,-0.12760887642374996
2019-03,9.319032258064516,2.2320587883346574,-0.2627743580679138,42.199999999999996,-0.28306814507101946,-0.4791557447330944,-0.8241568162027969,-1.1422306586030246,1.0,6.123233995736766e-17,-0.14545772837807025
2019-04,8.738333333333333,2.1677194773563864,-0.40887413068597533,217.5,1.37422080923187,0.7896687038725445,0.16604641627090516,-0.7320055208257757,0.8660254037844387,-0.49999999999999983,-0.2627743580679138
2019-05,10.287741935483872,2.3309530831491485,-0.5000782546660929,138.8,-0.11757420373826917,0.5212639628368566,0.07914887392211538,-0.8822272237874984,0.49999999999999994,-0.8660254037844387,-0.40887413068597533
2019-06,9.620000000000001,2.263844264677615,-0.5598930711722678,47.300000000000004,-1.1490898345241987,0.012111375385822621,-0.29756205458460516,-1.2287996024147771,1.2246467991473532e-16,-1.0,-0.5000782546660929
2019-07,16.086774193548386,2.7779974557303313,-0.13690012894542702,147.2,0.044305114466617085,-0.6942815913243,-0.2584483613201828,-1.3231878099904064,-0.4999999999999998,-0.8660254037844388,-0.5598930711722678
2019-08,38.539032258064516,3.651671552605169,0.6102016261737977,190.7,0.16422871461112168,-0.5869989626015237,-0.1521602721024778,-0.9583389390666314,-0.8660254037844384,-0.5000000000000004,-0.13690012894542702
2019-09,19.34333333333333,2.9623478295344072,-0.35463069702777306,139.7,-0.42630296991108707,-0.3249245523096164,-0.30837116534076037,-0.7314324789905513,-1.0,-1.8369701987210297e-16,0.6102016261737977
2019-10,16.059677419354838,2.776311622348947,-0.6452831111717039,92.0,-1.012101073591987,-0.9501233773565142,-1.1858002327757526,-0.8732347231234547,-0.8660254037844386,0.5000000000000001,-0.35463069702777306
2019-11,13.932333333333334,2.634212277952059,-0.8923926587946069,76.3,-0.8727997905718838,-1.5888217148024266,-1.5695837238096688,-1.1618549299865835,-0.5000000000000004,0.8660254037844384,-0.6452831111717039
2019-12,11.966129032258063,2.4820800781503887,-0.6827419526807872,124.8,0.41269342324565683,-1.0697361958951663,-1.0720283077203259,-1.007845226203089,-2.4492935982947064e-16,1.0,-0.8923926587946069
2020-01,15.168064516129032,2.719192198940397,-0.16289891381070376,148.0,1.685043592583455,0.12035978103774597,-0.7404580291893299,-0.7706848197181758,0.49999999999999994,0.8660254037844387,-0.6827419526807872
2020-02,11.895172413793103,2.4761326382941036,-0.25278341360046275,76.2,0.5187668888384712,1.1106637654438738,-0.7171208661878834,-0.7212877944801271,0.8660254037844386,0.5000000000000001,-0.16289891381070376
2020-03,11.965483870967741,2.4820261610748378,-0.0128069853277335,111.4,1.125758109516258,1.6590367007135844,-0.19126617196490472,-0.4832353701618416,1.0,6.123233995736766e-17,-0.25278341360046275
2020-04,6.3020000000000005,1.8408670433350829,-0.7357265647072788,31.1,-1.1265135605710184,0.011368837451191976,-0.014093934162991538,-1.1080069736677134,0.8660254037844387,-0.49999999999999983,-0.0128069853277335
2020-05,9.259032258064515,2.2255995354283598,-0.6054318023868817,69.0,-1.0693649892538724,-0.7924060787957253,-0.05890028415143097,-1.3370946931902932,0.49999999999999994,-0.8660254037844387,-0.7357265647072788
2020-06,7.599,2.028016659687648,-0.7957206761622349,31.6,-1.5047958747061112,-2.110790850070425,-0.8556653078760098,-1.3848599479986543,1.2246467991473532e-16,-1.0,-0.6054318023868817
2020-07,51.34645161290322,3.9385958319986623,1.023698247322904,373.4,2.0490835480093033,0.10970791783038397,-0.013122523661779718,-0.6235981958130318,-0.4999999999999998,-0.8660254037844388,-0.7957206761622349
2020-08,16.06064516129032,2.7763718796476304,-0.26509804678374094,99.6,-1.1525505243348992,0.1427687128104372,-0.4440218722437085,-0.8371482518297171,-0.8660254037844384,-0.5000000000000004,1.023698247322904
2020-09,8.377,2.1254898551716725,-1.1914886713905077,216.6,0.2841770617733565,0.7672017303428262,-0.5420193750032337,-0.5610477702784369,-1.0,-1.8369701987210297e-16,-0.26509804678374094
2020-10,54.86451612903225,4.004866803102537,0.5832720695818865,275.1,0.8218206584521054,0.047126324756676656,-0.003705637027102222,-0.042425820634171295,-0.8660254037844386,0.5000000000000001,-1.1914886713905077
2020-11,119.52333333333333,4.783511610330725,1.2569066735840595,375.4,1.5937688694974312,1.3464299612086497,0.9418850209990597,0.7419005342063569,-0.5000000000000004,0.8660254037844384,0.5832720695818865
2020-12,30.141935483870967,3.405917407588816,0.24109537675764026,83.5,-0.22583244612164752,1.2838895681698808,1.308835864026769,0.5794553848743225,-2.4492935982947064e-16,1.0,1.2569066735840595
2021-01,16.593548387096774,2.8090139684382636,-0.0730771443128373,44.5,-0.6555263027553918,1.009081290486094,0.5826518512606871,0.3349135215061213,0.49999999999999994,0.8660254037844387,0.24109537675764026
2021-02,14.542857142857143,2.677099955061109,-0.05181609683345734,36.9,-0.5682124289717472,-0.8682035746012728,0.8783246448058333,0.22170129721557083,0.8660254037844386,0.5000000000000001,-0.0730771443128373
2021-03,10.723225806451614,2.372412025157818,-0.12242112124475346,68.1,0.353993069309415,-0.6176456890757324,0.9916750309484069,0.0871347982680644,1.0,6.123233995736766e-17,-0.05181609683345734
2021-04,8.855666666666668,2.1810575554326794,-0.3955360526096823,56.2,-0.5188188863702582,-0.6251243234026935,0.44594314905622784,0.14718376266302083,0.8660254037844387,-0.49999999999999983,-0.12242112124475346
2021-05,7.434193548387097,2.0060901071007224,-0.824941230714519,69.5,-1.0604974241461982,-0.9538268442359273,-1.390928008127911,0.1781921584705558,0.49999999999999994,-0.8660254037844387,-0.3955360526096823
2021-06,26.841333333333335,3.2899429879684723,0.46620565211858933,215.0,0.7794287994268974,-0.3574722248055906,-0.7136966649262365,0.7035791827195926,1.2246467991473532e-16,-1.0,-0.824941230714519
2021-07,12.851290322580645,2.5534442205086703,-0.36145336416708806,155.7,0.1466056003171803,-0.0668864102921225,-0.44024469706463626,0.10073149321210374,-0.4999999999999998,-0.8660254037844388,0.46620565211858933
2021-08,13.09451612903226,2.5721935264585163,-0.4692763999728551,78.7,-1.5373369534837238,-0.17978018423719147,-0.7804745032611701,0.07091498833356971,-0.8660254037844384,-0.5000000000000004,-0.36145336416708806
2021-09,9.288666666666668,2.2287950190232904,-1.08818350753889,91.7,-1.0105748161401753,-1.2946717442600422,-1.2036342273131344,-0.2532817548944893,-1.0,-1.8369701987210297e-16,-0.4692763999728551
2021-10,23.916129032258063,3.1745530862314855,-0.24704164728916522,177.9,0.0049547863153766155,-1.4443012046670711,-1.0464665294588629,-0.5787476095365244,-0.8660254037844386,0.5000000000000001,-1.08818350753889
2021-11,19.626666666666665,2.976889185752511,-0.5497157509941548,116.0,-0.3425279105358949,-1.0317539089260876,-0.9387213314027588,-1.453076268437805,-0.5000000000000004,0.8660254037844384,-0.24704164728916522
2021-12,18.032258064516128,2.892162268669953,-0.272659762161223,56.5,-0.7732292179582346,-0.6653062670453382,-1.5195526566987596,-1.5644638300879787,-2.4492935982947064e-16,1.0,-0.5497157509941548
2022-01,12.229032258064517,2.503812818037143,-0.378278294713958,30.599999999999998,-1.2184911590915877,-1.013043810408205,-1.8780913279205045,-1.6490948353815829,0.49999999999999994,0.8660254037844387,-0.272659762161223
2022-02,33.82642857142857,3.521242407353589,0.7923263554590227,151.2,1.8267487763121573,0.042232877331798056,-0.8851654048341593,-1.3153456682942408,0.8660254037844386,0.5000000000000001,-0.378278294713958
2022-03,13.740645161290322,2.620358240662037,0.12552509425946567,37.0,-0.44192004481103003,0.3771614839099155,-0.5123896146175254,-1.375809913627337,1.0,6.123233995736766e-17,0.7923263554590227
2022-04,9.154,2.2141909422314505,-0.3624026658109112,65.5,-0.344023503670833,0.34480990441485115,-0.6117704366000449,-1.3786390516456606,0.8660254037844387,-0.49999999999999983,0.12552509425946567
2022-05,10.055483870967741,2.308118144490214,-0.5229131933250275,77.9,-0.9179410891320678,-1.0830270215474687,-0.9504940803334394,-1.3370946931902932,0.49999999999999994,-0.8660254037844387,-0.3624026658109112
2022-06,7.130333333333334,1.9643579841515584,-0.8593793516983246,79.7,-0.5953228382054085,-1.1991937557857435,-1.018818045691833,-1.8312313510216787,1.2246467991473532e-16,-1.0,-0.5229131933250275
2022-07,43.255806451612905,3.767131477583215,0.8522338929074569,263.9,1.2193526879346996,-0.16852748164122963,-0.0919246867496002,-1.4512245429590855,-0.4999999999999998,-0.8660254037844388,-0.8593793516983246
2022-08,14.663225806451614,2.6853427136207317,-0.35612721281063964,101.8,-1.1139746597482585,-0.20408780628130826,-0.8645838893902457,-1.247148917421014,-0.8660254037844384,-0.5000000000000004,0.8522338929074569
2022-09,135.31,4.907568442275553,1.5905899157133723,682.1,2.775023662487935,2.2023987411499286,0.9992395283841757,0.567118876701855,-1.0,-1.8369701987210297e-16,-0.35612721281063964
2022-10,59.1741935483871,4.080485527058548,0.6588907935378976,281.7,0.8699923123062049,2.1337672288525815,1.2810863707961666,0.7974585766358138,-0.8660254037844386,0.5000000000000001,1.5905899157133723
2022-11,82.96000000000001,4.418358563921272,0.891753627174606,353.20000000000005,1.4722384391433803,2.8617886783918007,2.0193844756477204,1.3521062547973604,-0.5000000000000004,0.8660254037844384,0.6588907935378976
2022-12,22.64516129032258,3.119946199540665,-0.04487583129051087,68.3,-0.5155607604899309,1.156930735879148,2.2316675632718215,1.3095394705980774,-2.4492935982947064e-16,1.0,0.891753627174606
2023-01,21.041935483870965,3.046517374316904,0.16442626156580298,133.0,1.4349037136749674,1.2633453486134467,2.2652670563546775,1.6030290789706663,0.49999999999999994,0.8660254037844387,-0.04487583129051087
2023-02,12.767857142857142,2.5469308519588583,-0.18198519993570805,49.1,-0.16995502901670728,0.17324013457275267,2.5933296683816307,1.408600659876355,0.8660254037844386,0.5000000000000001,0.16442626156580298
2023-03,9.462258064516128,2.247311050618066,-0.24752209578450524,36.0,-0.47422846516902434,0.36825741198154366,1.1470787094404744,1.3451506390378065,1.0,6.123233995736766e-17,-0.18198519993570805
2023-04,22.175333333333334,3.0989805600255433,0.5223869519831816,260.5,1.7018458391862379,1.0957514882522037,1.4053999431412076,1.813926839784884,0.8660254037844387,-0.49999999999999983,-0.24752209578450524
2023-05,11.980645161290322,2.483292444433459,-0.34773889338178243,83.9,-0.8227084450751325,0.41526975423300233,0.3272151513750358,1.8772440052186126,0.49999999999999994,-0.8660254037844387,0.5223869519831816
2023-06,11.739,2.4629166318963853,-0.36082070395349763,76.5,-0.6426412563949518,0.10687926135812903,0.113910630333055,1.8928046689669094,1.2246467991473532e-16,-1.0,-0.34773889338178243
2023-07,14.03032258064516,2.641220886055695,-0.27367669862006316,146.70000000000002,0.038173670660524114,-0.8686576660164916,-0.19528068803313234,1.6538350193196094,-0.4999999999999998,-0.8660254037844388,-0.36082070395349763
2023-08,19.816129032258065,2.9864962036847356,-0.05497372274663581,153.7,-0.3105787369389556,-0.6424641893781531,-0.26404403291111295,1.705894839917132,-0.8660254037844384,-0.5000000000000004,-0.27367669862006316
2023-09,12.530666666666667,2.528178973132405,-0.7887995534297754,69.3,-1.3470917177269655,-0.9969795155192387,-0.6662633104410732,0.21566030554171098,-1.0,-1.8369701987210297e-16,-0.05497372274663581
2023-10,36.83096774193548,3.606339006026389,0.18474427250573822,257.3,0.6881000936297192,-0.5866592744289321,-1.0510742140169747,0.11181831136813564,-0.8660254037844386,0.5000000000000001,-0.7887995534297754
2023-11,22.623333333333335,3.1189818220475574,-0.4076231146991085,62.8,-1.0982288203790638,-1.0065606947225627,-1.234310231138145,-0.7735227384071494,-0.5000000000000004,0.8660254037844384,0.18474427250573822
2023-12,17.177419354838708,2.843595693098434,-0.321226337732742,74.0,-0.4021455047715059,-0.38648384405440067,-1.1034899522575168,-0.7856351221055762,-2.4492935982947064e-16,1.0,-0.4076231146991085
2024-01,10.018709677419354,2.304454312655897,-0.5776368000952039,18.5,-1.8875342948184923,-1.508497629064795,-1.4112052827307575,-1.1725576093896044,0.49999999999999994,0.8660254037844387,-0.321226337732742
2024-02,12.510344827586207,2.5265558882545074,-0.20236016364005893,94.6,0.8973171942177322,-0.5678903658696642,-1.1367713412674063,-1.0809180594235683,0.8660254037844386,0.5000000000000001,-0.5776368000952039
2024-03,7.741935483870968,2.046651718856845,-0.4481814275457263,85.0,0.6851855477359441,0.10541603127140202,-0.385688647299942,-0.8824273434087175,1.0,6.123233995736766e-17,-0.20236016364005893
2024-04,28.465,3.348675262403045,0.7720816543606834,259.8,1.696792515256269,1.7384826529723438,0.11867437339331784,-0.9122656027867274,0.8660254037844387,-0.49999999999999983,-0.4481814275457263
2024-05,50.33870967741935,3.9187743572256877,1.0877430194104463,186.0,0.3471727155723012,1.2141022945958782,0.7678878739306119,-0.5633256373672544,0.49999999999999994,-0.8660254037844387,0.7720816543606834
2024-06,38.30333333333333,3.6455369246014326,0.8217995887515497,237.7,0.9469944399230256,1.3056588425394806,1.2224925590138938,-0.05508637300047021,1.2246467991473532e-16,-1.0,1.0877430194104463
2024-07,34.03548387096774,3.5274036236629,0.6125060389871417,123.6,-0.26054472182410987,0.4656776750480498,1.149007865969809,-0.12215970211447316,-0.4999999999999998,-0.8660254037844388,0.8217995887515497
2024-08,60.89354838709678,4.109127231289542,1.0676573048581708,238.7,0.6991448410589052,0.6513175527894798,1.1290089075048695,0.16074173022020383,-0.8660254037844384,-0.5000000000000004,0.6125060389871417
2024-09,34.763333333333335,3.548563191465012,0.2315846649028317,145.5,-0.36491251729556057,-0.1528870431924497,0.7563170424234494,0.4140199237686526,-1.0,-1.8369701987210297e-16,1.0676573048581708
2024-10,37.906451612903226,3.635121324854749,0.21352659133409846,124.1,-0.5810773815674316,-0.4192532586074976,-0.03693750232214557,0.006708343364056478,-0.8660254037844386,0.5000000000000001,0.2315846649028317
2024-11,96.01666666666667,4.564521787510283,1.037916850763617,359.9,1.509408078049537,0.329044021643457,0.5000358994224782,0.7805984633867872,-0.5000000000000004,0.8660254037844384,0.21352659133409846
2024-12,37.39032258064516,3.6214119164095533,0.45658988557837743,57.1,-0.7592576018025048,0.4209254244700726,0.06297626676576495,0.6793643416219215,-2.4492935982947064e-16,1.0,1.037916850763617
2025-01,21.812903225806455,3.0825016857886394,0.2004105730375385,49.1,-0.4968809489011961,0.812736915336771,0.12529442896140808,0.7925301439570587,0.49999999999999994,0.8660254037844387,0.45658988557837743
2025-02,22.45,3.1112906141882632,0.38237456229369693,119.8,1.345323393435006,-0.09558250829528878,0.18636013191982814,0.878793892783591,0.8660254037844386,0.5000000000000001,0.2004105730375385
2025-03,20.467741935483872,3.0188500826692963,0.5240169362667251,94.1,0.8458880159589148,0.9051349163332832,0.6504897573261693,0.861898860153873,1.0,6.123233995736766e-17,0.38237456229369693
2025-04,39.12,3.6666338451666167,1.090040237124255,118.1,0.41276713796652925,0.9935920723706272,1.0127839030107841,0.4896177054239296,0.8660254037844387,-0.49999999999999983,0.5240169362667251
2025-05,25.174193548387095,3.22581940426381,0.39478806644856856,191.0,0.39156719189624456,0.5482669353342665,0.31875448910241694,0.5369232796336031,0.49999999999999994,-0.8660254037844387,1.090040237124255
2025-06,18.336666666666666,2.908902698219257,0.085165362369374,72.4,-0.7051990710238429,-0.11300014569894176,0.14188879831176446,0.08633799293238228,1.2246467991473532e-16,-1.0,0.39478806644856856
2025-07,19.106451612903225,2.950026058797773,0.03512847412201481,82.7,-0.8841360551131632,-0.612509267227663,-0.07877222807893001,-0.03014749984630539,-0.4999999999999998,-0.8660254037844388,0.085165362369374
2025-08,17.993548387096773,2.890013270708242,-0.15145665572312916,102.5,-1.101784047247563,-1.5110201647912844,-0.6969630380307479,-0.39155693266782066,-0.8660254037844384,-0.5000000000000004,0.03512847412201481
2025-09,26.05666666666667,3.2602736535641292,-0.05670487299805105,176.4,-0.06203134322921845,-1.0512492156537878,-0.8651320069461441,-0.26259042504945573,-1.0,-1.8369701987210297e-16,-0.15145665572312916
2025-10,20.72,3.031099417391282,-0.3904953161293685,201.70000000000002,0.2274709975546546,-0.5848370105563764,-0.8891120775739769,-0.06625962156365374,-0.8660254037844386,0.5000000000000001,-0.05670487299805105
2025-11,23.063333333333333,3.13824405484261,-0.38836088190405604,121.4,-0.2807865501695212,-0.34012552897529763,-1.2752577500880027,-0.8078472041443809,-0.5000000000000004,0.8660254037844384,-0.3904953161293685
2025-12,18.80322580645161,2.9340284405663577,-0.23079359026481816,68.89999999999999,-0.5033200089505561,-0.39938714496878147,-1.1503571225583324,-0.8002313432971857,-2.4492935982947064e-16,1.0,-0.38836088190405604
2026-01,16.03548387096774,2.774804008615481,-0.10728710413562004,76.9,0.29288044756185533,-0.46340427201544115,-0.8512611592645343,-0.7224530843822451,0.49999999999999994,0.8660254037844387,-0.23079359026481816
2026-02,18.117857142857144,2.8968980343974406,0.16798198250287433,112.99999999999999,1.2308679937238036,0.26172578028296684,-0.23608911009898811,-0.7924589805363224,0.8660254037844386,0.5000000000000001,-0.10728710413562004
2026-03,15.441935483870967,2.737086891913317,0.24225374551074585,133.9,1.4511307396368933,1.5441870681754404,0.2439094354428409,-0.6405804014335968,1.0,6.123233995736766e-17,0.16798198250287433
2026-04,37.343333333333334,3.6201544039025224,1.0435607958601607,192.0,1.1603468569257416,1.735300794758014,0.6295764157296055,-0.43345605062266934,0.8660254037844387,-0.49999999999999983,0.24225374551074585
2026-05,12.635483870967741,2.536509036186639,-0.29452230162860227,77.0,-0.9326722410069451,0.5465495419604676,0.4878963151920045,-0.7740581577877832,0.49999999999999994,-0.8660254037844387,1.0435607958601607
2026-06,9.336666666666668,2.2339493006039075,-0.5897880352459755,31.5,-1.5073293629202573,-0.6186892887239867,0.038335700365232275,-0.8987085547519117,1.2246467991473532e-16,-1.0,-0.29452230162860227
2026-07,8.273548387096774,2.1130634843760965,-0.8018341002996618,24.5,-1.9260248745604795,-2.430078130659103,-0.5875722942159745,-1.1149464060783714,-0.4999999999999998,-0.8660254037844388,-0.5897880352459755
2026-08,8.100526315789473,2.091929036825422,-0.9495408896059492,,,,,,-0.8660254037844384,-0.5000000000000004,-0.8018341002996618
