,discharge_cfs_mean,log_q,log_q_anomaly,precip_mm_sum,spi_1,spi_3,spi_6,spi_12,month_sin,month_cos,log_q_anomaly_lag1
1946-09,162.83333333333334,5.092727182814728,-0.4666335679541609,88.5,-0.7663960364749045,-1.273069745368772,-0.5600359390062009,-1.2929518611911621,-1.0,-1.8369701987210297e-16,
1946-10,240.48387096774192,5.482653022713692,-0.32625392884582993,91.4,-0.716999410215553,-1.27605308522942,-0.9355546547584231,-1.5217293693911726,-0.8660254037844386,0.5000000000000001,-0.4666335679541609
1946-11,152.9,5.029784112935016,-0.6510205826818343,146.2,-0.21741325646421292,-1.0517116473351815,-0.9509150041822121,-1.3916585926230318,-0.5000000000000004,0.8660254037844384,-0.32625392884582993
1946-12,285.64516129032256,5.654750345731788,0.404232500127927,188.6,0.5663706986123553,-0.2821278702208792,-0.8987080249579092,-0.8314659229616168,-2.4492935982947064e-16,1.0,-0.6510205826818343
1947-01,229.67741935483872,5.4366757999208755,0.39738041022099324,138.3,0.5215275484152729,0.21829624524768865,-0.5842221278432428,-0.6560837815168917,0.49999999999999994,0.8660254037844387,0.404232500127927
1947-02,141.35714285714286,4.951289615987307,0.08814371812862376,70.3,-0.08042843946271704,0.37274521463628124,-0.4840406410356429,-0.5973484274501294,0.8660254037844386,0.5000000000000001,0.39738041022099324
1947-03,66.0,4.189654742026425,-0.6328904358766811,10.7,-1.7158739688017768,-0.6025942959793726,-0.6550451765364648,-0.8716989214504486,1.0,6.123233995736766e-17,0.08814371812862376
1947-04,70.06666666666666,4.249447169774741,-1.0034998595801268,45.7,-0.7162838696521232,-1.4188047927819603,-0.7503277068273566,-1.1373787042764167,0.8660254037844387,-0.49999999999999983,-0.6328904358766811
1947-05,181.29032258064515,5.20009973840259,-0.33391581345107113,104.89999999999999,-0.4095612290922479,-1.3546075918914569,-0.8845087933998527,-1.235910377038662,0.49999999999999994,-0.8660254037844387,-1.0034998595801268
1947-06,179.96666666666667,5.192771648556132,0.37486512036662756,,,,,,1.2246467991473532e-16,-1.0,-0.33391581345107113
1947-07,57.58064516129032,4.053186489728593,-0.4953945170346996,,,,,,-0.4999999999999998,-0.8660254037844388,0.37486512036662756
1947-08,92.41935483870968,4.526336424663694,-0.3554682589113183,,,,,,-0.8660254037844384,-0.5000000000000004,-0.4953945170346996
1947-09,146.6,4.987707789452551,-0.5716529613163379,,,,,,-1.0,-1.8369701987210297e-16,-0.3554682589113183
1947-10,697.3870967741935,6.547340632169318,0.7384336806097958,,,,,,-0.8660254037844386,0.5000000000000001,-0.5716529613163379
1947-11,210.06666666666666,5.347424940655064,-0.3333797549617863,,,,,,-0.5000000000000004,0.8660254037844384,0.7384336806097958
1947-12,256.0,5.545177444479562,0.29465959887570126,162.7,0.33303207172407445,,,,-2.4492935982947064e-16,1.0,-0.3333797549617863
1948-01,151.8709677419355,5.023031263895021,-0.01626412580486125,103.89999999999999,0.020468538196168822,,,,0.49999999999999994,0.8660254037844387,0.29465959887570126
1948-02,116.6896551724138,4.75951789073964,-0.10362800711904363,76.5,0.030235902881958376,0.0015698704610497773,,,0.8660254037844386,0.5000000000000001,-0.01626412580486125
1948-03,74.87096774193549,4.315766201789291,-0.5067789761138153,43.7,-0.5597497064957796,-0.5516839401365701,,,1.0,6.123233995736766e-17,-0.10362800711904363
1948-04,88.33333333333333,4.481117537318112,-0.7718294920367557,54.7,-0.5532646053346177,-0.8913839299890841,,,0.8660254037844387,-0.49999999999999983,-0.5067789761138153
1948-05,124.3225806451613,4.8228796444891655,-0.7111359073644961,96.1,-0.5183496406099237,-1.0571684792863807,-0.9997525468502274,,0.49999999999999994,-0.8660254037844387,-0.7718294920367557
1948-06,49.13333333333333,3.8945376910871263,-0.923368837102378,86.89999999999999,0.09100909427607254,-0.8297027641710003,-1.0883180332223799,,1.2246467991473532e-16,-1.0,-0.7111359073644961
1948-07,68.12903225806451,4.221403440341006,-0.3271775664222867,148.3,0.4953357734094089,-0.2245673366026844,-0.8448900311249234,,-0.4999999999999998,-0.8660254037844388,-0.923368837102378
1948-08,83.70967741935483,4.427354591114843,-0.45445009246016976,120.9,-0.009483351532563758,0.10922502432444603,-0.7318523547174204,,-0.8660254037844384,-0.5000000000000004,-0.3271775664222867
1948-09,359.53333333333336,5.884806894235017,0.3254461434661282,102.4,-0.48251450702983,-0.10762902286780782,-0.6874664200257887,,-1.0,-1.8369701987210297e-16,-0.45445009246016976
1948-10,212.19354838709677,5.357498822263856,-0.4514081292956664,119.0,-0.22957566873341861,-0.5443793646154165,-0.5829266646085682,,-0.8660254037844386,0.5000000000000001,0.3254461434661282
1948-11,294.23333333333335,5.6843731033580776,0.00356840774122702,141.3,-0.2744504813466724,-0.7407018255421474,-0.476563454243604,-0.9534110873256096,-0.5000000000000004,0.8660254037844384,-0.4514081292956664
1948-12,141.67741935483872,4.95355277870422,-0.29696506689964064,,,,,,-2.4492935982947064e-16,1.0,0.00356840774122702
1949-01,183.5483870967742,5.2124783226352305,0.17318293293534825,87.3,-0.2622189430167279,,,,0.49999999999999994,0.8660254037844387,-0.29696506689964064
1949-02,101.96428571428571,4.624622611914907,-0.23852328594377692,71.2,-0.06396293879451422,,,,0.8660254037844386,0.5000000000000001,0.17318293293534825
1949-03,130.96774193548387,4.874951048110632,0.05240587020752585,90.19999999999999,0.2842994748221764,-0.30180681936654036,,,1.0,6.123233995736766e-17,-0.23852328594377692
1949-04,79.0,4.3694478524670215,-0.8834991768878462,10.2,-1.8254898250115095,-0.9239547103316625,,,0.8660254037844387,-0.49999999999999983,0.05240587020752585
1949-05,84.35483870967742,4.4350321720138774,-1.0989833798397841,139.9,-0.030641710270683926,-0.7007991690676184,,,0.49999999999999994,-0.8660254037844387,-0.8834991768878462
1949-06,65.0,4.174387269895637,-0.6435192582938676,72.3,-0.15183594502858203,-0.9503141091567765,-1.0344127821049602,,1.2246467991473532e-16,-1.0,-1.0989833798397841
1949-07,166.7741935483871,5.116640763017329,0.5680597562540362,210.29999999999998,1.2479037827526218,0.3160072685864769,-0.41133046633514475,,-0.4999999999999998,-0.8660254037844388,-0.6435192582938676
1949-08,273.8709677419355,5.6126570748202465,0.730852391245234,178.0,0.8681568743159518,0.8539467653959227,-0.07081861240363717,,-0.8660254037844384,-0.5000000000000004,0.5680597562540362
1949-09,557.0,6.322565239927284,0.7632044891583956,204.9,1.0685733888742355,1.4840319817289398,0.20190244727802462,,-1.0,-1.8369701987210297e-16,0.730852391245234
1949-10,317.258064516129,5.759715526338013,-0.0491914252215091,193.2,0.7824540112520799,1.2668619444278657,0.851623329701996,,-0.8660254037844386,0.5000000000000001,0.7632044891583956
1949-11,193.33333333333334,5.264415814872355,-0.41638888074449554,76.2,-1.2108904272918082,0.09246679034999139,0.5456161831138234,,-0.5000000000000004,0.8660254037844384,-0.0491914252215091
1949-12,486.93548387096774,6.188131637655793,0.9376137920519323,187.1,0.5534536944739921,-0.08773780413728186,0.7406812138499967,-0.10734951739414184,-2.4492935982947064e-16,1.0,-0.41638888074449554
1950-01,536.4516129032259,6.2849763677018275,1.2456809780019453,,,,,,0.49999999999999994,0.8660254037844387,0.9376137920519323
1950-02,1393.107142857143,7.23929188601017,2.376145988151486,,,,,,0.8660254037844386,0.5000000000000001,1.2456809780019453
1950-03,311.4516129032258,5.741243990377469,0.9186988124743625,0.0,-2.3783289333656707,,,,1.0,6.123233995736766e-17,2.376145988151486
1950-04,610.0,6.413458957167357,1.1605119278124896,,,,,,0.8660254037844387,-0.49999999999999983,0.9186988124743625
1950-05,222.09677419354838,5.403113206677609,-0.13090234517605293,,,,,,0.49999999999999994,-0.8660254037844387,1.1605119278124896
1950-06,157.33333333333334,5.058366696917446,0.24046016872794151,,,,,,1.2246467991473532e-16,-1.0,-0.13090234517605293
1950-07,98.0,4.584967478670572,0.03638647190727973,65.7,-0.9528568325841791,,,,-0.4999999999999998,-0.8660254037844388,0.24046016872794151
1950-08,263.7096774193548,5.574848791280308,0.6930441077052958,168.5,0.7365345397944557,,,,-0.8660254037844384,-0.5000000000000004,0.03638647190727973
1950-09,234.33333333333334,5.456744603142555,-0.10261614762633364,,,,,,-1.0,-1.8369701987210297e-16,0.6930441077052958
1950-10,380.48387096774195,5.941443787356629,0.13253683579710707,,,,,,-0.8660254037844386,0.5000000000000001,-0.10261614762633364
1950-11,503.3333333333333,6.22125264114086,0.5404479455240097,,,,,,-0.5000000000000004,0.8660254037844384,0.13253683579710707
1950-12,298.8709677419355,5.700011934234314,0.4494940886304528,,,,,,-2.4492935982947064e-16,1.0,0.5404479455240097
1951-01,292.3225806451613,5.677857920741937,0.6385625310420551,,,,,,0.49999999999999994,0.8660254037844387,0.4494940886304528
1951-02,152.5,5.0271645960474665,0.16401869818878279,,,,,,0.8660254037844386,0.5000000000000001,0.6385625310420551
1951-03,100.16129032258064,4.606781789882433,-0.2157633880206733,,,,,,1.0,6.123233995736766e-17,0.16401869818878279
1951-04,172.1,5.1480757032174935,-0.10487132613737415,,,,,,0.8660254037844387,-0.49999999999999983,-0.2157633880206733
1951-05,377.0967741935484,5.932501849980968,0.39848629812730607,,,,,,0.49999999999999994,-0.8660254037844387,-0.10487132613737415
1951-06,129.16666666666666,4.861103560125292,0.0431970319357875,50.800000000000004,-0.5805497338566968,,,,1.2246467991473532e-16,-1.0,0.39848629812730607
1951-07,124.16129032258064,4.8215814487986,0.2730004420353076,110.5,-0.07219105153926399,,,,-0.4999999999999998,-0.8660254037844388,0.0431970319357875
1951-08,207.06451612903226,5.333030416826632,0.4512257332516194,118.10000000000001,-0.05907594735346902,-0.5366754220787745,,,-0.8660254037844384,-0.5000000000000004,0.2730004420353076
1951-09,381.5,5.9441108507245115,0.3847500999556228,,,,,,-1.0,-1.8369701987210297e-16,0.4512257332516194
1951-10,496.7741935483871,6.208135583916574,0.39922863235705197,,,,,,-0.8660254037844386,0.5000000000000001,0.3847500999556228
1951-11,210.0,5.3471075307174685,-0.33369716489938206,,,,,,-0.5000000000000004,0.8660254037844384,0.39922863235705197
1951-12,229.03225806451613,5.43386285854426,0.18334501294039907,,,,,,-2.4492935982947064e-16,1.0,-0.33369716489938206
1952-01,678.7096774193549,6.5201934623665,1.4808980726666174,,,,,,0.49999999999999994,0.8660254037844387,0.18334501294039907
1952-02,525.3448275862069,6.264054861433335,1.4009089635746514,,,,,,0.8660254037844386,0.5000000000000001,1.4808980726666174
1952-03,152.74193548387098,5.0287498011350324,0.20620462323192612,,,,,,1.0,6.123233995736766e-17,1.4009089635746514
1952-04,424.5,6.050912005751402,0.7979649763965346,,,,,,0.8660254037844387,-0.49999999999999983,0.20620462323192612
1952-05,642.0967741935484,6.464739030949271,0.9307234790956098,,,,,,0.49999999999999994,-0.8660254037844387,0.7979649763965346
1952-06,108.5,4.686750172980514,-0.13115635520899005,,,,,,1.2246467991473532e-16,-1.0,0.9307234790956098
1952-07,167.25806451612902,5.119537916178482,0.5709569094151892,,,,,,-0.4999999999999998,-0.8660254037844388,-0.13115635520899005
1952-08,127.35483870967742,4.846977196068226,-0.03482748750678599,,,,,,-0.8660254037844384,-0.5000000000000004,0.5709569094151892
1952-09,378.1666666666667,5.935335015551787,0.3759742647828981,,,,,,-1.0,-1.8369701987210297e-16,-0.03482748750678599
1952-10,166.61290322580646,5.115673177068593,-0.6932337744909294,,,,,,-0.8660254037844386,0.5000000000000001,0.3759742647828981
1952-11,125.8,4.8346933442663405,-0.8461113513505101,,,,,,-0.5000000000000004,0.8660254037844384,-0.6932337744909294
1952-12,204.51612903225808,5.320646842946125,0.0701289973422643,,,,,,-2.4492935982947064e-16,1.0,-0.8461113513505101
1953-01,89.35483870967742,4.492615394696238,-0.5466799950036441,,,,,,0.49999999999999994,0.8660254037844387,0.0701289973422643
1953-02,74.21428571428571,4.3069566614839685,-0.5561892363747152,,,,,,0.8660254037844386,0.5000000000000001,-0.5466799950036441
1953-03,71.90322580645162,4.275321128900723,-0.5472240490023834,,,,,,1.0,6.123233995736766e-17,-0.5561892363747152
1953-04,116.03333333333333,4.7538775061492835,-0.4990695232055842,,,,,,0.8660254037844387,-0.49999999999999983,-0.5472240490023834
1953-05,317.741935483871,5.761239529680989,0.22722397782732706,,,,,,0.49999999999999994,-0.8660254037844387,-0.4990695232055842
1953-06,276.3,5.621487231929371,0.8035807037398666,,,,,,1.2246467991473532e-16,-1.0,0.22722397782732706
1953-07,143.48387096774192,4.966222631445272,0.41764162468197963,,,,,,-0.4999999999999998,-0.8660254037844388,0.8035807037398666
1953-08,132.1290322580645,4.883778962234198,0.0019742786591852024,,,,,,-0.8660254037844384,-0.5000000000000004,0.41764162468197963
1953-09,210.51724137931035,5.349567556558331,-0.2097931942105573,,,,,,-1.0,-1.8369701987210297e-16,0.0019742786591852024
1953-10,,,,,,,,,-0.8660254037844386,0.5000000000000001,-0.2097931942105573
1953-11,,,,,,,,,-0.5000000000000004,0.8660254037844384,
1953-12,,,,,,,,,-2.4492935982947064e-16,1.0,
1954-01,,,,,,,,,0.49999999999999994,0.8660254037844387,
1954-02,,,,,,,,,0.8660254037844386,0.5000000000000001,
1954-03,,,,,,,,,1.0,6.123233995736766e-17,
1954-04,,,,,,,,,0.8660254037844387,-0.49999999999999983,
1954-05,,,,,,,,,0.49999999999999994,-0.8660254037844387,
1954-06,,,,,,,,,1.2246467991473532e-16,-1.0,
1954-07,,,,,,,,,-0.4999999999999998,-0.8660254037844388,
1954-08,,,,,,,,,-0.8660254037844384,-0.5000000000000004,
1954-09,,,,,,,,,-1.0,-1.8369701987210297e-16,
1954-10,,,,,,,,,-0.8660254037844386,0.5000000000000001,
1954-11,,,,,,,,,-0.5000000000000004,0.8660254037844384,
1954-12,,,,,,,,,-2.4492935982947064e-16,1.0,
1955-01,,,,,,,,,0.49999999999999994,0.8660254037844387,
1955-02,,,,,,,,,0.8660254037844386,0.5000000000000001,
1955-03,,,,,,,,,1.0,6.123233995736766e-17,
1955-04,,,,77.8,-0.20833585298182453,,,,0.8660254037844387,-0.49999999999999983,
1955-05,,,,202.5,0.5107657684439862,,,,0.49999999999999994,-0.8660254037844387,
1955-06,,,,76.6,-0.07709212935809448,-0.0361325848118865,,,1.2246467991473532e-16,-1.0,
1955-07,,,,174.0,0.8282195302211658,0.4797528180546169,,,-0.4999999999999998,-0.8660254037844388,
1955-08,,,,205.6,1.2264477444227073,0.8249726371222308,,,-0.8660254037844384,-0.5000000000000004,
1955-09,,,,153.4,0.3769892521374717,1.0968935198771952,0.4849102142614907,,-1.0,-1.8369701987210297e-16,
1955-10,,,,147.7,0.2014094772207374,0.7901126445674553,0.6984768609737341,,-0.8660254037844386,0.5000000000000001,
1955-11,,,,115.3,-0.6022736024954147,-0.3209761146987749,0.26870905919251836,,-0.5000000000000004,0.8660254037844384,
1955-12,,,,111.60000000000001,-0.2130589532392265,-0.635883970606754,0.17123408761894726,,-2.4492935982947064e-16,1.0,
1956-01,,,,215.1,1.399726795905943,0.033091228767586287,0.3939836573880515,,0.49999999999999994,0.8660254037844387,
1956-02,,,,187.4,1.4208892709757193,1.0734934283183581,0.49367538070222095,,0.8660254037844386,0.5000000000000001,
1956-03,,,,119.6,0.6728054567959052,1.753911435837347,0.5952307154782777,0.6128474458693787,1.0,6.123233995736766e-17,
1956-04,,,,110.39999999999999,0.17303851217830457,0.8265884915484618,0.4513685781914451,0.6757761684088895,0.8660254037844387,-0.49999999999999983,
1956-05,434.38709677419354,6.07393606462008,0.5399205127664182,341.79999999999995,1.4059385206871782,1.0398898769799056,1.3744420895286127,1.0770933634654873,0.49999999999999994,-0.8660254037844387,
1956-06,334.1333333333333,5.811540114913749,0.9936335867242443,255.1,1.8667128868835257,1.5678386871942578,2.024652355847274,1.4545363978844192,1.2246467991473532e-16,-1.0,0.5399205127664182
1956-07,67.80645161290323,4.2166573469517505,-0.33192365981154204,121.5,0.10482587214049882,1.664945002061533,1.5991919964518142,1.3421066721849488,-0.4999999999999998,-0.8660254037844388,0.9936335867242443
1956-08,251.06451612903226,5.525709942474242,0.6439052588992293,88.1,-0.64870539262096,0.8807832171341644,1.1200559870337154,1.0457715854665623,-0.8660254037844384,-0.5000000000000004,-0.33192365981154204
1956-09,81.4,4.399375273008495,-1.1599854777603937,57.1,-1.5476911738072345,-1.0955565695517748,0.787011731636167,0.803540786802761,-1.0,-1.8369701987210297e-16,0.6439052588992293
1956-10,399.51612903225805,5.990254137438313,0.18134718587879117,108.0,-0.4134563877807979,-1.4608826975869733,0.7454759124875923,0.7100935134905139,-0.8660254037844386,0.5000000000000001,-1.1599854777603937
1956-11,276.0,5.62040086571715,-0.060403829899700945,98.5,-0.842476985957287,-1.6438851965455483,-0.4275821999425933,0.7106996138456529,-0.5000000000000004,0.8660254037844384,0.18134718587879117
1956-12,120.7741935483871,4.793922633112336,-0.4565952124915249,229.1,0.8924169953128361,-0.22085389192966634,-0.7680342772311778,0.9568017164976993,-2.4492935982947064e-16,1.0,-0.060403829899700945
1957-01,61.483870967741936,4.118774879729001,-0.9205205099708813,112.3,0.1519771884150317,0.020275812400387373,-0.8471819315107011,0.6962288845141599,0.49999999999999994,0.8660254037844387,-0.4565952124915249
1957-02,41.607142857142854,3.728271855824597,-1.1348740420340868,35.8,-0.8682908026180126,0.23969255333319806,-0.9261671480261202,0.32118703707379787,0.8660254037844386,0.5000000000000001,-0.9205205099708813
1957-03,40.0,3.6888794541139363,-1.13366572378917,7.3,-1.9279577375074988,-1.368160951094997,-0.9683476900998959,0.0010038256817742845,1.0,6.123233995736766e-17,-1.1348740420340868
1957-04,46.13333333333333,3.8315357545154596,-1.421411274839408,68.7,-0.3342495314002677,-1.6107442499514186,-1.0101545156411114,-0.13771815784802904,0.8660254037844387,-0.49999999999999983,-1.13366572378917
1957-05,41.61290322580645,3.7284102928705716,-1.80560525898309,34.800000000000004,-1.6015901415103477,-1.9064146957565984,-1.286149210967157,-1.1407491577895557,0.49999999999999994,-0.8660254037844387,-1.421411274839408
1957-06,61.96666666666667,4.126596606059288,-0.6913099221302161,117.8,0.526305944674785,-0.9592061578253183,-1.6205457742941398,-1.611159053626345,1.2246467991473532e-16,-1.0,-1.80560525898309
1957-07,49.25806451612903,3.8970731007334862,-0.6515079060298063,91.7,-0.40461866322058043,-0.8446574274539244,-1.7249533822573127,-1.7613933272986126,-0.4999999999999998,-0.8660254037844388,-0.6913099221302161
1957-08,83.96774193548387,4.430432700509419,-0.45137198306559334,133.9,0.21120485790832688,0.009227106963542234,-1.2239454575688393,-1.6167379083079902,-0.8660254037844384,-0.5000000000000004,-0.6515079060298063
1957-09,126.43333333333334,4.839715160026744,-0.7196455907421448,129.4,0.0012393852968627837,-0.25009900074683117,-0.847970219247109,-1.3221841552979177,-1.0,-1.8369701987210297e-16,-0.45137198306559334
1957-10,153.96774193548387,5.0367431125207505,-0.7721638390387717,103.19999999999999,-0.4977184360448678,-0.3242428013050424,-0.911673262138316,-1.3029993766348178,-0.8660254037844386,0.5000000000000001,-0.7196455907421448
1957-11,451.1333333333333,6.111762935130016,0.43095823951316525,204.7,0.381003053332146,-0.16753159780639798,-0.16486665210156798,-0.9118178530408219,-0.5000000000000004,0.8660254037844384,-0.7721638390387717
1957-12,166.4516129032258,5.114704653990462,-0.13581319161339866,119.4,-0.12002562841319273,-0.2749107329454894,-0.38248541995749785,-1.218447911821941,-2.4492935982947064e-16,1.0,0.43095823951316525
1958-01,,,,189.7,1.1356128169340027,0.44882626211596804,0.0863375053599555,-0.9590938842077217,0.49999999999999994,0.8660254037844387,-0.13581319161339866
1958-02,,,,55.699999999999996,-0.37042558959104754,0.15483066364163864,-0.09252213700572921,-0.8860306114169941,0.8660254037844386,0.5000000000000001,
1958-03,,,,44.2,-0.5479789481633653,0.07898857049195951,-0.2706344363050917,-0.8344935598637385,1.0,6.123233995736766e-17,
1958-04,,,,155.5,0.5908697138951473,-0.2027785315795379,0.06553658810262046,-0.5701115504897691,0.8660254037844387,-0.49999999999999983,
1958-05,,,,209.4,0.5632314336968999,0.3073971963352814,0.16098555736994147,-0.04198391879258111,0.49999999999999994,-0.8660254037844387,
1958-06,,,,281.0,2.063436974706767,1.3320226301464615,1.0489522326526217,0.39819044940421555,1.2246467991473532e-16,-1.0,
1958-07,,,,163.79999999999998,0.700219252578881,1.4082200562200475,0.8592971724287056,0.5908748431520476,-0.4999999999999998,-0.8660254037844388,
1958-08,,,,159.2,0.6029043012476029,1.713869327323282,1.0460627040651858,0.649347832396963,-0.8660254037844384,-0.5000000000000004,
1958-09,,,,165.5,0.5517382757801776,0.7920300208802168,1.3189277012244616,0.7528560401602497,-1.0,-1.8369701987210297e-16,
1958-10,,,,129.1,-0.07064435658161428,0.3970878806866247,1.2634770176707955,0.8295749106743059,-0.8660254037844386,0.5000000000000001,
1958-11,,,,97.4,-0.8591778304702625,-0.5068390091862626,0.8055905959278596,0.592210526396146,-0.5000000000000004,0.8660254037844384,
1958-12,,,,60.6,-0.972653324524539,-1.3212276162330014,-0.4137229770794289,0.40650977361359963,-2.4492935982947064e-16,1.0,
1959-01,,,,202.4,1.270305615936878,-0.4985852423305284,-0.22650386382339197,0.43195533011596293,0.49999999999999994,0.8660254037844387,
1959-02,,,,40.5,-0.7356987004918542,-0.29579633429355257,-0.6290138404250555,0.4024217224205746,0.8660254037844386,0.5000000000000001,
1959-03,,,,25.0,-1.0877150473998216,-0.11818420640484227,-1.1862786820202826,0.35106284473459703,1.0,6.123233995736766e-17,
1959-04,,,,318.8,1.6494298441076194,0.6412220996804154,-0.04442748327167122,0.7621923192655568,0.8660254037844387,-0.49999999999999983,
1959-05,,,,270.90000000000003,0.9876025298752581,1.2097786523588665,0.7558313584232925,0.9622735313774362,0.49999999999999994,-0.8660254037844387,
1959-06,,,,18.7,-1.586471669221266,1.1808772441676179,0.8291105491636415,0.21710677631188188,1.2246467991473532e-16,-1.0,
1959-07,,,,109.6,-0.08719046301099041,0.18597436205064855,0.3932935645712182,0.05560907823989933,-0.4999999999999998,-0.8660254037844388,
1959-08,,,,95.7,-0.487746249932947,-1.0830999994650992,0.45587763884339916,-0.1467106249969068,-0.8660254037844384,-0.5000000000000004,
1959-09,,,,109.89999999999999,-0.340217371520584,-0.6110211744806721,0.6081313811272575,-0.2978336676551917,-1.0,-1.8369701987210297e-16,
1959-10,,,,102.9,-0.5030733125215958,-0.870272353904729,-0.4130720041261499,-0.3538596311271171,-0.8660254037844386,0.5000000000000001,
1959-11,,,,165.79999999999998,-0.0014338645622771291,-0.612263788939734,-1.1146922646944541,-0.11359084563856209,-0.5000000000000004,0.8660254037844384,
1959-12,,,,145.3,0.16206203486897997,-0.3630289676581705,-0.6352201447890484,0.126360030921797,-2.4492935982947064e-16,1.0,
1960-01,,,,88.7,-0.237032992584458,-0.2327271899035061,-0.7654384410083309,-0.19181595138012233,0.49999999999999994,0.8660254037844387,
1960-02,,,,70.2,-0.08226679321898814,-0.29031908164211206,-0.6965500340829064,-0.09892658652822912,0.8660254037844386,0.5000000000000001,
1960-03,,,,72.8,0.013322961232539777,-0.4725764139590303,-0.6539291873332752,0.013407503869167501,1.0,6.123233995736766e-17,
1960-04,,,,196.9,0.9088485303278607,0.37534894051413975,-0.06716530951322607,-0.36315759661168684,0.8660254037844387,-0.49999999999999983,
1960-05,,,,161.4,0.17081754892175988,0.41649252127416025,-0.010472583176135194,-0.7244723728918945,0.49999999999999994,-0.8660254037844387,
1960-06,,,,166.4,1.0791141608017603,0.8204155411201296,0.35203007378703544,-0.2623385651168952,1.2246467991473532e-16,-1.0,
1960-07,,,,105.4,-0.15831044330878102,0.37413017675564914,0.3527118274375094,-0.2894378239816856,-0.4999999999999998,-0.8660254037844388,
1960-08,,,,154.0,0.5259444722902089,0.6196107802495311,0.5210323543579372,-0.13023406022564604,-0.8660254037844384,-0.5000000000000004,
1960-09,,,,244.7,1.5289550839096726,0.9008932604246987,0.9747542924753697,0.2739093088825364,-1.0,-1.8369701987210297e-16,
1960-10,302.61290322580646,5.712454441640805,-0.09645250991871723,45.8,-1.8254669359067637,0.3249085339234492,0.36043328394291424,0.1301267217959382,-0.8660254037844386,0.5000000000000001,
1960-11,231.0,5.442417710521793,-0.2383869850950573,124.6,-0.4796590893160222,-0.33069029444396514,0.12275086532401333,0.049683401517916656,-0.5000000000000004,0.8660254037844384,-0.09645250991871723
1960-12,788.1612903225806,6.669702752063624,1.4191849064597628,169.8,0.3993010011190656,-0.8906127525718667,-0.10161545507814919,0.11333846500149285,-2.4492935982947064e-16,1.0,-0.2383869850950573
1961-01,204.29032258064515,5.319542132031284,0.2802467423314017,118.3,0.24193057453458994,-0.14954769459442052,-0.021147773248820754,0.18772655257209842,0.49999999999999994,0.8660254037844387,1.4191849064597628
1961-02,121.71428571428571,4.801676377774003,-0.06146952008468087,43.3,-0.6618746994034772,-0.08377080022279719,-0.36590989815489294,0.1253122166335859,0.8660254037844386,0.5000000000000001,0.2802467423314017
1961-03,219.51612903225808,5.39142571060042,0.5688805326973139,67.5,-0.07770157562220463,-0.4994377637493321,-1.098584722677554,0.09590430288592833,1.0,6.123233995736766e-17,-0.06146952008468087
1961-04,211.2,5.352805551832106,0.09985852247723859,169.0,0.7000124964637845,-0.02410300675400995,-0.28706996581775307,-0.002154035451337678,0.8660254037844387,-0.49999999999999983,0.5688805326973139
1961-05,104.0,4.6443908991413725,-0.8896246527122891,77.9,-0.767809428026223,-0.21307029221609722,-0.4326501719719401,-0.24854844252565056,0.49999999999999994,-0.8660254037844387,0.09985852247723859
1961-06,68.56666666666666,4.227806507990802,-0.5901000201987028,75.3,-0.09938004162789867,-0.24559819148000686,-0.5973810596142908,-0.5369640158113306,1.2246467991473532e-16,-1.0,-0.8896246527122891
1961-07,113.70967741935483,4.733648510761223,0.1850675039979306,165.4,0.720634422178249,-0.30751967928397783,-0.3912749929728543,-0.36842535400467696,-0.4999999999999998,-0.8660254037844388,-0.5901000201987028
1961-08,206.29032258064515,5.329284509527797,0.4474798259527848,119.89999999999999,-0.027105522886470782,0.14408555504197443,-0.17737859910437667,-0.49342150559434605,-0.8660254037844384,-0.5000000000000004,0.1850675039979306
1961-09,194.16666666666666,5.268716896771746,-0.29064385399714254,121.0,-0.1412649698518235,0.17696156207277836,-0.15264009121409694,-0.8726014314792319,-1.0,-1.8369701987210297e-16,0.4474798259527848
1961-10,386.03225806451616,5.95592093608837,0.14701398452884806,123.69999999999999,-0.1545271362419558,-0.3411647462012834,-0.5345311319451069,-0.5914721341952949,-0.8660254037844386,0.5000000000000001,-0.29064385399714254
1961-11,385.3,5.954022251632112,0.2732175560152612,254.4,0.8051051051881966,0.25923901120306714,0.2097454690954654,-0.1593818765813284,-0.5000000000000004,0.8660254037844384,0.14701398452884806
1961-12,152.67741935483872,5.028327325421102,-0.22219052018275942,237.2,0.9530461199509314,0.8109083044518455,0.6323088075390166,0.037405360552964395,-2.4492935982947064e-16,1.0,0.2732175560152612
1962-01,211.93548387096774,5.35628190699351,0.3169865172936275,129.8,0.40620031683320806,1.0053728034345577,0.5555833051792712,0.06441377190521146,0.49999999999999994,0.8660254037844387,-0.22219052018275942
1962-02,114.57142857142857,4.741198458811201,-0.1219474390474824,54.5,-0.396507094870512,0.5285696880388621,0.45046390673868264,0.10429012599925021,0.8660254037844386,0.5000000000000001,0.3169865172936275
1962-03,80.35483870967742,4.386452310777035,-0.43609286712607176,91.1,0.297336599126712,-0.048865034401511326,0.5682952149845207,0.15571775933004237,1.0,6.123233995736766e-17,-0.1219474390474824
1962-04,220.8,5.39725731440294,0.1443102850480722,80.6,-0.17167176421529262,-0.43253738171636774,0.40247119902425194,-0.11585374825920862,0.8660254037844387,-0.49999999999999983,-0.43609286712607176
1962-05,614.3548387096774,6.420572674427558,0.8865571225738966,149.4,0.06077961492394154,-0.17301918919041637,0.0224063952220799,0.09954796938039379,0.49999999999999994,-0.8660254037844387,0.1443102850480722
1962-06,272.3333333333333,5.607026806191893,0.7891202780023887,108.2,0.40016278519271886,-0.1472139916442509,-0.2869615495902444,0.17045766819382785,1.2246467991473532e-16,-1.0,0.8865571225738966
1962-07,159.8709677419355,5.074367038263887,0.5257860315005942,112.6,-0.037510103607693246,0.016860904140671585,-0.4005909417291583,0.01119650685784617,-0.4999999999999998,-0.8660254037844388,0.7891202780023887
1962-08,204.80645161290323,5.322065394685303,0.44026071111029097,93.0,-0.543888609567332,-0.2338652607208003,-0.34792995880961447,-0.08311935324534704,-0.8660254037844384,-0.5000000000000004,0.5257860315005942
1962-09,421.56666666666666,6.043977930217821,0.48461717944893223,81.9,-0.9120958110310063,-0.8809277971981527,-0.6099003249969069,-0.18373168842910073,-1.0,-1.8369701987210297e-16,0.44026071111029097
1962-10,399.8709677419355,5.991141914422492,0.18223496286297003,93.5,-0.6765996242081384,-1.2903264834257264,-0.7634372932263271,-0.25182564709248234,-0.8660254037844386,0.5000000000000001,0.48461717944893223
1962-11,169.86666666666667,5.135013815589844,-0.5457908800270062,139.5,-0.2957416563215456,-1.1516548626945893,-0.964509492036834,-0.5750843465889077,-0.5000000000000004,0.8660254037844384,0.18223496286297003
1962-12,164.0,5.099866427824199,-0.1506514177796623,174.3,0.44035848295947466,-0.40814570445640314,-0.8056790215292097,-0.7346016736374352,-2.4492935982947064e-16,1.0,-0.5457908800270062
1963-01,139.74193548387098,4.939797403635735,-0.09949798606414717,171.5,0.9321265310837406,0.2887341120583917,-0.5281552133571594,-0.6054379387849097,0.49999999999999994,0.8660254037844387,-0.1506514177796623
1963-02,200.78571428571428,5.302238241291273,0.4390923434325895,102.89999999999999,0.4435277080464223,0.6961280320305648,-0.2804132896435012,-0.4514137366584496,0.8660254037844386,0.5000000000000001,-0.09949798606414717
1963-03,214.5483870967742,5.368535293799275,0.5459901158961689,267.7,2.0297267382868545,1.8730904567504443,0.8268662663711992,0.030102163375152393,1.0,6.123233995736766e-17,0.4390923434325895
1963-04,532.8,6.27814611922618,1.025199089871312,126.8,0.3362275010446629,1.2383163814403209,0.937688861874776,0.14250711714506886,0.8660254037844387,-0.49999999999999983,0.5459901158961689
1963-05,1308.8064516129032,7.17687089524717,1.6428553433935082,184.5,0.36811669239534167,1.0689617339839754,1.167295750409009,0.25671178379740583,0.49999999999999994,-0.8660254037844387,1.025199089871312
1963-06,182.3,5.205653681684617,0.3877471534951127,103.99999999999999,0.34264521135739845,0.2874572964454003,1.127978368692599,0.21794190983182254,1.2246467991473532e-16,-1.0,1.6428553433935082
1963-07,131.70967741935485,4.88060008683443,0.3320190800711371,155.2,0.5881943509015134,0.4302506764927948,0.9690047072658321,0.3310668290744749,-0.4999999999999998,-0.8660254037844388,0.3877471534951127
1963-08,239.7741935483871,5.479697620240147,0.5978929366651347,126.2,0.08231788318857966,0.3311883199667642,0.8884256322543825,0.41165376768674017,-0.8660254037844384,-0.5000000000000004,0.3320190800711371
1963-09,203.0,5.313205979041787,-0.24615477172710154,190.5,0.8878613349859207,0.6736564679865807,0.47490560064499177,0.7142171199536614,-1.0,-1.8369701987210297e-16,0.5978929366651347
1963-10,292.4516129032258,5.678299227015648,-0.13060772454387415,108.8,-0.3996634587529908,0.17426947257338832,0.324258057444354,0.764387618609226,-0.8660254037844386,0.5000000000000001,-0.24615477172710154
1963-11,348.03333333333336,5.852298260627955,0.17149356501110447,351.0,1.4960617515791181,1.173156591304126,0.9689355339486444,1.3440868928520755,-0.5000000000000004,0.8660254037844384,-0.13060772454387415
1963-12,108.0,4.68213122712422,-0.5683866184796411,25.7,-1.845714259488359,0.09036302311029125,0.3771118216927891,0.9161544448978125,-2.4492935982947064e-16,1.0,0.17149356501110447
1964-01,82.38709677419355,4.4114288321073385,-0.6278665575925437,57.699999999999996,-0.8760480407980529,-0.013483543205317227,-0.008485515944120389,0.6270735464097599,0.49999999999999994,0.8660254037844387,-0.5683866184796411
1964-02,67.27586206896552,4.208801510636637,-0.6543443872220465,52.1,-0.4498968150386258,-1.992833854734334,-0.17131594052215435,0.5088768095792975,0.8660254037844386,0.5000000000000001,-0.6278665575925437
1964-03,56.03225806451613,4.0259275617559585,-0.7966176161471479,59.7,-0.22081808981724704,-1.1826309426448431,-0.6022923528130392,-0.06514768445644589,1.0,6.123233995736766e-17,-0.6543443872220465
1964-04,79.93333333333334,4.3811929539253045,-0.8717540754295632,175.4,0.7497785453385384,0.028000239245880448,-0.15034776340904712,0.05653567572501571,0.8660254037844387,-0.49999999999999983,-0.7966176161471479
1964-05,77.19354838709677,4.346315883423227,-1.1876996684304348,62.800000000000004,-1.0086547974569462,-0.31423733636828666,-1.6257671521627122,-0.3031189661211067,0.49999999999999994,-0.8660254037844387,-0.8717540754295632
1964-06,70.76666666666667,4.2593880800411,-0.558518448148404,122.5,0.5856074043728068,-0.014041613709057937,-0.707902018992062,-0.2563644322626527,1.2246467991473532e-16,-1.0,-1.1876996684304348
1964-07,45.774193548387096,3.8237204726748963,-0.7248605340883962,143.20000000000002,0.4248583606501342,-0.24266840105208884,-0.3115576235425381,-0.3071137232111029,-0.4999999999999998,-0.8660254037844388,-0.558518448148404
1964-08,105.80645161290323,4.661611496893043,-0.22019318668196952,149.2,0.4533727385535748,0.5436374290589507,-0.02274332554191039,-0.25432742792978846,-0.8660254037844384,-0.5000000000000004,-0.7248605340883962
1964-09,87.23333333333333,4.468586520867991,-1.090774229900898,22.1,-2.9510195151622267,-0.617638505326833,-0.3838498946848069,-0.7657886925882067,-1.0,-1.8369701987210297e-16,-0.22019318668196952
1964-10,273.16129032258067,5.610062427769609,-0.19884452378991302,41.9,-1.9533546668542572,-1.946738031712421,-1.3012977599437998,-0.9564249832838136,-0.8660254037844386,0.5000000000000001,-1.090774229900898
1964-11,109.66666666666667,4.697445462097262,-0.9833592335195886,107.0,-0.7176462573972352,-2.7392873306485175,-1.213137793772479,-1.816040424265036,-0.5000000000000004,0.8660254037844384,-0.19884452378991302
1964-12,83.87096774193549,4.429279519524427,-0.8212383260794338,100.1,-0.3587389824163163,-1.6657905857787014,-1.5151192232338562,-1.4433779569644567,-2.4492935982947064e-16,1.0,-0.9833592335195886
1965-01,101.51612903225806,4.620217692579261,-0.4190776971206214,73.8,-0.5206322233875808,-1.1025881084865872,-2.052928948564712,-1.37999883094159,0.49999999999999994,0.8660254037844387,-0.8212383260794338
1965-02,61.464285714285715,4.118456286036335,-0.7446896118223485,42.7,-0.6774014502611495,-1.0561590143591877,-2.5934884835848444,-1.402885017829278,0.8660254037844386,0.5000000000000001,-0.4190776971206214
1965-03,44.935483870967744,3.8052277692946594,-1.0173174086084469,45.3,-0.5223982217962191,-1.2825457170147225,-2.1728764950246147,-1.5555596236040043,1.0,6.123233995736766e-17,-0.7446896118223485
1965-04,132.5,4.886582645426277,-0.36636438392859105,54.099999999999994,-0.5635045752577142,-1.236776935996902,-1.7924434367251025,-2.0272473015098194,0.8660254037844387,-0.49999999999999983,-1.0173174086084469
1965-05,970.1935483870968,6.877495586012771,1.3434800341591098,521.8,2.2676381743026193,1.2348487796492287,0.4327302724297199,-0.4459433802302531,0.49999999999999994,-0.8660254037844387,-0.36636438392859105
1965-06,253.3,5.5345745570076295,0.7166680288181251,127.4,0.6458683032146174,1.552881959098776,0.7864358283641509,-0.43492119349509856,1.2246467991473532e-16,-1.0,1.3434800341591098
1965-07,198.48387096774192,5.290707842255344,0.7421268354920514,113.0,-0.030953738837669668,1.831840542215899,0.8405957793606138,-0.5469650228378505,-0.4999999999999998,-0.8660254037844388,0.7166680288181251
1965-08,240.5483870967742,5.482921263058649,0.6011165794836364,184.5,0.955603759727103,0.6133865299221751,1.1500985937383166,-0.4550169023729583,-0.8660254037844384,-0.5000000000000004,0.7421268354920514
1965-09,166.76666666666668,5.116595629826049,-0.4427651209428394,170.4,0.6201118852040968,0.6447251260120621,1.4339688399569617,0.00984775618635979,-1.0,-1.8369701987210297e-16,0.6011165794836364
1965-10,182.4516129032258,5.206485003091262,-0.60242194846826,116.0,-0.2785359166687408,0.5272910915406044,1.7032321802182147,0.23882207531971875,-0.8660254037844386,0.5000000000000001,-0.4427651209428394
1965-11,354.5,5.870708345972182,0.18990365035533152,156.9,-0.09723558439871123,-0.12439416985647996,0.2486629395101804,0.41779421868729927,-0.5000000000000004,0.8660254037844384,-0.60242194846826
1965-12,1295.7096774193549,7.166813837480343,1.9162959918764821,540.6999999999999,2.646873076457814,1.7401470526815908,1.5695789574031567,1.4545101398236635,-2.4492935982947064e-16,1.0,0.18990365035533152
1966-01,253.51612903225808,5.5354274463810285,0.49613205668114624,94.8,-0.13034974827711215,1.7732505291002065,1.6467695024936588,1.4854236382121253,0.49999999999999994,0.8660254037844387,1.9162959918764821
1966-02,146.57142857142858,4.987512876675401,0.12436697881671765,99.7,0.39751323790037146,2.157610868370505,1.489768970671203,1.6197002870347048,0.8660254037844386,0.5000000000000001,0.49613205668114624
1966-03,326.741935483871,5.789170671201651,0.9666254932985447,194.3,1.4402911860026373,0.8731538070888851,1.8353684488352715,2.0229156899556777,1.0,6.123233995736766e-17,0.12436697881671765
1966-04,497.03333333333336,6.208657092928752,0.9557100635738847,185.29999999999998,0.8244981961855671,1.14912470371435,1.9392030400984193,2.272471153861838,0.8660254037844387,-0.49999999999999983,0.9666254932985447
1966-05,233.38709677419354,5.452698434580438,-0.08131711727322344,120.0,-0.2368152314394379,0.7343248461755776,1.873664063968819,1.440206660328102,0.49999999999999994,-0.8660254037844387,0.9557100635738847
1966-06,111.96666666666667,4.718201207950138,-0.09970532023936673,76.3,-0.0822124600910174,0.10474880991098205,0.41019787999132135,1.2518840354777185,1.2246467991473532e-16,-1.0,-0.08131711727322344
1966-07,103.70967741935483,4.641595432186573,0.09301442542328076,167.5,0.74723493744071,-0.021646245519315887,0.619252207220671,1.3950976798739534,-0.4999999999999998,-0.8660254037844388,-0.09970532023936673
1966-08,81.16129032258064,4.396438413335185,-0.4853662702398278,155.1,0.5423651826090123,0.429697428438979,0.6666076092474862,1.3206516927138818,-0.8660254037844384,-0.5000000000000004,0.09301442542328076
1966-09,341.3666666666667,5.832957168413282,0.27359641764439324,221.4,1.265833648533339,1.1696754815046093,0.6153504362540609,1.4453561676328857,-1.0,-1.8369701987210297e-16,-0.4853662702398278
1966-10,401.8709677419355,5.996131061328945,0.1872241097694225,151.9,0.2596301933953129,0.9435298450581258,0.4216119415233897,1.531017137552225,-0.8660254037844386,0.5000000000000001,0.27359641764439324
1966-11,275.8333333333333,5.619796818583108,-0.06100787703374255,46.0,-1.863123729874511,-0.29937947400536336,0.01596471777506024,1.318686399086758,-0.5000000000000004,0.8660254037844384,0.1872241097694225
1966-12,424.51612903225805,6.050950000394162,0.8004321547903013,220.3,0.8249625631848851,-0.3349981575732879,0.3965766416375824,0.4621322587791574,-2.4492935982947064e-16,1.0,-0.06100787703374255
1967-01,151.93548387096774,5.023455982525317,-0.01583940717456489,59.2,-0.8401886894152046,-0.751141081778816,-0.036660109132901846,0.36286957990576,0.49999999999999994,0.8660254037844387,0.8004321547903013
1967-02,216.0,5.375278407684165,0.5121325098254816,90.6,0.2610629772147907,0.19133358850738444,-0.15382007337943773,0.3488095466262438,0.8660254037844386,0.5000000000000001,-0.01583940717456489
1967-03,89.2258064516129,4.491170307739557,-0.3313748701635495,131.9,0.8168904775195924,0.008390637754981889,-0.3597317168832569,0.17347605793632115,1.0,6.123233995736766e-17,0.5121325098254816
1967-04,95.83333333333333,4.562610571569295,-0.6903364577855724,55.5,-0.5397357239444006,-0.036916485345564645,-0.7309390657082013,-0.218805571297498,0.8660254037844387,-0.49999999999999983,-0.3313748701635495
1967-05,111.54838709677419,4.714458461758089,-0.8195570900955724,68.0,-0.9214225063486831,-0.5937760052518273,-0.5338309264816717,-0.38265339875319987,0.49999999999999994,-0.8660254037844387,-0.6903364577855724
1967-06,89.66666666666667,4.496099090933729,-0.3218074372557753,192.0,1.3290284467067375,-0.28778082361790824,-0.366527303277788,-0.04536557782617591,1.2246467991473532e-16,-1.0,-0.8195570900955724
1967-07,85.6774193548387,4.450589306111178,-0.09799170065211449,119.0,0.06557090187863761,0.06908644338511419,-0.1271755834043554,-0.20024588450768613,-0.4999999999999998,-0.8660254037844388,-0.3218074372557753
1967-08,74.25806451612904,4.307546384796682,-0.5742582987783305,61.3,-1.308185087838218,0.23338717292990724,-0.3793171772981735,-0.5073268086698142,-0.8660254037844384,-0.5000000000000004,-0.09799170065211449
1967-09,80.1,4.383275854074314,-1.176084896694575,113.7,-0.27063477825310384,-0.8160490711646161,-0.6865119788858921,-0.8341542183592658,-1.0,-1.8369701987210297e-16,-0.5742582987783305
1967-10,299.0,5.700443573390687,-0.10846337816883533,256.2,1.4548282961302565,0.21992253346987434,0.06644132849425297,-0.4726647797381989,-0.8660254037844386,0.5000000000000001,-1.176084896694575
1967-11,354.6,5.870990393640108,0.19018569802325747,151.9,-0.15267762492179454,0.4071297591325732,0.365708642657362,-0.11717112743993797,-0.5000000000000004,0.8660254037844384,-0.10846337816883533
1967-12,88.6774193548387,4.485005283680099,-0.7655125619237619,47.599999999999994,-1.238263989505553,-0.092756952946583,-0.5362190299297829,-0.6160578922969261,-2.4492935982947064e-16,1.0,0.19018569802325747
1968-01,94.64516129032258,4.550134754217781,-0.48916063548210165,78.7,-0.4233398651053743,-1.1250701757676227,-0.7595692129558314,-0.556411886428845,0.49999999999999994,0.8660254037844387,-0.7655125619237619
1968-02,124.3103448275862,4.822781219732575,-0.040364678126108444,101.39999999999999,0.4220779103587516,-0.9484834506147134,-0.3508158669566088,-0.5145501359759951,0.8660254037844386,0.5000000000000001,-0.48916063548210165
1968-03,142.58064516129033,4.9599077705865975,0.13736259268349116,38.599999999999994,-0.6853987192502979,-0.6090114693845375,-0.496153126500186,-0.8650977364537958,1.0,6.123233995736766e-17,-0.040364678126108444
1968-04,142.5,4.959341999708705,-0.2936050296461623,32.5,-1.0044790464303723,-0.9150285854428234,-1.6113619368236498,-0.9531751356649976,0.8660254037844387,-0.49999999999999983,0.13736259268349116
1968-05,102.58064516129032,4.6306492712890766,-0.903366280564585,182.5,0.35170764221860673,-0.6063000215630415,-1.3263554665604085,-0.6012974958268472,0.49999999999999994,-0.8660254037844387,-0.2936050296461623
1968-06,99.7,4.602165676967792,-0.21574085122171205,85.9,0.0753001107331079,-0.3818567989919193,-0.7645596504354351,-0.9432987691636088,1.2246467991473532e-16,-1.0,-0.903366280564585
1968-07,118.61290322580645,4.775865276816126,0.22728427005283347,148.6,0.499431464584772,0.2857508506037844,-0.4328942885075718,-0.8696622292314817,-0.4999999999999998,-0.8660254037844388,-0.21574085122171205
1968-08,140.2258064516129,4.943254026503646,0.06144934292863358,64.7,-1.2144830409731289,-0.359490251088502,-0.7213410384234806,-0.880919018223923,-0.8660254037844384,-0.5000000000000004,0.22728427005283347
1968-09,314.3666666666667,5.7505600328817295,0.19119928211284076,73.9,-1.100134348336493,-0.8839463420051872,-0.7898734592426973,-0.9910550244136431,-1.0,-1.8369701987210297e-16,0.06144934292863358
1968-10,117.96774193548387,4.770411213664235,-1.0384957378952873,76.8,-1.017457357543699,-1.9184256680526965,-0.79611017106331,-1.5907782816995668,-0.8660254037844386,0.5000000000000001,0.19119928211284076
1968-11,896.5666666666667,6.798572653544924,1.1177679579280735,307.6,1.203006067036456,-0.018236579144243675,-0.2796733604378593,-1.0134108251160099,-0.5000000000000004,0.8660254037844384,-1.0384957378952873
1968-12,303.93548387096774,5.71681545477484,0.4662976091709794,220.6,0.8272905032556702,0.7576191061558816,0.10605253890310351,-0.42130598261364666,-2.4492935982947064e-16,1.0,1.1177679579280735
1969-01,431.5483870967742,6.067379641193207,1.0280842514933246,216.29999999999998,1.411702618835842,1.5698726749325305,0.4429418388965046,-0.031225872452930934,0.49999999999999994,0.8660254037844387,0.4662976091709794
1969-02,424.10714285714283,6.049986118727638,1.1868402208689544,49.1,-0.5191124408678579,0.9154236260311569,0.5534054685912881,-0.16728824289809896,0.8660254037844386,0.5000000000000001,1.0280842514933246
1969-03,477.258064516129,6.168057360349164,1.3455121824460576,100.9,0.4341187844567106,0.7059153560714221,0.9206399619577993,-0.01518396066263786,1.0,6.123233995736766e-17,1.1868402208689544
1969-04,1174.0,7.068172000388042,1.8152249710331745,129.2,0.3589020473842308,-0.02836798998518172,1.0904825426801241,0.23929381730336477,0.8660254037844387,-0.49999999999999983,1.3455121824460576
1969-05,843.0322580645161,6.737005223063945,1.2029896712102834,198.9,0.48292528631277337,0.4062401125371556,0.7433353346723609,0.30282290779938487,0.49999999999999994,-0.8660254037844387,1.8152249710331745
1969-06,215.7,5.373888553395111,0.5559820252056067,165.3,1.067845108956365,0.676042377599266,0.7657311704502745,0.4900877661102442,1.2246467991473532e-16,-1.0,1.2029896712102834
1969-07,133.06451612903226,4.890834094283635,0.34225308752034245,94.7,-0.34863825754183203,0.5099598443995866,0.21341955805053475,0.33996403147297544,-0.4999999999999998,-0.8660254037844388,0.5559820252056067
1969-08,110.7741935483871,4.707493836972275,-0.17431084660273743,163.1,0.6595485864470298,0.6009119855209276,0.5039380323820888,0.5987509218713529,-0.8660254037844384,-0.5000000000000004,0.34225308752034245
1969-09,265.6333333333333,5.582116911735593,0.022756160966704186,80.7,-0.9394571325048151,-0.3962271270589058,0.26540885118215946,0.6256609034772868,-1.0,-1.8369701987210297e-16,-0.17431084660273743
1969-10,504.51612903225805,6.223599809614155,0.4146928580546332,150.20000000000002,0.23619527931003123,-0.0856718640282334,0.25422473135235346,0.8280356810554548,-0.8660254037844386,0.5000000000000001,0.022756160966704186
1969-11,838.6333333333333,6.7317735827343625,1.050968887117512,243.3,0.7154382552971982,0.09178269688794125,0.3800130859333984,0.7056571028982155,-0.5000000000000004,0.8660254037844384,0.4146928580546332
1969-12,256.4516129032258,5.546940003163232,0.2964221575593706,140.5,0.11250611426819344,0.372997346735468,0.021568251314223033,0.46110160603149347,-2.4492935982947064e-16,1.0,1.050968887117512
1970-01,226.80645161290323,5.424097017714015,0.38480162801413265,209.9,1.34733718658788,0.8685423889096926,0.5628514115132579,0.437082369861038,0.49999999999999994,0.8660254037844387,0.2964221575593706
1970-02,113.07142857142857,4.728019730265753,-0.13512616759293028,47.4,-0.5596630421423856,0.3766674814168955,0.23374583309809668,0.4422849540063747,0.8660254037844386,0.5000000000000001,0.38480162801413265
1970-03,91.41935483870968,4.51545721576548,-0.30708796213762657,47.9,-0.4635686846872594,0.21470828702394654,0.33201035380119365,0.3006673113473372,1.0,6.123233995736766e-17,-0.13512616759293028
1970-04,80.73333333333333,4.391151542450882,-0.8617954869039854,23.9,-1.2437725759273506,-1.5132534937391338,-0.19082905145045642,-0.014756223290263111,0.8660254037844387,-0.49999999999999983,-0.30708796213762657
1970-05,921.3548387096774,6.825845237527732,1.2918296856740703,218.4,0.6299904012686157,-0.3627575940786673,-0.22899335673734306,0.04943331667461288,0.49999999999999994,-0.8660254037844387,-0.8617954869039854
1970-06,418.53333333333336,6.036756536299689,1.2188500081101843,95.2,0.21692505952060873,-0.15145167460774916,-0.149237976981908,-0.17446591932289665,1.2246467991473532e-16,-1.0,1.2918296856740703
1970-07,157.2258064516129,5.057683029700005,0.5091020229367125,167.7,0.7497569668944224,0.6243196327455046,-0.3815158986450907,0.028066224696615082,-0.4999999999999998,-0.8660254037844388,1.2188500081101843
1970-08,238.2258064516129,5.473218990480334,0.5914143069053219,176.39999999999998,0.8463145976802129,0.7119553226200208,0.04382593173198017,0.05225453835292845,-0.8660254037844384,-0.5000000000000004,0.5091020229367125
1970-09,322.6333333333333,5.7765164874869335,0.21715573671804478,115.2,-0.24360254254403585,0.5819671758286106,0.12759848034067195,0.16521301291100543,-1.0,-1.8369701987210297e-16,0.5914143069053219
1970-10,2422.1290322580644,7.792402197779877,1.9834952462203548,283.5,1.7132556345824672,1.2602658298301568,1.0726950513184628,0.5473851653456987,-0.8660254037844386,0.5000000000000001,0.21715573671804478
1970-11,1006.0,6.913737350659685,1.2329326550428341,286.09999999999997,1.0479868552163898,1.3616815236576332,1.318482630062491,0.7051261095755303,-0.5000000000000004,0.8660254037844384,1.9834952462203548
1970-12,818.0645161290323,6.706941204066016,1.456423358462155,454.7,2.2449203113435683,2.579734535387627,2.2161305932163846,1.4089256109539592,-2.4492935982947064e-16,1.0,1.2329326550428341
1971-01,326.0,5.786897381366708,0.7476019916668255,114.4,0.18381783698970072,2.0283691356334286,2.2301775432089217,1.1771199701974484,0.49999999999999994,0.8660254037844387,1.456423358462155
1971-02,330.17857142857144,5.799633633646021,0.9364877357873373,137.7,0.8923656706652326,2.031171208374226,2.241621335345738,1.3916377918710892,0.8660254037844386,0.5000000000000001,0.7476019916668255
1971-03,159.48387096774192,5.07194279465238,0.24939761674927396,40.4,-0.6398293477041928,0.10458111792945331,2.2463647907569726,1.43019590349771,1.0,6.123233995736766e-17,0.9364877357873373
1971-04,521.5333333333333,6.25677319058287,1.0038261612280026,250.9,1.2646840813704188,0.8892797659980554,1.9790403072854776,1.9188350162407644,0.8660254037844387,-0.49999999999999983,0.24939761674927396
1971-05,186.41935483870967,5.227998731832631,-0.30601682002103026,139.0,-0.03951834650605002,0.41259073860309264,1.550810846417006,1.8195658941326052,0.49999999999999994,-0.8660254037844387,1.0038261612280026
1971-06,113.86666666666666,4.735028173246305,-0.08287835494319928,53.1,-0.5292337689019311,0.43039449767703525,0.2638512515257083,1.645125482498428,1.2246467991473532e-16,-1.0,-0.30601682002103026
1971-07,82.7741935483871,4.416116340690436,-0.132464666072857,178.3,0.8807198908723405,0.018057032908470484,0.45465361414020755,1.6869445950753121,-0.4999999999999998,-0.8660254037844388,-0.08287835494319928
1971-08,118.09677419354838,4.7715044086350895,-0.1103002749399229,58.1,-1.3998111016316996,-0.44526460425141096,0.005285618296098885,1.4046561905345745,-0.8660254037844384,-0.5000000000000004,-0.132464666072857
1971-09,125.53333333333333,4.832571327554942,-0.7267894232139467,89.0,-0.7556697201638469,-0.5157102436995759,0.013102570484602059,1.3422557609987351,-1.0,-1.8369701987210297e-16,-0.1103002749399229
1971-10,310.258064516129,5.737404417352462,-0.07150253420706054,159.4,0.3609914859727251,-0.8903041511546987,-0.5662383236100688,1.0417040407300027,-0.8660254037844386,0.5000000000000001,-0.7267894232139467
1971-11,286.7,5.658436372889324,-0.022368322727526646,105.6,-0.737716484431043,-0.8126107340948223,-0.8812329392420128,0.6210074954132354,-0.5000000000000004,0.8660254037844384,-0.07150253420706054
1971-12,155.29032258064515,5.045296413857871,-0.20522143174598995,193.9,0.6114794473726051,-0.07271566493287204,-0.3731957393141982,-0.11016011791620137,-2.4492935982947064e-16,1.0,-0.022368322727526646
1972-01,208.8709677419355,5.341716682082592,0.30242129238270987,107.2,0.07295463855381426,-0.18801467665591132,-0.7393411020323256,-0.1333540069884647,0.49999999999999994,0.8660254037844387,-0.20522143174598995
1972-02,96.20689655172414,4.566501044828938,-0.2966448530297461,57.5,-0.3320264674910181,0.11167772012017911,-0.5393860586853603,-0.35225158644540877,0.8660254037844386,0.5000000000000001,0.30242129238270987
1972-03,448.64516129032256,6.106232288642606,1.2836871107394998,60.3,-0.2093774359608077,-0.5422213629296324,-0.444929250958451,-0.3325541354472882,1.0,6.123233995736766e-17,-0.2966448530297461
1972-04,234.16666666666666,5.456033112539791,0.20308608318492372,102.19999999999999,0.08525840696573798,-0.4838981825487509,-0.6111743020403729,-0.813125403359327,0.8660254037844387,-0.49999999999999983,1.2836871107394998
1972-05,129.80645161290323,4.866044507294429,-0.6679710445592324,30.7,-1.7166110139044246,-1.068107343103089,-0.9211262706471821,-1.2154735773160872,0.49999999999999994,-0.8660254037844387,0.20308608318492372
1972-06,82.8,4.416428061391214,-0.4014784667982907,146.5,0.8673494402974523,-0.5262415158006012,-0.8472007550898771,-0.8791553906014975,1.2246467991473532e-16,-1.0,-0.6679710445592324
1972-07,85.12903225806451,4.444168132018178,-0.10441287474511451,25.5,-2.25376219985427,-1.1968541307205713,-1.3076849591702744,-1.4367377178947562,-0.4999999999999998,-0.8660254037844388,-0.4014784667982907
1972-08,76.12903225806451,4.332429693534509,-0.5493749900405032,64.9,-1.2090808368954622,-0.9481991285611298,-1.3581256908912416,-1.4394917922260557,-0.8660254037844384,-0.5000000000000004,-0.10441287474511451
1972-09,194.1,5.268373490174964,-0.29098726059392455,181.5,0.7703720361169247,-1.0408494736276437,-0.9738045854849624,-1.0842175810535282,-1.0,-1.8369701987210297e-16,-0.5493749900405032
1972-10,517.4516129032259,6.248916019131695,0.4400090675721726,164.4,0.4268230889667113,0.05462189138027563,-0.8970769067432558,-1.034134729264384,-0.8660254037844386,0.5000000000000001,-0.29098726059392455
1972-11,136.23333333333332,4.914369101902122,-0.7664355937147285,63.6,-1.4546958294011443,-0.3727722641204161,-0.8650686035526539,-1.154067664416496,-0.5000000000000004,0.8660254037844384,0.4400090675721726
1972-12,139.25806451612902,4.9363287910703315,-0.3141890545335295,146.5,0.1742790076737179,-0.6366007851966979,-1.0555318577261499,-1.2462082505147931,-2.4492935982947064e-16,1.0,-0.7664355937147285
1973-01,70.80645161290323,4.259950121024126,-0.7793452686757565,34.699999999999996,-1.5353535442079114,-1.4166669806047343,-1.0542094769867059,-1.4897990287059137,0.49999999999999994,0.8660254037844387,-0.3141890545335295
1973-02,112.67857142857143,4.72453926480011,-0.1386066330585738,182.2,1.3701023897206492,0.14512945319148368,-0.23445455620701122,-1.0575370162941704,0.8660254037844386,0.5000000000000001,-0.7793452686757565
1973-03,64.90322580645162,4.172897326734484,-0.6496478511686226,28.8,-0.9628428999595278,-0.33135436190203105,-0.7981529155547837,-1.24750824976877,1.0,6.123233995736766e-17,-0.1386066330585738
1973-04,202.9,5.312713246831769,0.05976621747690114,163.3,0.6546491519007824,0.5831773195794784,-0.6500705733263203,-1.0477809382759213,0.8660254037844387,-0.49999999999999983,-0.6496478511686226
1973-05,77.87096774193549,4.355053197172331,-1.1789623546813308,23.4,-1.954552339234479,-0.8871982605666834,-0.7748340367850628,-1.1089937013075886,0.49999999999999994,-0.8660254037844387,0.05976621747690114
1973-06,96.53333333333333,4.569888371843452,-0.24801815634605262,70.9,-0.17682630138657068,-0.6806531880059304,-0.8532471895380965,-1.3542706548523904,1.2246467991473532e-16,-1.0,-1.1789623546813308
1973-07,61.16129032258065,4.1135144783298205,-0.43506652843347204,81.7,-0.6008398112121206,-1.4507054633296277,-0.6214616820088094,-1.186820852684773,-0.4999999999999998,-0.8660254037844388,-0.24801815634605262
1973-08,58.354838709677416,4.066542280910149,-0.8152624026648638,87.0,-0.6727848611991174,-0.9206102514259382,-1.2190316129604555,-1.1347786493715952,-0.8660254037844384,-0.5000000000000004,-0.43506652843347204
1973-09,117.53333333333333,4.76672198129566,-0.7926387694732284,137.4,0.13129529821563254,-0.6978397407138753,-0.910912199038024,-1.2631508951019659,-1.0,-1.8369701987210297e-16,-0.8152624026648638
1973-10,246.32258064516128,5.506641980360492,-0.3022649711990306,50.3,-1.6874674516660437,-1.2215944097446978,-1.870818874139442,-1.6403890467341493,-0.8660254037844386,0.5000000000000001,-0.7926387694732284
1973-11,67.6,4.213607983048918,-1.4671967125679322,106.4,-0.7262251680284049,-1.3439800277477736,-1.5338802317460285,-1.4616611240289128,-0.5000000000000004,0.8660254037844384,-0.3022649711990306
1973-12,68.96774193548387,4.233638887099844,-1.0168789585040168,121.1,-0.10030347586928517,-1.402229241162746,-1.3979133033129174,-1.4662675986703095,-2.4492935982947064e-16,1.0,-1.4671967125679322
1974-01,93.09677419354838,4.53363953484867,-0.505655854851212,174.1,0.9620194711402932,-0.22101322589892428,-0.9389613449377988,-0.9905948004192335,0.49999999999999994,0.8660254037844387,-1.0168789585040168
1974-02,96.32142857142857,4.567690812964526,-0.29545508489415795,43.699999999999996,-0.651608296123711,-0.02883735088703891,-0.9699306480109762,-1.4457490566816706,0.8660254037844386,0.5000000000000001,-0.505655854851212
1974-03,76.54838709677419,4.337923051950617,-0.4846221259524892,47.0,-0.4836817170729251,-0.1472172427095036,-1.263585558328379,-1.4809530759722873,1.0,6.123233995736766e-17,-0.29545508489415795
1974-04,91.9,4.520701029361642,-0.7322459999932258,86.8,-0.09351872837395919,-0.8660236223024935,-0.8603315192573764,-1.7734915267836153,0.8660254037844387,-0.49999999999999983,-0.4846221259524892
1974-05,126.16129032258064,4.837561170270368,-0.696454381583294,71.69999999999999,-0.8622428505476502,-0.9666113364725055,-0.961925107315396,-1.6499133215825872,0.49999999999999994,-0.8660254037844387,-0.7322459999932258
1974-06,40.766666666666666,3.707864754025017,-1.1100417741644875,8.2,-2.251291420517683,-1.4463004615231856,-1.2693279549830165,-1.8523551800579208,1.2246467991473532e-16,-1.0,-0.696454381583294
1974-07,40.225806451612904,3.6945087411948903,-0.8540722655684023,66.2,-0.9409938522803423,-1.7700432725579596,-1.9488531370542233,-1.954334402403346,-0.4999999999999998,-0.8660254037844388,-1.1100417741644875
1974-08,120.29032258064517,4.789908175693674,-0.09189650788133807,,,,,,-0.8660254037844384,-0.5000000000000004,-0.8540722655684023
1974-09,351.1666666666667,5.861260944576134,0.30190019380724564,,,,,,-1.0,-1.8369701987210297e-16,-0.09189650788133807
1974-10,809.7096774193549,6.696675760478562,0.8877688089190396,394.9,2.630942208644068,,,,-0.8660254037844386,0.5000000000000001,0.30190019380724564
1974-11,575.1,6.354543938719709,0.6737392431028582,205.5,0.3883382266421846,,,,-0.5000000000000004,0.8660254037844384,0.8877688089190396
1974-12,278.0,5.627621113690637,0.37710326808677586,184.8,0.5335151149817527,1.6167767175599952,,,-2.4492935982947064e-16,1.0,0.6737392431028582
1975-01,239.58064516129033,5.47889008318415,0.43959469348426783,,,,,,0.49999999999999994,0.8660254037844387,0.37710326808677586
1975-02,122.25,4.8060681283549815,-0.057077769503702136,,,,,,0.8660254037844386,0.5000000000000001,0.43959469348426783
1975-03,134.4516129032258,4.901204378948057,0.0786592010449505,67.5,-0.07770157562220463,,,,1.0,6.123233995736766e-17,-0.057077769503702136
1975-04,141.0,4.948759890378168,-0.30418713897669925,46.400000000000006,-0.7028106535945534,,,,0.8660254037844387,-0.49999999999999983,0.0786592010449505
1975-05,102.7741935483871,4.632534285984848,-0.9014812658688136,48.0,-1.289827331120191,-1.3488611453646546,,,0.49999999999999994,-0.8660254037844387,-0.30418713897669925
1975-06,52.166666666666664,3.954443721312098,-0.8634628068774064,5.0,-2.6000112473978656,-2.2415294429952732,,,1.2246467991473532e-16,-1.0,-0.9014812658688136
1975-07,67.03225806451613,4.2051739671740265,-0.3434070395892661,61.699999999999996,-1.0501338662977526,-2.161314379869877,,,-0.4999999999999998,-0.8660254037844388,-0.8634628068774064
1975-08,72.48387096774194,4.283364067700183,-0.5984406158748294,113.6,-0.14046336168833493,-1.5848392956540944,-1.8976167160328337,,-0.8660254037844384,-0.5000000000000004,-0.3434070395892661
1975-09,687.3,6.532770878127559,0.9734101273586706,192.29999999999998,0.9109238325041139,-0.14156188663156752,-1.4295887510932783,,-1.0,-1.8369701987210297e-16,-0.5984406158748294
1975-10,144.4516129032258,4.972944592673554,-0.8359623588859684,120.9,-0.19899930401269286,0.18471722064261067,-1.302473783971656,,-0.8660254037844386,0.5000000000000001,0.9734101273586706
1975-11,216.26666666666668,5.376512214133093,-0.3042924814837571,213.8,0.46335135770344066,0.4404053692438962,-0.5364448367840536,,-0.5000000000000004,0.8660254037844384,-0.8359623588859684
1975-12,490.6774193548387,6.195786924826597,0.9452690792227356,299.2,1.3784059184120134,0.9056803226914243,0.5535791082229415,,-2.4492935982947064e-16,1.0,-0.3042924814837571
1976-01,130.25806451612902,4.869517594387636,-0.16977779531224613,37.3,-1.4471894131526164,0.6455145723127452,0.5173969077848908,,0.49999999999999994,0.8660254037844387,0.9452690792227356
1976-02,131.75862068965517,4.880971617460426,0.01782571960174195,82.4,0.13003818308177723,0.5121849098810236,0.5602933128180283,-0.7860524027627328,0.8660254037844386,0.5000000000000001,-0.16977779531224613
1976-03,123.51612903225806,4.816371746992148,-0.006173430910958011,91.4,0.30166347896604206,-0.691359133123188,0.3590925783830672,-0.7730799571529899,1.0,6.123233995736766e-17,0.01782571960174195
1976-04,393.1,5.9740640324278145,0.7211170030729468,113.6,0.20609898234515028,0.02939585810514494,0.3610983781931839,-0.5726084723294348,0.8660254037844387,-0.49999999999999983,-0.006173430910958011
1976-05,166.16129032258064,5.112958945080439,-0.4210566067732229,69.9,-0.890751363549603,-0.4618433260168848,-0.2016662119619157,-0.5181853962742539,0.49999999999999994,-0.8660254037844387,0.7211170030729468
1976-06,91.76666666666667,4.519249123480452,-0.29865740470905244,53.5,-0.5204698239404709,-0.8351009093857785,-1.1691096719971732,-0.37080865169905486,1.2246467991473532e-16,-1.0,-0.4210566067732229
1976-07,55.25806451612903,4.012014293838973,-0.5365667129243192,32.8,-1.9388447969559834,-1.657315129993612,-1.1862940374826525,-0.47678492969364145,-0.4999999999999998,-0.8660254037844388,-0.29865740470905244
1976-08,63.0,4.143134726391533,-0.7386699571834798,68.5,-1.113791605173295,-1.9186250876733992,-1.3603964771490737,-0.6399342234053831,-0.8660254037844384,-0.5000000000000004,-0.5365667129243192
1976-09,203.03333333333333,5.31337016917433,-0.2459905815945591,128.5,-0.013725816509421578,-1.5066895205558126,-1.4307355088532205,-0.8262284917163536,-1.0,-1.8369701987210297e-16,-0.7386699571834798
1976-10,667.4193548387096,6.503418566254442,0.6945116146949202,189.1,0.734046668609247,-0.1530303145068556,-1.2977714842729735,-0.5779179300533386,-0.8660254037844386,0.5000000000000001,-0.2459905815945591
1976-11,169.56666666666666,5.133246163160609,-0.5475585324562413,34.5,-2.198661500618492,-0.82847523275358,-1.7070435544315476,-1.145313443634024,-0.5000000000000004,0.8660254037844384,0.6945116146949202
1976-12,117.6774193548387,4.7679471467090755,-0.48257069889478554,48.8,-1.2116700649876977,-1.4501354349475264,-1.8860542710783617,-1.9719837400070628,-2.4492935982947064e-16,1.0,-0.5475585324562413
1977-01,133.06451612903226,4.890834094283635,-0.1484612954162472,207.29999999999998,1.320833704041045,-1.023035577813591,-0.9367581789042694,-1.3438752558673384,0.49999999999999994,0.8660254037844387,-0.48257069889478554
1977-02,69.0,4.23410650459726,-0.629039393261424,19.799999999999997,-1.4469821016074345,-0.518956246141445,-0.9981781253787005,-1.5531395509811867,0.8660254037844386,0.5000000000000001,-0.1484612954162472
1977-03,68.70967741935483,4.229890054218324,-0.5926551236847821,88.6,0.2609093921262583,0.30347806977364794,-0.9855612662742836,-1.6717433092597007,1.0,6.123233995736766e-17,-0.629039393261424
1977-04,82.5,4.412798293340635,-0.8401487360142328,157.1,0.6041201175148793,-0.12747799024483775,-0.9857569508854105,-1.5178263488591601,0.8660254037844387,-0.49999999999999983,-0.5926551236847821
1977-05,75.16129032258064,4.3196363420746,-1.2143792097790618,75.6,-0.8021917860139951,-0.17183237305889645,-0.6786712337199832,-1.5508374550817703,0.49999999999999994,-0.8660254037844387,-0.8401487360142328
1977-06,40.2,3.6938669956249757,-1.1240395325645287,36.2,-0.9522612222239834,-0.5995370235425755,-0.4286657926197586,-1.5822598572799578,1.2246467991473532e-16,-1.0,-1.2143792097790618
1977-07,48.516129032258064,3.8818963000246387,-0.6666847067386539,86.5,-0.5047042109192584,-1.2369870758670731,-1.072684511310631,-1.4199957454127496,-0.4999999999999998,-0.8660254037844388,-1.1240395325645287
1977-08,110.6774193548387,4.706619838373303,-0.1751848452017093,152.4,0.5019215178574971,-0.5762758850264726,-0.5186736749313152,-1.1473413312192844,-0.8660254037844384,-0.5000000000000004,-0.6666847067386539
1977-09,77.73333333333333,4.353284165808228,-1.2060765849606607,121.7,-0.129139723908448,-0.20154581303462568,-0.592125585465698,-1.1450244825735696,-1.0,-1.8369701987210297e-16,-0.1751848452017093
1977-10,152.58064516129033,5.027693277000832,-0.78121367455869,222.7,1.112518961347323,0.7186880449483282,-0.4751754237330318,-0.9970083565272988,-0.8660254037844386,0.5000000000000001,-1.2060765849606607
1977-11,738.6666666666666,6.604846759199065,0.9240420635822142,311.6,1.2310752853100393,1.2047440857320617,0.5290820171883661,-0.09125678985400217,-0.5000000000000004,0.8660254037844384,-0.78121367455869
1977-12,130.90322580645162,4.874458315900614,-0.3760595297032472,74.3,-0.7341494094445307,0.7763114916450732,0.4248479036847361,-0.015284898920457179,-2.4492935982947064e-16,1.0,0.9240420635822142
1978-01,71.3225806451613,4.2672129763723,-0.7720824133275821,98.39999999999999,-0.06956238961355535,0.28300505575638374,0.534587641507897,-0.32567184334268945,0.49999999999999994,0.8660254037844387,-0.3760595297032472
1978-02,71.89285714285714,4.275176915464588,-0.5879689823940959,147.0,0.9995534936835857,-0.17116061101535598,0.6871984298040855,0.04053728574083677,0.8660254037844386,0.5000000000000001,-0.7720824133275821
1978-03,157.48387096774192,5.059323046467759,0.2367778685646531,108.39999999999999,0.5330385904770816,0.6100844494983326,0.8826999578118074,0.07822883910721451,1.0,6.123233995736766e-17,-0.5879689823940959
1978-04,595.6666666666666,6.3896812264913185,1.1367341971364509,287.3,1.4779948275283283,1.452803421118762,1.1026057574644492,0.41920638813131134,0.8660254037844387,-0.49999999999999983,0.2367778685646531
1978-05,134.19354838709677,4.899283148770163,-0.6347324030834987,81.9,-0.7096988375386711,0.6355459630237065,0.26216777275370906,0.4606729640972327,0.49999999999999994,-0.8660254037844387,1.1367341971364509
1978-06,76.46666666666667,4.3368549160271606,-0.4810516121623438,14.6,-1.79885309947249,0.11699738767675481,0.27278586310063063,0.36828853790151106,1.2246467991473532e-16,-1.0,-0.6347324030834987
1978-07,67.61290322580645,4.2137988409557865,-0.3347821658075061,79.9,-0.6378975731467791,-1.446706997903268,0.13595818809620905,0.34607440612988444,-0.4999999999999998,-0.8660254037844388,-0.4810516121623438
1978-08,70.0,4.248495242049359,-0.633309441525653,53.3,-1.5442616251143457,-2.0170556572983056,-0.3893949607501202,0.05108863466884538,-0.8660254037844384,-0.5000000000000004,-0.3347821658075061
1978-09,157.6,5.060060177423779,-0.4993005733451099,75.4,-1.0638265365555701,-1.764133688246555,-0.7689008467730365,-0.06975307780010662,-1.0,-1.8369701987210297e-16,-0.633309441525653
1978-10,451.03225806451616,6.111538862586785,0.3026319110272624,88.0,-0.783796713052087,-1.901791240844277,-2.2743180388133895,-0.45286764364522586,-0.8660254037844386,0.5000000000000001,-0.4993005733451099
1978-11,124.93333333333334,4.827780261696158,-0.8530244339206927,115.0,-0.6063412412532398,-1.4954968921344682,-2.270413509305597,-1.0660428391108903,-0.5000000000000004,0.8660254037844384,0.3026319110272624
1978-12,73.29032258064517,4.294428575355896,-0.9560892702479649,52.7,-1.128420446346319,-1.6026367717866865,-2.1315005408501557,-1.0753624925826817,-2.4492935982947064e-16,1.0,-0.8530244339206927
1979-01,192.74193548387098,5.261352172314565,0.22205678261468265,105.19999999999999,0.04127685030773464,-1.1696467146839988,-2.0838177398422153,-1.04857778012361,0.49999999999999994,0.8660254037844387,-0.9560892702479649
1979-02,118.14285714285714,4.771894545968378,-0.09125135189030598,144.5,0.9711770621042122,-0.30442074883056275,-1.2727429350406116,-1.0470956985243611,0.8660254037844386,0.5000000000000001,0.22205678261468265
1979-03,114.12903225806451,4.737329670234584,-0.08521550766852215,105.2,0.4913958854636115,0.6186058623626439,-0.8534931035290207,-1.1379024596996656,1.0,6.123233995736766e-17,-0.09125135189030598
1979-04,322.7,5.776723099057916,0.5237760697030485,162.6,0.6490075852490519,0.7986676181345926,-0.3219723247896588,-1.5915686303275087,0.8660254037844387,-0.49999999999999983,-0.08521550766852215
1979-05,1031.8709677419354,6.939128906966634,1.4051133551129729,372.8,1.5716166244968273,1.308690217203428,0.8517205856832765,-0.621504513843523,0.49999999999999994,-0.8660254037844387,0.5237760697030485
1979-06,457.8666666666667,6.126578020915156,1.3086714927256518,205.0,1.4479311914198703,1.689597480994837,1.6005232807578895,-0.044787009827711395,1.2246467991473532e-16,-1.0,1.4051133551129729
1979-07,438.258064516129,6.082807925266101,1.5342269185028083,119.60000000000001,0.07504211240625462,1.5826361238828224,1.5189848688268885,0.06023711800539942,-0.4999999999999998,-0.8660254037844388,1.3086714927256518
1979-08,1212.3225806451612,7.100293286863952,2.2184886032889395,67.7,-1.1346561152589492,0.3818177256426816,1.1087434888778456,0.08772170914629097,-0.8660254037844384,-0.5000000000000004,1.5342269185028083
1979-09,993.9666666666667,6.901703671553702,1.3423429207848132,176.6,0.7048033957037997,-0.17317113097113268,1.2230235623557975,0.38619918844088563,-1.0,-1.8369701987210297e-16,2.2184886032889395
1979-10,366.2903225806452,5.903426250054513,0.09451929849499052,38.1,-2.0867175148231754,-1.1390504931573546,0.7779158019285938,0.26357974405797313,-0.8660254037844386,0.5000000000000001,1.3423429207848132
1979-11,853.3333333333334,6.749150248805498,1.0683455531886477,317.2,1.2699888145993001,0.4715631717442916,0.49894512775900524,0.8499791708421597,-0.5000000000000004,0.8660254037844384,0.09451929849499052
1979-12,369.64516129032256,5.912543521941302,0.662025676337441,32.2,-1.634116909821747,-0.5444875748517232,-0.5280918432130356,0.7499316871785086,-2.4492935982947064e-16,1.0,1.0683455531886477
1980-01,163.61290322580646,5.097503291631916,0.0582079019320334,67.1,-0.6612042742075709,-0.12537949709872578,-0.8158479453056002,0.6459811654845667,0.49999999999999994,0.8660254037844387,0.662025676337441
1980-02,219.82758620689654,5.392843540040153,0.5296976421814694,76.89999999999999,0.03716328690071884,-1.4841592676772146,-0.562829978085272,0.48547927002384206,0.8660254037844386,0.5000000000000001,0.0582079019320334
1980-03,231.58064516129033,5.444928172091337,0.6223829941882304,81.0,0.14582580372855036,-0.5422213629296322,-0.842493586306392,0.4258459421642247,1.0,6.123233995736766e-17,0.5296976421814694
1980-04,342.1666666666667,5.835297947790878,0.5823509184360107,42.6,-0.7778247642680557,-0.652224391521677,-0.6608753852131601,0.0735343481447264,0.8660254037844387,-0.49999999999999983,0.6223829941882304
1980-05,364.4193548387097,5.898305278241782,0.3642897263881206,207.89999999999998,0.5519234097607073,-0.11195593254581372,-1.1700991668232537,-0.41992260862148845,0.49999999999999994,-0.8660254037844387,0.5823509184360107
1980-06,171.76666666666668,5.146136966666069,0.32823043847656486,,,,,,1.2246467991473532e-16,-1.0,0.3642897263881206
1980-07,87.83870967741936,4.475502288188613,-0.07307871857467951,,,,,,-0.4999999999999998,-0.8660254037844388,0.32823043847656486
1980-08,127.0,4.844187086458591,-0.03761759711642121,184.0,0.948948665766556,,,,-0.8660254037844384,-0.5000000000000004,-0.07307871857467951
1980-09,555.1,6.319148277696116,0.7597875269272274,132.9,0.058782663149594884,,,,-1.0,-1.8369701987210297e-16,-0.03761759711642121
1980-10,406.83870967741933,6.008416816179805,0.19950986462028286,,,,,,-0.8660254037844386,0.5000000000000001,0.7597875269272274
1980-11,105.4,4.657762636107262,-1.0230420595095886,18.5,-2.8529613374625677,,,,-0.5000000000000004,0.8660254037844384,0.19950986462028286
1980-12,207.80645161290323,5.336607125405998,0.08608927980213732,105.6,-0.28770329111143955,,,,-2.4492935982947064e-16,1.0,-1.0230420595095886
1981-01,203.41935483870967,5.31526963561986,0.27597424591997743,88.0,-0.24959176348880868,-1.730653622271548,,,0.49999999999999994,0.8660254037844387,0.08608927980213732
1981-02,142.67857142857142,4.960594348025171,0.09744845016648718,35.6,-0.8742043801180369,-0.9342141489726111,,,0.8660254037844386,0.5000000000000001,0.27597424591997743
1981-03,180.74193548387098,5.197070243080138,0.374525065177032,220.2,1.6618061876464834,0.531806214426919,,,1.0,6.123233995736766e-17,0.09744845016648718
1981-04,364.2,5.897703167293508,0.6447561379386402,133.0,0.39423767934672055,0.6670198214342249,-0.7445550258914352,,0.8660254037844387,-0.49999999999999983,0.374525065177032
1981-05,862.6774193548387,6.760040831351243,1.2260252794975814,434.59999999999997,1.8779581859111452,1.8274722947331328,1.1283888895432523,,0.49999999999999994,-0.8660254037844387,0.6447561379386402
1981-06,282.56666666666666,5.64391451094625,0.8260079827567459,75.2,-0.1011053378317678,1.3197444424082017,1.2315415119664714,,1.2246467991473532e-16,-1.0,1.2260252794975814
1981-07,180.03225806451613,5.193136046303287,0.6445550395399948,180.3,0.9048593627013568,1.5536557959564148,1.4227593184142042,,-0.4999999999999998,-0.8660254037844388,0.8260079827567459
1981-08,173.5483870967742,5.156456448670684,0.2746517650956717,97.7,-0.44685497435377386,0.08660337931407476,1.4379204363832547,,-0.8660254037844384,-0.5000000000000004,0.6445550395399948
1981-09,315.43333333333334,5.753947354846077,0.19458660407718842,,,,,,-1.0,-1.8369701987210297e-16,0.2746517650956717
1981-10,842.3870967741935,6.736239643482838,0.9273326919233158,167.2,0.4631128441503956,,,,-0.8660254037844386,0.5000000000000001,0.19458660407718842
1981-11,479.53333333333336,6.172813408765146,0.4920087131482953,154.5,-0.12369603045625342,,,,-0.5000000000000004,0.8660254037844384,0.9273326919233158
1981-12,692.9677419354839,6.540983449672846,1.2904656040689853,214.6,0.7803367244297109,0.38596959332144104,,,-2.4492935982947064e-16,1.0,0.4920087131482953
1982-01,155.5483870967742,5.046956854255971,0.007661464556088404,,,,,,0.49999999999999994,0.8660254037844387,1.2904656040689853
1982-02,121.53571428571429,4.800208164325702,-0.06293773353298171,,,,,,0.8660254037844386,0.5000000000000001,0.007661464556088404
1982-03,73.03225806451613,4.290901234837928,-0.5316439430651787,,,,,,1.0,6.123233995736766e-17,-0.06293773353298171
1982-04,89.66666666666667,4.496099090933729,-0.7568479384211386,24.700000000000003,-1.2189853098257117,,,,0.8660254037844387,-0.49999999999999983,-0.5316439430651787
1982-05,361.48387096774195,5.890217423640084,0.35620187178642215,218.0,0.6270619083921621,,,,0.49999999999999994,-0.8660254037844387,-0.7568479384211386
1982-06,81.26666666666667,4.397735928379062,-0.4201705998104428,28.0,-1.2117534013414977,-0.586833994702897,,,1.2246467991473532e-16,-1.0,0.35620187178642215
1982-07,82.2258064516129,4.409469199890969,-0.13911180687232338,,,,,,-0.4999999999999998,-0.8660254037844388,-0.4201705998104428
1982-08,61.41935483870968,4.117725010866164,-0.7640796727088484,72.4,-1.0144604782545472,,,,-0.8660254037844384,-0.5000000000000004,-0.13911180687232338
1982-09,367.3333333333333,5.90626970104475,0.34690895027586155,31.7,-2.457108510485201,,,,-1.0,-1.8369701987210297e-16,-0.7640796727088484
1982-10,120.41935483870968,4.790980274429438,-1.0179266771300846,12.4,-3.4521373327205764,-3.4758967797966993,,,-0.8660254037844386,0.5000000000000001,0.34690895027586155
1982-11,268.03333333333336,5.591111350885994,-0.08969334473085677,,,,,,-0.5000000000000004,0.8660254037844384,-1.0179266771300846
1982-12,287.741935483871,5.662064021088909,0.41154617548504824,151.1,0.2204999276579232,,,,-2.4492935982947064e-16,1.0,-0.08969334473085677
1983-01,154.03225806451613,5.037162048429685,-0.0021333412701975973,7.699999999999999,-3.0651517169527933,,,,0.49999999999999994,0.8660254037844387,0.41154617548504824
1983-02,81.96428571428571,4.4062836123194415,-0.45686228553924213,,,,,,0.8660254037844386,0.5000000000000001,-0.0021333412701975973
1983-03,272.5483870967742,5.607816165667699,0.7852709877645925,12.7,-1.6059499891046944,,,,1.0,6.123233995736766e-17,-0.45686228553924213
1983-04,483.43333333333334,6.180913421898095,0.9279663925432269,14.6,-1.5933383676784385,,,,0.8660254037844387,-0.49999999999999983,0.7852709877645925
1983-05,679.1935483870968,6.520906136110882,0.9868905842572202,130.2,-0.12844478589211109,-1.3913623183326562,,,0.49999999999999994,-0.8660254037844387,0.9279663925432269
1983-06,310.43333333333334,5.737969170859502,0.9200626426699978,99.10000000000001,0.2735579792008278,-0.78236636219124,,,1.2246467991473532e-16,-1.0,0.9868905842572202
1983-07,110.54838709677419,4.705453317389463,0.15687231062617002,61.300000000000004,-1.0601045016048725,-0.4986911580321679,,,-0.4999999999999998,-0.8660254037844388,0.9200626426699978
1983-08,82.93548387096774,4.418063002780743,-0.4637416807942696,54.699999999999996,-1.5011992854537366,-1.1793432797890677,-1.701011937953398,,-0.8660254037844384,-0.5000000000000004,0.15687231062617002
1983-09,85.9,4.45318382899021,-1.1061769217786788,71.8,-1.1518465821365924,-2.035288355395394,-1.6375427406842546,,-1.0,-1.8369701987210297e-16,-0.4637416807942696
1983-10,203.2258064516129,5.314317707894478,-0.4945892436650441,,,,,,-0.8660254037844386,0.5000000000000001,-1.1061769217786788
1983-11,240.6,5.483135803540579,-0.1976688920762717,76.2,-1.2108904272918082,,,,-0.5000000000000004,0.8660254037844384,-0.4945892436650441
1983-12,67.38709677419355,4.210453557071419,-1.0400642885324416,,,,,,-2.4492935982947064e-16,1.0,-0.1976688920762717
1984-01,64.06451612903226,4.159890640119972,-0.8794047495799102,29.0,-1.7472404674117652,,,,0.49999999999999994,0.8660254037844387,-1.0400642885324416
1984-02,47.93103448275862,3.8697631961382633,-0.9933827017204204,22.2,-1.3419764719342928,,,,0.8660254037844386,0.5000000000000001,-0.8794047495799102
1984-03,36.45161290322581,3.59598570722124,-1.2265594706818663,5.3,-2.0683910363714944,-3.2280315916551845,,,1.0,6.123233995736766e-17,-0.9933827017204204
1984-04,28.5,3.349904087274605,-1.9030429420802628,5.1,-2.23162562113434,-3.20717658993635,,,0.8660254037844387,-0.49999999999999983,-1.2265594706818663
1984-05,78.38709677419355,4.361659331849448,-1.1723562200042137,53.3,-1.1826388283897828,-2.6278536740504226,,,0.49999999999999994,-0.8660254037844387,-1.9030429420802628
1984-06,119.56666666666666,4.783874095870127,-0.03403243231937747,223.0,1.6050255914059457,-0.5124959135262974,-1.8915543285809953,,1.2246467991473532e-16,-1.0,-1.1723562200042137
1984-07,54.16129032258065,3.991966452592395,-0.5566145541708978,,,,,,-0.4999999999999998,-0.8660254037844388,-0.03403243231937747
1984-08,33.58064516129032,3.5139498641298226,-1.3678548194451898,43.2,-1.8819860602094174,,,,-0.8660254037844384,-0.5000000000000004,-0.5566145541708978
1984-09,546.5666666666667,6.303656288587713,0.7442955378188243,,,,,,-1.0,-1.8369701987210297e-16,-1.3678548194451898
1984-10,425.35483870967744,6.052923735188099,0.24401678362857648,47.4,-1.7753094904916644,,,,-0.8660254037844386,0.5000000000000001,0.7442955378188243
1984-11,841.0,6.734591659972948,1.0537869643560978,,,,,,-0.5000000000000004,0.8660254037844384,0.24401678362857648
1984-12,277.64516129032256,5.626343900164328,0.37582605456046725,,,,,,-2.4492935982947064e-16,1.0,1.0537869643560978
1985-01,159.83870967741936,5.0741652422789425,0.03486985257906028,,,,,,0.49999999999999994,0.8660254037844387,0.37582605456046725
1985-02,93.96428571428571,4.542914770865089,-0.3202311269935949,,,,,,0.8660254037844386,0.5000000000000001,0.03486985257906028
1985-03,134.90322580645162,4.904557675503432,0.08201249760032603,,,,,,1.0,6.123233995736766e-17,-0.3202311269935949
1985-04,145.33333333333334,4.979029954680925,-0.27391707467394255,,,,,,0.8660254037844387,-0.49999999999999983,0.08201249760032603
1985-05,2293.2903225806454,7.737742887394736,2.2037273355410747,233.0,0.734572611650258,,,,0.49999999999999994,-0.8660254037844387,-0.27391707467394255
1985-06,160.53333333333333,5.078501605326502,0.2605950771369976,0.5,-3.910438206634941,,,,1.2246467991473532e-16,-1.0,2.2037273355410747
1985-07,99.29032258064517,4.5980481099136785,0.04946710315038594,33.2,-1.9231730963186722,-0.6721090776603831,,,-0.4999999999999998,-0.8660254037844388,0.2605950771369976
1985-08,103.3225806451613,4.637855945124012,-0.2439487384510004,142.2,0.3447242451670175,-1.6399296310688405,,,-0.8660254037844384,-0.5000000000000004,0.04946710315038594
1985-09,237.63333333333333,5.470728869455473,-0.08863188131341548,166.9,0.5714076658718191,-0.362154498065945,,,-1.0,-1.8369701987210297e-16,-0.2439487384510004
1985-10,1580.032258064516,7.365200542309128,1.5562935907496058,298.8,1.851265503484596,1.4728617030064783,0.34726698321426436,,-0.8660254037844386,0.5000000000000001,-0.08863188131341548
1985-11,673.6666666666666,6.512735428735511,0.8319307331186607,293.7,1.1036112171262547,1.7493087832727205,0.5473540381550087,,-0.5000000000000004,0.8660254037844384,1.5562935907496058
1985-12,189.67741935483872,5.2453248364075264,-0.005193009196334586,83.8,-0.586612907543013,1.1151405537971597,0.6206233463607336,,-2.4492935982947064e-16,1.0,0.8319307331186607
1986-01,122.3225806451613,4.806661658889766,-0.2326337308101163,108.8,0.0980122974427188,0.2944553411715511,1.0026639246063127,,0.49999999999999994,0.8660254037844387,-0.005193009196334586
1986-02,117.07142857142857,4.762784249128571,-0.10036164873011266,31.2,-1.0108576124762634,-0.9858912800158924,0.7187343460476825,,0.8660254037844386,0.5000000000000001,-0.2326337308101163
1986-03,61.806451612903224,4.1240077540456594,-0.6985374238574469,59.5,-0.2246488426045901,-0.8210652011133416,0.5008832857033697,,1.0,6.123233995736766e-17,-0.10036164873011266
1986-04,346.03333333333336,5.84653510953109,0.5935880801762226,225.8,1.1060315475513218,0.22589773533707846,0.21260817054975412,0.29786845272504436,0.8660254037844387,-0.49999999999999983,-0.6985374238574469
1986-05,1239.5806451612902,7.122528412014099,1.5885128601604377,540.9,2.3475871503075543,1.9525652154170354,1.247543975363516,1.1457310539876762,0.49999999999999994,-0.8660254037844387,0.5935880801762226
1986-06,154.0,5.0369526024136295,0.21904607422412514,51.8,-0.5580413991612486,1.9638789086150994,1.3407152156406714,1.2148708849962073,1.2246467991473532e-16,-1.0,1.5885128601604377
1986-07,125.96774193548387,4.83602585778864,0.2874448510253478,94.5,-0.352332217409379,1.5420889817961165,1.180129372795995,1.3745732379946007,-0.4999999999999998,-0.8660254037844388,0.21904607422412514
1986-08,109.09677419354838,4.692235324973379,-0.18956935860163338,177.2,0.857251755982703,-0.15256754907263742,1.463522255079956,1.4567068551976108,-0.8660254037844384,-0.5000000000000004,0.2874448510253478
1986-09,98.2,4.58700621536042,-0.9723545354084688,65.1,-1.3243295764187217,-0.4115538513517237,1.38455429191932,1.2099401632626292,-1.0,-1.8369701987210297e-16,-0.18956935860163338
1986-10,97.83870967741936,4.583320303203435,-1.2255866483560869,106.3,-0.4430001477180881,-0.4860832288298317,0.9948333424159032,0.7298838408751415,-0.8660254037844386,0.5000000000000001,-0.9723545354084688
1986-11,169.9,5.135210028677887,-0.545594666938964,250.0,0.7698717817529502,-0.2838032919123458,-0.34301773240912564,0.6593153483697373,-0.5000000000000004,0.8660254037844384,-1.2255866483560869
1986-12,84.61290322580645,4.438086775381727,-0.812431070222134,45.800000000000004,-1.279095042543783,-0.44350930466437655,-0.5881439857633747,0.5244513946850016,-2.4492935982947064e-16,1.0,-0.545594666938964
1987-01,66.16129032258064,4.192095553587234,-0.8471998361126483,57.3,-0.8857216900753626,-0.5499839165274557,-0.8007844314708682,0.38460063508982323,0.49999999999999994,0.8660254037844387,-0.812431070222134
1987-02,160.75,5.079850363117729,0.21670446525904552,246.5,1.9449554313812993,0.048140983422348446,-0.24381366107376734,0.9285381394431459,0.8660254037844386,0.5000000000000001,-0.8471998361126483
1987-03,111.80645161290323,4.716769265790405,-0.10577591211270132,130.7,0.8032233915247182,1.194378087394078,0.31982974521347346,1.136384007956135,1.0,6.123233995736766e-17,0.21670446525904552
1987-04,565.1333333333333,6.337061691506196,1.084114662151328,364.2,1.8791253619678097,2.2795454049839656,1.3452119665015747,1.4416584650311353,0.8660254037844387,-0.49999999999999983,-0.10577591211270132
1987-05,586.1935483870968,6.3736500223941475,0.8396344705404859,392.8,1.6739865971468022,2.1455599260764004,1.8817065872243137,1.1378227718447502,0.49999999999999994,-0.8660254037844387,1.084114662151328
1987-06,452.26666666666665,6.114271976369529,1.2963654481800244,71.5,-0.16607509319896424,1.997791939107413,2.1262503309497482,1.1302472870408864,1.2246467991473532e-16,-1.0,0.8396344705404859
1987-07,137.7741935483871,4.92561606635632,0.37703505959302763,102.2,-0.2137963860056919,1.0300078346389692,2.1006588347457265,1.1580769066149956,-0.4999999999999998,-0.8660254037844388,1.2963654481800244
1987-08,116.41935483870968,4.757198800157642,-0.12460588341737022,106.2,-0.27917256564489845,-0.5320977225835252,1.515808128541687,0.9731746369383399,-0.8660254037844384,-0.5000000000000004,0.37703505959302763
1987-09,145.06666666666666,4.977193406873623,-0.5821673438952653,61.0,-1.4361885668749115,-1.0670601578148935,1.2024142543506897,0.9678270175304221,-1.0,-1.8369701987210297e-16,-0.12460588341737022
1987-10,251.25806451612902,5.5264805564348025,-0.2824263951247197,164.2,0.42421541045025146,-0.6469833904741432,0.44548124292557006,1.1193156664612047,-0.8660254037844386,0.5000000000000001,-0.5821673438952653
1987-11,485.1333333333333,6.184423767244876,0.5036190716280258,161.5,-0.04727499362161469,-0.5482400019644712,-0.753822630325386,0.9449065806136732,-0.5000000000000004,0.8660254037844384,-0.2824263951247197
1987-12,248.6451612903226,5.516026825049111,0.26550897944524987,211.60000000000002,0.7565406745229486,0.39159821812099394,-0.270224512716075,1.2803128188795103,-2.4492935982947064e-16,1.0,0.5036190716280258
1988-01,338.64516129032256,5.824952837327099,0.7856574476272167,84.3,-0.31713378771213196,0.12585006995351233,-0.3512452542177419,1.3272727517951322,0.49999999999999994,0.8660254037844387,0.26550897944524987
1988-02,275.0344827586207,5.6168964816552,0.7537505837965162,120.5,0.6811215166891631,0.4963670264717283,-0.08772320703936061,1.0469335200058,0.8660254037844386,0.5000000000000001,0.7856574476272167
1988-03,110.48387096774194,4.70486954621118,-0.11767563169192652,60.5,-0.20558092280391366,-0.14251908289274864,0.1581789337275602,0.9079086763348236,1.0,6.123233995736766e-17,0.7537505837965162
1988-04,240.0,5.480638923341991,0.22769189398712353,162.5,0.6482003567834543,0.3977304571420501,0.20440212351269274,0.3562228186896561,0.8660254037844387,-0.49999999999999983,-0.11767563169192652
1988-05,185.19354838709677,5.221401485682491,-0.3126140661711707,302.6,1.1823026597441801,0.8474740077054265,0.847886267852677,0.11802985234726156,0.49999999999999994,-0.8660254037844387,0.22769189398712353
1988-06,94.63333333333334,4.550009774810816,-0.2678967533786887,112.89999999999999,0.46280327111600017,1.0538955192814843,0.7023228701945444,0.21181525379067614,1.2246467991473532e-16,-1.0,-0.3126140661711707
1988-07,67.25806451612904,4.208536929747756,-0.34004407701553685,43.199999999999996,-1.570231161346725,0.5089224204416406,0.46537543226866745,0.03619551522437142,-0.4999999999999998,-0.8660254037844388,-0.2678967533786887
1988-08,208.67741935483872,5.340789611558839,0.45898492798382673,264.8,1.9022155828039873,0.5856178448441078,0.8291816538749548,0.4712583826104146,-0.8660254037844384,-0.5000000000000004,-0.34004407701553685
1988-09,205.0,5.3230099791384085,-0.23635077163048024,178.9,0.7357264340068739,0.7807365315031751,1.0948905891746337,0.7952043282317192,-1.0,-1.8369701987210297e-16,0.45898492798382673
1988-10,225.32258064516128,5.417533067205916,-0.3913738843536061,223.6,1.1221318312499988,1.8397605529610606,1.3286669635790038,0.9559677054785607,-0.8660254037844386,0.5000000000000001,-0.23635077163048024
1988-11,159.33333333333334,5.070998443823346,-0.6098062517935041,122.39999999999999,-0.5080774715780741,0.4269933972596019,0.5927983303996666,0.903412047191908,-0.5000000000000004,0.8660254037844384,-0.3913738843536061
1988-12,84.90322580645162,4.441512087960062,-0.8090057576437992,102.8,-0.32353907360407047,-0.1362945634876625,0.2882979329858993,0.5806355696226334,-2.4492935982947064e-16,1.0,-0.6098062517935041
1989-01,75.19354838709677,4.320065434550611,-0.7192299551492711,88.3,-0.2442011125065812,-0.8422570325097194,0.5332999445736208,0.5820813519736484,0.49999999999999994,0.8660254037844387,-0.8090057576437992
1989-02,93.85714285714286,4.5417738694292975,-0.32137202842938617,116.6,0.6305376666072743,-0.26305997717371654,0.052083224389468594,0.5818509421754319,0.8660254037844386,0.5000000000000001,-0.7192299551492711
1989-03,73.87096774193549,4.302319892063139,-0.5202252858399676,54.9,-0.3152598573500781,-0.19453077601233157,-0.3139551980370549,0.5781241616450383,1.0,6.123233995736766e-17,-0.32137202842938617
1989-04,81.2,4.396915247167632,-0.8560317821872356,68.9,-0.33136025446892475,-0.3184311354078721,-0.9979391170214338,0.3047109495187394,0.8660254037844387,-0.49999999999999983,-0.5202252858399676
1989-05,71.38709677419355,4.2681171355659036,-1.265898416287758,24.2,-1.9258803233965396,-1.486123536362992,-1.4836540626493413,-0.5168999783626603,0.49999999999999994,-0.8660254037844387,-0.8560317821872356
1989-06,92.7,4.529368472571809,-0.2885380556176953,68.5,-0.22046687961561426,-1.4973340493559197,-1.331619990261299,-0.6580923680477281,1.2246467991473532e-16,-1.0,-1.265898416287758
1989-07,72.09677419354838,4.2780093025625225,-0.27057170420077004,51.699999999999996,-1.3146653528581558,-1.7895667437150173,-1.5389497072709697,-0.6515746954403231,-0.4999999999999998,-0.8660254037844388,-0.2885380556176953
1989-08,96.80645161290323,4.572713640955221,-0.3090910426197917,134.0,0.2128457997087718,-0.7750217945839305,-1.5201924048787854,-1.1111174853505892,-0.8660254037844384,-0.5000000000000004,-0.27057170420077004
1989-09,746.4,6.615261649533134,1.0559008987642455,168.29999999999998,0.5909690194878029,-0.25882334302815246,-1.1604885471013326,-1.1221520967136818,-1.0,-1.8369701987210297e-16,-0.3090910426197917
1989-10,812.1290322580645,6.699659234259096,0.890752282699574,121.19999999999999,-0.19420129035922595,0.15815444874507603,-1.1497573339160692,-1.448766402947127,-0.8660254037844386,0.5000000000000001,1.0559008987642455
1989-11,205.4,5.324959297494458,-0.35584539812239235,63.1,-1.4650687466279866,-0.824294701122569,-1.0902284518186225,-1.6492916111550606,-0.5000000000000004,0.8660254037844384,0.890752282699574
1989-12,99.19354838709677,4.597072975755472,-0.6534448698483892,51.0,-1.1641349200544269,-1.798758962175786,-1.3673630071180174,-1.7430348322571059,-2.4492935982947064e-16,1.0,-0.35584539812239235
1990-01,80.54838709677419,4.388858085794627,-0.6504373039052549,84.1,-0.3208420570682933,-1.8745870184376452,-1.248446014010425,-1.7486074553716637,0.49999999999999994,0.8660254037844387,-0.6534448698483892
1990-02,69.35714285714286,4.239269138676066,-0.6238767591826173,109.3,0.5328018265728064,-0.7931375097792118,-1.1768379096532962,-1.765944320449845,0.8660254037844386,0.5000000000000001,-0.6504373039052549
1990-03,196.8709677419355,5.2825485280593485,0.46000335015624216,170.6,1.2208872309727292,0.6884452412718639,-0.919397849977039,-1.4496300443685939,1.0,6.123233995736766e-17,-0.6238767591826173
1990-04,143.3,4.964940334834126,-0.28800669452074157,104.5,0.11034674614118224,0.6417975234309993,-0.841545384059977,-1.3309062394769164,0.8660254037844387,-0.49999999999999983,0.46000335015624216
1990-05,105.70967741935483,4.660696444213668,-0.8733191076399933,60.300000000000004,-1.0524679937577672,-0.08939102682154071,-0.7700566508825841,-1.2466934650749248,0.49999999999999994,-0.8660254037844387,-0.28800669452074157
1990-06,86.66666666666667,4.4620693423474185,-0.3558371858420859,75.7,-0.09249445312561214,-0.808220080019249,-0.33093100849801005,-1.1994787795798942,1.2246467991473532e-16,-1.0,-0.8733191076399933
1990-07,53.645161290322584,3.9823912747077816,-0.5661897320555109,65.89999999999999,-0.9481040321848069,-1.204104999699384,-0.44796254458723983,-1.179478480584002,-0.4999999999999998,-0.8660254037844388,-0.3558371858420859
1990-08,80.16129032258064,4.384040734045583,-0.49776394952942926,63.0,-1.2608859203306604,-1.296521391606152,-0.7829047925432989,-1.4604015292407888,-0.8660254037844384,-0.5000000000000004,-0.5661897320555109
1990-09,336.03333333333336,5.817210361391786,0.25784961062289735,101.4,-0.5020200306405747,-1.5008222583323962,-1.4078650643538364,-1.679941782038389,-1.0,-1.8369701987210297e-16,-0.49776394952942926
1990-10,1065.8387096774193,6.971517289035577,1.162610337476055,377.9,2.5023339064666725,1.0396482119283896,-0.23727552283364123,-0.7476652814142545,-0.8660254037844386,0.5000000000000001,0.25784961062289735
1990-11,293.6666666666667,5.68244533726807,0.0016406416512193545,167.29999999999998,0.014368676799967362,1.1525560746364922,0.17057127249446002,-0.38692549549284316,-0.5000000000000004,0.8660254037844384,1.162610337476055
1990-12,214.7741935483871,5.369587213649824,0.11906936804596313,153.8,0.24719314054859431,1.2237890865373027,0.26184334053509434,-0.07092370396455122,-2.4492935982947064e-16,1.0,0.0016406416512193545
1991-01,149.1290322580645,5.004811919503079,-0.03448347019680309,60.8,-0.8026389053464853,-0.3512018498493567,0.28553621332544643,-0.13923188332071962,0.49999999999999994,0.8660254037844387,0.11906936804596313
1991-02,169.5,5.1328529268205045,0.26970702896182086,219.3,1.7147000264102925,0.6058110743854335,1.1142595608506523,0.1711619173857966,0.8660254037844386,0.5000000000000001,-0.03448347019680309
1991-03,149.7741935483871,5.009128783534775,0.18658360563166898,57.2,-0.26933957642398465,0.48011845763173294,1.19106494524225,-0.16827654772236642,1.0,6.123233995736766e-17,0.26970702896182086
1991-04,129.63333333333333,4.864709952493592,-0.38823707686127573,51.0,-0.6177511936837453,0.29703423522989847,-0.20720819787602676,-0.3444487084003155,0.8660254037844387,-0.49999999999999983,0.18658360563166898
1991-05,219.51612903225808,5.39142571060042,-0.14258984125324137,62.099999999999994,-1.02079283009846,-1.26996649455063,-0.6424182102476547,-0.3459016627542424,0.49999999999999994,-0.8660254037844387,-0.38823707686127573
1991-06,69.56666666666666,4.2422855254150456,-0.5756210027744588,36.4,-0.9464957843846553,-1.623221111386826,-0.9450516481960063,-0.47338504942183907,1.2246467991473532e-16,-1.0,-0.14258984125324137
1991-07,161.5483870967742,5.084804708294788,0.5362237015314957,129.79999999999998,0.2314045474915343,-0.9747509162445966,-0.5944649278715013,-0.29370016119943326,-0.4999999999999998,-0.8660254037844388,-0.5756210027744588
1991-08,91.3225806451613,4.514398080626753,-0.3674066029482592,79.5,-0.8428494901234079,-0.8590596950655919,-1.439079071388679,-0.2607288934643304,-0.8660254037844384,-0.5000000000000004,0.5362237015314957
1991-09,103.53333333333333,4.639893622046477,-0.9194671287224114,83.9,-0.867108159188304,-0.8239808337301312,-1.5715052569491328,-0.29661605480073017,-1.0,-1.8369701987210297e-16,-0.3674066029482592
1991-10,137.4516129032258,4.923271949014766,-0.8856350025447561,161.5,0.3888046438723697,-0.7092648196993782,-1.2341740370594216,-0.9587655596332011,-0.8660254037844386,0.5000000000000001,-0.9194671287224114
1991-11,160.2,5.076423034634259,-0.6043816609825914,105.39999999999999,-0.7405988213051737,-0.839363649010989,-1.1504319417565232,-1.145313443634024,-0.5000000000000004,0.8660254037844384,-0.8856350025447561
1991-12,64.45161290322581,4.165914754723353,-1.084603090880508,82.6,-0.6045759517808725,-0.8200687025167327,-1.0751515633651978,-1.318956262259957,-2.4492935982947064e-16,1.0,-0.6043816609825914
1992-01,479.0967741935484,6.1719026108118245,1.1326072211119422,63.599999999999994,-0.7385677674571318,-1.3551397607687763,-1.5190886117378302,-1.3028746258230846,0.49999999999999994,0.8660254037844387,-1.084603090880508
1992-02,90.37931034482759,4.504015373336932,-0.35913052452175176,62.3,-0.23354578675369664,-1.137182183281992,-1.4029084632440867,-1.8553691175022393,0.8660254037844386,0.5000000000000001,1.1326072211119422
1992-03,97.45161290322581,4.5793559769015255,-0.2431892010015808,59.4,-0.2265674721915515,-0.9871284932220691,-1.312838511833165,-1.9715442980639417,1.0,6.123233995736766e-17,-0.35913052452175176
1992-04,339.6333333333333,5.82786660431213,0.5749195749572626,120.3,0.27334435165500437,-0.30586507978590677,-1.345646418541115,-1.7090643711478637,0.8660254037844387,-0.49999999999999983,-0.2431892010015808
1992-05,738.5483870967741,6.604686620606049,1.0706710687523877,184.10000000000002,0.36484434522932946,0.06982665424328748,-0.8100240010554267,-1.3110594525066157,0.49999999999999994,-0.8660254037844387,0.5749195749572626
1992-06,278.73333333333335,5.630255530254355,0.8123490020648507,57.6,-0.4331841651447128,-0.006520079056988077,-0.6181087450940024,-1.2126613114136484,1.2246467991473532e-16,-1.0,1.0706710687523877
1992-07,95.51612903225806,4.559295123616445,0.010714116853152156,109.9,-0.08218145218720264,-0.09632991842375635,-0.4136688696315744,-1.313357154907389,-0.4999999999999998,-0.8660254037844388,0.8123490020648507
1992-08,112.54838709677419,4.723383236701628,-0.15842144687338422,105.10000000000001,-0.3003455808669239,-0.5994936942327583,-0.3414212886815799,-1.2484068063459897,-0.8660254037844384,-0.5000000000000004,0.010714116853152156
1992-09,108.03333333333333,4.682439821479392,-0.876920929289497,136.4,0.11532012459901637,-0.28158457124296055,-0.21695270314330742,-1.0396814885640926,-1.0,-1.8369701987210297e-16,-0.15842144687338422
1992-10,285.1290322580645,5.6529418225758015,-0.15596512898372072,90.1,-0.7423323860447842,-0.645080264559607,-0.5345311319451069,-1.2526146550361366,-0.8660254037844386,0.5000000000000001,-0.876920929289497
1992-11,291.46666666666664,5.674925648194219,-0.005879047422631345,283.2,1.0265117721664139,0.3288412143879699,-0.15703378783909755,-0.6287043621319234,-0.5000000000000004,0.8660254037844384,-0.15596512898372072
1992-12,271.2903225806452,5.603189548481848,0.3526717028779869,236.9,0.9508245277966121,0.7845959834124877,0.39414706172142844,-0.14087624749222097,-2.4492935982947064e-16,1.0,-0.005879047422631345
1993-01,168.6451612903226,5.127796870258966,0.08850148055908402,88.39999999999999,-0.24240700792577538,0.9421551969771204,0.35613025583636576,-0.07459623110633311,0.49999999999999994,0.8660254037844387,0.3526717028779869
1993-02,144.75,4.975008116453105,0.11186221859442114,40.9,-0.7249340038481334,0.16450709419933082,0.25142827493551007,-0.12461549593821437,0.8660254037844386,0.5000000000000001,0.08850148055908402
1993-03,73.06451612903226,4.2913428334319885,-0.5312023444711178,74.7,0.044875177566622,-0.7701475615111792,0.21383321129467894,-0.10785184509305765,1.0,6.123233995736766e-17,0.11186221859442114
1993-04,557.3,6.32310369457549,1.0701566652206225,333.7,1.726897703565667,0.9963974985366434,1.2145521654701963,0.4698825631088421,0.8660254037844387,-0.49999999999999983,-0.5312023444711178
1993-05,624.0322580645161,6.436202062649467,0.9021865107958051,231.8,0.7261403447124678,1.3071822425970616,1.0895821388855556,0.6272023488526349,0.49999999999999994,-0.8660254037844387,1.0701566652206225
1993-06,168.4,5.126342101808226,0.30843557361872165,39.6,-0.8572219006788963,1.1672934489550146,0.5674394319596419,0.5402470610536408,1.2246467991473532e-16,-1.0,0.9021865107958051
1993-07,123.70967741935483,4.81793750931621,0.26935650255291765,68.5,-0.8872220958276862,-0.1696101247015565,0.41538441995502257,0.42640910964521506,-0.4999999999999998,-0.8660254037844388,0.30843557361872165
1993-08,109.41935483870968,4.695187792426648,-0.18661689114836477,36.9,-2.1230516415529155,-2.0573642317984198,0.2587657708784389,0.22384959839260807,-0.8660254037844384,-0.5000000000000004,0.26935650255291765
1993-09,239.23333333333332,5.477439365767917,-0.0819213850009719,138.9,0.15511318405437818,-1.3400245431408706,0.33267748099478317,0.2433056618161185,-1.0,-1.8369701987210297e-16,-0.18661689114836477
1993-10,91.87096774193549,4.52038506804672,-1.2885218835128018,98.3,-0.5865596512438885,-1.2280931114985623,-0.8943786947492218,0.28243652185073964,-0.8660254037844386,0.5000000000000001,-0.0819213850009719
1993-11,133.76666666666668,4.896096988604762,-0.7847077070120889,156.7,-0.09943011585933902,-0.49208957113456697,-1.5009830828516972,-0.04090286487847543,-0.5000000000000004,0.8660254037844384,-1.2885218835128018
1993-12,62.516129032258064,4.135424587965566,-1.1150932576382955,63.0,-0.9282593311662258,-1.0645466269612824,-1.5221045094626988,-0.5418094079069417,-2.4492935982947064e-16,1.0,-0.7847077070120889
1994-01,53.096774193548384,3.972116176751869,-1.0671792129480133,102.5,-0.002137389647448575,-0.7759646682220299,-1.3987973426718867,-0.4994640601686632,0.49999999999999994,0.8660254037844387,-1.1150932576382955
1994-02,47.285714285714285,3.8562082263217494,-1.0069376715369343,15.799999999999999,-1.6457402738947393,-1.426548998930923,-1.306322612082437,-0.5648141349733844,0.8660254037844386,0.5000000000000001,-1.0671792129480133
1994-03,29.70967741935484,3.3914728317701606,-1.4310723461329458,48.599999999999994,-0.44810181789527725,-1.216006470661653,-1.6402815673625055,-0.7010011515386966,1.0,6.123233995736766e-17,-1.0069376715369343
1994-04,37.63333333333333,3.6278901824875067,-1.625056846867361,83.30000000000001,-0.13714416685370284,-1.1740784723770097,-1.4903592246778876,-1.5709290795821613,0.8660254037844387,-0.49999999999999983,-1.4310723461329458
1994-05,29.612903225806452,3.3882101861353444,-2.145805365718317,76.39999999999999,-0.7901490472773761,-0.9441072332694818,-1.9205275396128532,-2.2546467554875598,0.49999999999999994,-0.8660254037844387,-1.625056846867361
1994-06,17.833333333333332,2.8810693652338513,-1.9368371629556531,19.4,-1.5538750541458213,-1.3267176403849306,-1.8332300760842357,-2.2833666179649543,1.2246467991473532e-16,-1.0,-2.145805365718317
1994-07,14.138709677419355,2.648916402939617,-1.8996646038236755,90.3,-0.43117295097378305,-1.3516615357065884,-1.8769299734498928,-2.23913373092986,-0.4999999999999998,-0.8660254037844388,-1.9368371629556531
1994-08,27.019354838709678,3.296553455071181,-1.5852512285038314,58.5,-1.388164276416727,-1.7387316304551166,-1.6766215114767187,-2.1835319853894033,-0.8660254037844384,-0.5000000000000004,-1.8996646038236755
1994-09,23.933333333333334,3.175272187386069,-2.3840885633828197,74.3,-1.0904020022765053,-1.5861850982850356,-1.8206792939718652,-2.4197737887158297,-1.0,-1.8369701987210297e-16,-1.5852512285038314
1994-10,96.3225806451613,4.5677027736139895,-1.2412041779455327,94.8,-0.6519042198878756,-1.7650052334380986,-2.1254986412666734,-2.3846569834710936,-0.8660254037844386,0.5000000000000001,-2.3840885633828197
1994-11,34.666666666666664,3.545778610473263,-2.1350260851435876,125.3,-0.4706895449233845,-1.341140166184282,-2.0078079823724817,-2.511553150870177,-0.5000000000000004,0.8660254037844384,-1.2412041779455327
1994-12,29.70967741935484,3.3914728317701606,-1.8590450138337005,71.2,-0.7851758693021764,-1.2852454834539526,-1.8098127152819872,-2.3323211166755424,-2.4492935982947064e-16,1.0,-2.1350260851435876
1995-01,26.161290322580644,3.2642808496302664,-1.7750145400696158,104.0,0.022075377893811338,-0.9437173307191354,-1.8256715510372135,-2.3115575548911798,0.49999999999999994,0.8660254037844387,-1.8590450138337005
1995-02,65.35714285714286,4.179866735660263,-0.6832791621984207,73.9,-0.015401261900332617,-0.7507445654670445,-1.500781537054417,-2.068280558214829,0.8660254037844386,0.5000000000000001,-1.7750145400696158
1995-03,96.6774193548387,4.571379862831517,-0.25116531507158957,71.4,-0.01027908734214795,-0.2959262985583137,-1.276167826945073,-2.1113138158000058,1.0,6.123233995736766e-17,-0.6832791621984207
1995-04,31.933333333333334,3.4636503963087053,-1.7892966330461624,,,,,,0.8660254037844387,-0.49999999999999983,-0.25116531507158957
1995-05,643.9354838709677,6.467598540761386,0.9335829889077241,116.60000000000001,-0.2743411378967108,,,,0.49999999999999994,-0.8660254037844387,-1.7892966330461624
1995-06,91.7,4.51852237926242,-0.29938414892708476,91.80000000000001,0.16627280946739081,,,,1.2246467991473532e-16,-1.0,0.9335829889077241
1995-07,55.12903225806452,4.009676478630444,-0.5389045281328482,187.6,0.9915276474982799,0.1677247510025259,,,-0.4999999999999998,-0.8660254037844388,-0.29938414892708476
1995-08,65.96774193548387,4.1891658639917555,-0.6926388195832569,182.0,0.922210488847079,0.8591953507335344,,,-0.8660254037844384,-0.5000000000000004,-0.5389045281328482
1995-09,645.1333333333333,6.469457013778732,0.9100962630098435,144.4,0.24100690332442062,0.9688414466875054,,,-1.0,-1.8369701987210297e-16,-0.6926388195832569
1995-10,372.96774193548384,5.9214919331572755,0.11258498159775332,265.1,1.5409143792325535,1.3675178719343666,0.8082157582388847,,-0.8660254037844386,0.5000000000000001,0.9100962630098435
1995-11,316.8666666666667,5.758481075511799,0.07767637989494869,155.3,-0.11484515808316559,0.6760136630106774,0.9302267384763298,,-0.5000000000000004,0.8660254037844384,0.11258498159775332
1995-12,128.1290322580645,4.8530378206799165,-0.3974800249239445,151.9,0.2284419844547698,0.5843900965820068,0.8790128250645711,,-2.4492935982947064e-16,1.0,0.07767637989494869
1996-01,175.80645161290323,5.169383683172144,0.13008829347226136,178.3,1.0097068633655908,0.28987898315417326,0.9335978017089225,,0.49999999999999994,0.8660254037844387,-0.3974800249239445
1996-02,170.0,5.135798437050262,0.2726525391915784,41.6,-0.7062752540785815,0.2029683043926092,0.5201494838534267,,0.8660254037844386,0.5000000000000001,0.13008829347226136
1996-03,83.38709677419355,4.423493582457383,-0.399051595445723,42.099999999999994,-0.5980427199296646,-0.17363791995856226,0.30903364010927803,,1.0,6.123233995736766e-17,0.2726525391915784
1996-04,154.63333333333333,5.041056723089588,-0.21189030626527927,54.8,-0.5515657789917989,-1.2780168615332053,-0.6249558360642967,0.11500190756007182,0.8660254037844387,-0.49999999999999983,-0.399051595445723
1996-05,143.48387096774192,4.966222631445272,-0.5677929204083894,63.7,-0.9931921368474066,-1.3613311765278326,-1.0289015855858294,-0.03000497959666633,0.49999999999999994,-0.8660254037844387,-0.21189030626527927
1996-06,93.86666666666666,4.541875335615778,-0.27603119257372644,118.6,0.5365079719903512,-0.8343290672362712,-0.8764172675416262,0.02943652514153391,1.2246467991473532e-16,-1.0,-0.5677929204083894
1996-07,129.48387096774192,4.863556324871137,0.3149753181078445,90.3,-0.43117295097378305,-0.6283366686453049,-1.376872292873109,-0.2690768345216927,-0.4999999999999998,-0.8660254037844388,-0.27603119257372644
1996-08,77.7741935483871,4.353809673696025,-0.5279950098789872,119.1,-0.04127448448232646,-0.11540848957472467,-1.0407351344654234,-0.48175083515483613,-0.8660254037844384,-0.5000000000000004,0.3149753181078445
1996-09,1294.7,7.166034287064601,1.6066735362957125,322.2,2.30438821607114,1.0875605258353849,0.014326679801695903,0.07068148747433664,-1.0,-1.8369701987210297e-16,-0.5279950098789872
1996-10,211.32258064516128,5.35338578424673,-0.45552116731279213,130.5,-0.04928448402656256,1.2384456956526284,0.21735119810906153,-0.3053630106207626,-0.8660254037844386,0.5000000000000001,1.6066735362957125
1996-11,280.1333333333333,5.6352656803027354,-0.04553901531411508,229.2,0.5976058473809186,1.3460746350728054,0.8632597889704211,-0.04976185344305246,-0.5000000000000004,0.8660254037844384,-0.45552116731279213
1996-12,275.51612903225805,5.618646171461001,0.36812832585713995,141.4,0.12188346485788086,0.18324229867044098,0.6753494883528336,-0.07651419965011315,-2.4492935982947064e-16,1.0,-0.04553901531411508
1997-01,550.3548387096774,6.3105632314897635,1.2712678417898813,268.9,1.900259585885294,1.0926521603085964,1.455007340745985,0.16666899760137233,0.49999999999999994,0.8660254037844387,0.36812832585713995
1997-02,158.75,5.067330637772801,0.20418473991411723,111.89999999999999,0.5680883594020025,1.1180143160620388,1.5844968200542482,0.3612800092349775,0.8660254037844386,0.5000000000000001,1.2712678417898813
1997-03,114.6774193548387,4.742123137752195,-0.08042204015091148,52.6,-0.3624993604498975,1.186909971874111,0.7622515199276358,0.3888270135059798,1.0,6.123233995736766e-17,0.20418473991411723
1997-04,73.2,4.293195420967266,-0.9597516083876014,3.3,-2.4632428652770066,-0.9620087637560426,0.23199217095478467,0.22713158993080856,0.8660254037844387,-0.49999999999999983,-0.08042204015091148
1997-05,79.96774193548387,4.381623327550044,-1.1523922243036173,80.1,-0.7355927998853596,-1.6123198164150632,-0.3718994003197873,0.29025049378881007,0.49999999999999994,-0.8660254037844387,-0.9597516083876014
1997-06,44.96666666666667,3.8059214745456007,-1.0119850536439037,16.1,-1.7163791771493764,-2.240086133153056,-0.6935941457108165,-0.027452971746819668,1.2246467991473532e-16,-1.0,-1.1523922243036173
1997-07,44.67741935483871,3.7994682141362928,-0.7491127926269998,65.60000000000001,-0.9552370576139678,-1.5970612010041565,-1.906353528569917,-0.11073101006732607,-0.4999999999999998,-0.8660254037844388,-1.0119850536439037
1997-08,90.83870967741936,4.509085512792787,-0.3727191707822257,74.1,-0.9723353133573791,-1.9048250929184274,-2.252986145752133,-0.26255899019123,-0.8660254037844384,-0.5000000000000004,-0.7491127926269998
1997-09,57.666666666666664,4.054679305829669,-1.5046814449392194,111.6,-0.30888947956398627,-1.2620191361238002,-2.163862230008731,-0.9142935705515358,-1.0,-1.8369701987210297e-16,-0.3727191707822257
1997-10,240.7741935483871,5.483859538042034,-0.32504741351748834,238.2,1.2747210241328422,0.16138150014793665,-1.04952490297183,-0.5371126460975866,-0.8660254037844386,0.5000000000000001,-1.5046814449392194
1997-11,60.93333333333333,4.10978037035194,-1.5710243252649105,87.8,-1.0109071317276381,-0.1653653222522493,-1.1686908100525493,-0.969717665078144,-0.5000000000000004,0.8660254037844384,-0.32504741351748834
1997-12,37.74193548387097,3.6307718233066555,-1.6197460222972055,2.0,-3.6856602271530354,-0.9851946681071555,-1.4240918689398052,-1.3787382842927105,-2.4492935982947064e-16,1.0,-1.5710243252649105
1998-01,78.12903225806451,4.358361719627891,-0.6809336700719912,152.5,0.7042317137689248,-1.4395889274370242,-0.9948881776015723,-1.788259364574691,0.49999999999999994,0.8660254037844387,-1.6197460222972055
1998-02,127.60714285714286,4.848956347848206,-0.014189550010478058,92.69999999999999,0.29333297166110406,-0.7678152418144518,-0.6858582337835546,-1.8504661472033141,0.8660254037844386,0.5000000000000001,-0.6809336700719912
1998-03,55.03225806451613,4.007919523566478,-0.8146256543366279,57.0,-0.2732826115372373,0.18897347120607602,-0.7411230654667587,-1.9576390212267456,1.0,6.123233995736766e-17,-0.014189550010478058
1998-04,188.06666666666666,5.236796509899786,-0.01615051945508128,168.29999999999998,0.6944956480870887,0.23569393973440966,-0.9625915321769494,-1.3468189718234962,0.8660254037844387,-0.49999999999999983,-0.8146256543366279
1998-05,248.3548387096774,5.514858524792904,-0.019157027060757947,210.3,0.5699907970690116,0.43835147465710783,-0.253625557188523,-0.9323247331350096,0.49999999999999994,-0.8660254037844387,-0.01615051945508128
1998-06,129.93333333333334,4.867021498405351,0.049114970215846654,42.6,-0.7781337741011995,0.31841982808426766,0.21203792247324074,-0.833272542155887,1.2246467991473532e-16,-1.0,-0.019157027060757947
1998-07,64.61290322580645,4.168414131180672,-0.38016687558262063,68.7,-0.8826066196473968,-0.28772518315483697,-0.20387762286050481,-0.846754497259515,-0.4999999999999998,-0.8660254037844388,0.049114970215846654
1998-08,173.06451612903226,5.153664450579653,0.2718597670046403,103.3,-0.33531953342360593,-1.1848317070544292,-0.28202225668260145,-0.7723072848369901,-0.8660254037844384,-0.5000000000000004,-0.38016687558262063
1998-09,781.3666666666667,6.661044523234833,1.101683772465944,34.099999999999994,-2.351782419172716,-1.7956856639869625,-0.6024073029001421,-1.0080144708491343,-1.0,-1.8369701987210297e-16,0.2718597670046403
1998-10,498.61290322580646,6.211830049667173,0.40292309810765037,136.3,0.03760052682475902,-1.2324310376833467,-0.9963319809750592,-1.327462725693152,-0.8660254037844386,0.5000000000000001,1.101683772465944
1998-11,594.6666666666666,6.388001024471845,0.7071963288549945,96.39999999999999,-0.8744760626027026,-1.6113168839285643,-1.8778178861698072,-1.2743830189094538,-0.5000000000000004,0.8660254037844384,0.40292309810765037
1998-12,558.4193548387096,6.325110212091583,1.074592366487722,301.59999999999997,1.3936952004037984,0.37469147342716674,-0.580901603014772,-0.2695721333492363,-2.4492935982947064e-16,1.0,0.7071963288549945
1999-01,218.70967741935485,5.387745176449295,0.34844978674941274,94.5,-0.1354855421442985,0.3297539613592738,-0.46452835973750656,-0.43951582758877433,0.49999999999999994,0.8660254037844387,1.074592366487722
1999-02,152.39285714285714,5.026461773012796,0.1633158751541126,28.5,-1.1018264924006194,0.5480186624209518,-0.6507248187112001,-0.6215615080421778,0.8660254037844386,0.5000000000000001,0.34844978674941274
1999-03,143.8709677419355,4.968916840528964,0.14637166262585755,42.199999999999996,-0.5956206934534662,-1.2380260207330593,-0.3618455729814071,-0.7251512558892148,1.0,6.123233995736766e-17,0.1633158751541126
1999-04,164.96666666666667,5.105743433289731,-0.147203596065137,82.9,-0.1422100142462279,-1.109819336019615,-0.5133168629057911,-1.0182058886226049,0.8660254037844387,-0.49999999999999983,0.14637166262585755
1999-05,179.03225806451613,5.187566002255334,-0.3464495495983275,34.8,-1.6015901415103477,-1.3680758063370304,-0.7451899004893797,-1.696970474783585,0.49999999999999994,-0.8660254037844387,-0.147203596065137
1999-06,511.8,6.237933923725689,1.4200273955361844,200.6,1.4082307857216776,-0.27007901356788716,-0.9636681247664259,-1.0960582237322813,1.2246467991473532e-16,-1.0,-0.3464495495983275
1999-07,160.4516129032258,5.077992419878203,0.5294114131149108,172.7,0.8121818858214489,0.23622429143951626,-0.5657062697492763,-0.7739312479744406,-0.4999999999999998,-0.8660254037844388,1.4200273955361844
1999-08,229.1290322580645,5.434285304512664,0.5524806209376516,198.79999999999998,1.1412025630488145,1.5350119874364572,0.0537034252978243,-0.4874259062023964,-0.8660254037844384,-0.5000000000000004,0.5294114131149108
1999-09,738.0333333333333,6.603988990698807,1.044628239929918,174.6,0.6776991761359281,1.1834612615023137,0.389608803202175,-0.043019097707149595,-1.0,-1.8369701987210297e-16,0.5524806209376516
1999-10,501.06451612903226,6.216734867502761,0.40782791594323875,112.2,-0.34180438052428697,0.6367479513780703,0.42790309571303026,-0.09316370545401816,-0.8660254037844386,0.5000000000000001,1.044628239929918
1999-11,1029.2,6.936537080407589,1.255732384790739,250.7,0.7755038778082943,0.506940792376061,1.2624076899211678,0.38483728883021184,-0.5000000000000004,0.8660254037844384,0.40782791594323875
1999-12,680.2258064516129,6.522424811358869,1.271906965755008,256.3,1.0909362449569893,0.8309333896837964,1.1675158039541165,0.24267056920849905,-2.4492935982947064e-16,1.0,1.255732384790739
2000-01,349.83870967741933,5.857472218775828,0.8181768290759459,106.3,0.05874921710267013,0.9657789338897375,1.0214128216552336,0.2678680541647686,0.49999999999999994,0.8660254037844387,1.271906965755008
2000-02,188.79310344827587,5.240651724698227,0.3775058268395437,52.5,-0.4408808669900349,0.48811698659856,0.5890529327954204,0.3402224535934245,0.8660254037844386,0.5000000000000001,0.8181768290759459
2000-03,104.93548387096774,4.653345721988205,-0.16919945591490126,24.099999999999998,-1.119124659506411,-1.0160581792867862,0.15576804311368142,0.2879420167721263,1.0,6.123233995736766e-17,0.3775058268395437
2000-04,77.33333333333333,4.3481250829982,-0.9048219463566678,45.0,-0.7299079555663082,-1.4825756498376856,-0.08909063724964154,0.1629238238358892,0.8660254037844387,-0.49999999999999983,-0.16919945591490126
2000-05,274.16129032258067,5.61371658401348,0.07970103215981883,136.0,-0.06939211389469217,-0.9698437628220368,-0.5606128764822066,0.4645825453124341,0.49999999999999994,-0.8660254037844387,-0.9048219463566678
2000-06,83.9,4.429625613473161,-0.3882809147163435,66.9,-0.25014832834943984,-0.7522685242984063,-1.2736123557643235,0.059982670157633894,1.2246467991473532e-16,-1.0,0.07970103215981883
2000-07,52.03225806451613,3.9518638736400624,-0.5967171331232302,36.5,-1.7989508188844348,-0.8838520337691731,-1.692466999619902,-0.3551958149513794,-0.4999999999999998,-0.8660254037844388,-0.3882809147163435
2000-08,83.7741935483871,4.428125007177602,-0.45367967639741025,103.69999999999999,-0.32751194607309747,-1.268248099746209,-1.4612240659778155,-0.6748860004673684,-0.8660254037844384,-0.5000000000000004,-0.5967171331232302
2000-09,190.0,5.247024072160486,-0.31233667860840253,172.2,0.6449046825344227,-0.6375507943590988,-0.9280615868149561,-0.6613669982590095,-1.0,-1.8369701987210297e-16,-0.45367967639741025
2000-10,399.61290322580646,5.990496336607947,0.18158938504842492,94.8,-0.6519042198878756,-0.2870450624980556,-0.9154646943175152,-0.6890842972392971,-0.8660254037844386,0.5000000000000001,-0.31233667860840253
2000-11,303.06666666666666,5.713952803310279,0.03314810769342813,57.1,-1.5944956376080763,-1.0693832627356015,-1.5497751425295827,-1.3203005947536308,-0.5000000000000004,0.8660254037844384,0.18158938504842492
2000-12,112.19354838709677,4.720225490429082,-0.5302923551747787,81.0,-0.6288144799045334,-1.8226129993687217,-1.6221916105037306,-1.8729868317107663,-2.4492935982947064e-16,1.0,0.03314810769342813
2001-01,88.74193548387096,4.485732556439428,-0.5535628332604539,78.69999999999999,-0.4233398651053746,-1.683506596877575,-1.4519146794962878,-1.96717450946033,0.49999999999999994,0.8660254037844387,-0.5302923551747787
2001-02,84.27857142857144,4.434127638490615,-0.4290182593680685,118.5,0.6553165418598387,-0.4997942589983223,-1.1458497545824833,-1.7094730655336934,0.8660254037844386,0.5000000000000001,-0.5535628332604539
2001-03,56.16129032258065,4.028227735283043,-0.7943174426200637,54.5,-0.32337798417774594,-0.27249948265195284,-1.6423192340750636,-1.709602688243587,1.0,6.123233995736766e-17,-0.4290182593680685
2001-04,64.76666666666667,4.170791067715284,-1.0821559616395833,91.1,-0.041549598367153044,-0.1377987032884926,-1.4225779525435678,-1.5448663679121752,0.8660254037844387,-0.49999999999999983,-0.7943174426200637
2001-05,139.3548387096774,4.9370234767530095,-0.5969920751006521,90.4,-0.5925928685173949,-0.7321256756748727,-1.1324913562046204,-1.7768852910064237,0.49999999999999994,-0.8660254037844387,-1.0821559616395833
2001-06,72.38000000000001,4.281930018135596,-0.5359765100539082,61.9,-0.34618568700661895,-0.7861526164486149,-0.8986086879776065,-1.7563336486983476,1.2246467991473532e-16,-1.0,-0.5969920751006521
2001-07,64.81290322580645,4.171504707390743,-0.3770762993725496,126.3,0.17870649251590662,-0.5844856933176891,-0.6590706452854977,-1.4575478694025066,-0.4999999999999998,-0.8660254037844388,-0.5359765100539082
2001-08,78.7258064516129,4.365971010842056,-0.5158336727329562,133.9,0.21120485790832688,-0.16419897886816928,-0.6961352699689204,-1.3750140342695092,-0.8660254037844384,-0.5000000000000004,-0.3770762993725496
2001-09,149.77,5.009100784004304,-0.5502599667645844,138.1,0.142431790436294,0.11283405908693891,-0.5355474698809005,-1.4704953608763502,-1.0,-1.8369701987210297e-16,-0.5158336727329562
2001-10,66.73548387096774,4.200736803532447,-1.6081701480270754,98.8,-0.5773564291211556,-0.28616286983734696,-0.7070349895344759,-1.4180276041792526,-0.8660254037844386,0.5000000000000001,-0.5502599667645844
2001-11,694.15,6.542688075480811,0.8618833798639605,352.8,1.507706834673752,0.825599293789234,0.444410068869054,-0.4024790947038802,-0.5000000000000004,0.8660254037844384,-1.6081701480270754
2001-12,266.5483870967742,5.585555792216038,0.3350379466121769,229.20000000000002,0.89317384192794,1.136864580382589,0.8520444900345236,0.04097605094695276,-2.4492935982947064e-16,1.0,0.8618833798639605
2002-01,149.25806451612902,5.005676784421853,-0.03361860527802918,87.6,-0.25679885616909987,1.2343193592027308,0.7841866664955269,0.06088679036058511,0.49999999999999994,0.8660254037844387,0.3350379466121769
2002-02,109.01071428571429,4.691446173597602,-0.1716997242610816,50.8,-0.4795375798811666,0.1741589105159385,0.6091480370644006,-0.1159477960731389,0.8660254037844386,0.5000000000000001,-0.03361860527802918
2002-03,106.50322580645161,4.668175273953226,-0.15436990394988026,60.0,-0.2150881332505089,-0.8336318719423153,0.5163321841485728,-0.12754037660907294,1.0,6.123233995736766e-17,-0.1716997242610816
2002-04,605.8533333333332,6.40663793257431,1.1536909032194425,163.1,0.6530388852348884,-0.06631258818011058,0.7876553619812414,0.06249006675375532,0.8660254037844387,-0.49999999999999983,-0.15436990394988026
2002-05,205.5483870967742,5.325681466544793,-0.2083340853088682,46.5,-1.321746014740875,-0.49704754427980885,-0.4752482758286652,-0.05878907793592516,0.49999999999999994,-0.8660254037844387,1.1536909032194425
2002-06,141.64333333333335,4.9533121608084505,0.13540563261894611,77.0,-0.07028623891486463,-0.47706811212374106,-0.9551952943872685,-0.03178231486747564,1.2246467991473532e-16,-1.0,-0.2083340853088682
2002-07,91.95483870967742,4.521297572935785,-0.027283433827507864,49.099999999999994,-1.3893880353938735,-1.484956949810054,-1.1697663249588381,-0.27271905032846105,-0.4999999999999998,-0.8660254037844388,0.13540563261894611
2002-08,104.35483870967742,4.647797002449855,-0.23400768112515724,100.4,-0.3925494544540226,-1.0565440188797175,-1.0019848765152293,-0.39346460654271825,-0.8660254037844384,-0.5000000000000004,-0.027283433827507864
2002-09,205.17999999999998,5.3238876426595665,-0.2354731081093222,97.0,-0.5894470531507642,-1.3153433523120206,-1.067900287652844,-0.5027911839545962,-1.0,-1.8369701987210297e-16,-0.23400768112515724
2002-10,141.61290322580646,4.953097301584071,-0.8558096499754511,70.6,-1.1572755614512484,-1.294727914904548,-1.9388358639854655,-0.5650206758649355,-0.8660254037844386,0.5000000000000001,-0.2354731081093222
2002-11,90.35333333333332,4.5037279099197605,-1.17707678569709,48.1,-1.8088693186521039,-2.168471333898151,-2.1531156134712535,-1.585331472962873,-0.5000000000000004,0.8660254037844384,-0.8558096499754511
2002-12,47.880645161290325,3.868711355145573,-1.3818064904582879,52.3,-1.1367473163552955,-2.509676904012979,-2.4548827761991165,-2.160456907286565,-2.4492935982947064e-16,1.0,-1.17707678569709
2003-01,61.78709677419355,4.123694552602372,-0.91560083709751,100.6,-0.03315227046151165,-1.8450273550084104,-2.2278159846194283,-2.095708686949602,0.49999999999999994,0.8660254037844387,-1.3818064904582879
2003-02,50.43214285714286,3.920628726900002,-0.9425171709586815,42.5,-0.6826115088725573,-1.2730079793227498,-2.4110268984838354,-2.1188265317886295,0.8660254037844386,0.5000000000000001,-0.91560083709751
2003-03,74.54516129032258,4.311405133541884,-0.5111400443612224,20.6,-1.2492128923291834,-1.2575871567802313,-2.7957818195893993,-2.4261413627614967,1.0,6.123233995736766e-17,-0.9425171709586815
2003-04,428.78333333333336,6.060951740842002,0.8080047114871345,132.4,0.38870332538865066,-0.6971936615145485,-1.9736392130287226,-2.561522047486143,0.8660254037844387,-0.49999999999999983,-0.5111400443612224
2003-05,182.54516129032257,5.206997601534642,-0.3270179503190196,92.7,-0.5622500063588414,-0.6620049475273398,-1.5761322389249233,-2.450614879033104,0.49999999999999994,-0.8660254037844387,0.8080047114871345
2003-06,76.28333333333333,4.3344544784315415,-0.48345204975796285,6.6,-2.4082795619989668,-0.876337144524133,-1.496907045251081,-2.698318382331952,1.2246467991473532e-16,-1.0,-0.3270179503190196
2003-07,60.36129032258064,4.100348010784823,-0.44823299597846944,126.0,0.17414443692357176,-0.9998457467859262,-1.3189259269002265,-2.4104101473965893,-0.4999999999999998,-0.8660254037844388,-0.48345204975796285
2003-08,98.25483870967743,4.58756449849014,-0.29424018508487215,126.0,0.07890105459670844,-0.732275940464059,-0.9600778376223366,-2.336428440378783,-0.8660254037844384,-0.5000000000000004,-0.44823299597846944
2003-09,216.32666666666668,5.376789610920151,-0.1825711398487373,162.9,0.5149173052825121,0.24496818802233336,-0.5130290061456623,-2.026937914670178,-1.0,-1.8369701987210297e-16,-0.29424018508487215
2003-10,423.741935483871,6.049124627207063,0.24021767564754093,160.5,0.37559030220173445,0.36306188686157853,-0.5773577425076497,-1.6351469155673566,-0.8660254037844386,0.5000000000000001,-0.1825711398487373
2003-11,787.0,6.668228248417403,0.9874235528005526,467.09999999999997,2.181980438350274,1.9036783190979163,1.0231421677911712,-0.20548557354417543,-0.5000000000000004,0.8660254037844384,0.24021767564754093
2003-12,347.64516129032256,5.851182308111685,0.6006644625078241,87.0,-0.5395782346616379,1.2971372871938958,1.0384132939227904,-0.09583896605888302,-2.4492935982947064e-16,1.0,0.9874235528005526
2004-01,187.7741935483871,5.235240142786589,0.19594475308670667,91.5,-0.1874632708750816,1.121705372686408,1.0058589437149312,-0.12440773950544318,0.49999999999999994,0.8660254037844387,0.6006644625078241
2004-02,109.49310344827587,4.695861565065567,-0.16728433279311705,107.5,0.5080488849112811,-0.43560304817860507,1.0984697516916166,0.06421301543377908,0.8660254037844386,0.5000000000000001,0.19594475308670667
2004-03,223.49032258064514,5.409368113700719,0.5868229357976125,257.5,1.954299720197861,1.341248395386616,1.7185712847002774,0.6946143511930539,1.0,6.123233995736766e-17,-0.16728433279311705
2004-04,257.03333333333336,5.549205778170806,0.29625874881593806,28.4,-1.1116918031380074,0.6931898531000371,1.1464775700288659,0.3965653548741463,0.8660254037844387,-0.49999999999999983,0.5868229357976125
2004-05,606.0322580645161,6.406933215782153,0.872917663928491,347.7,1.4381745065732523,1.2822133319184548,0.7612893818981163,1.1032887424249247,0.49999999999999994,-0.8660254037844387,0.29625874881593806
2004-06,178.36666666666667,5.1838413566491495,0.3659348284596451,81.2,-0.00023539931086122412,0.5018825092363227,0.9694513717877296,1.2311015342793685,1.2246467991473532e-16,-1.0,0.872917663928491
2004-07,114.98709677419355,4.744819920104605,0.19623891334131205,121.1,0.09858166414885723,0.9547050637134133,0.9769207167069771,1.2293604747133613,-0.4999999999999998,-0.8660254037844388,0.3659348284596451
2004-08,177.1290322580645,5.176878462793726,0.2950737792187139,52.5,-1.5692345273272594,-0.7691630833467648,0.631677981619765,1.0404271285856337,-0.8660254037844384,-0.5000000000000004,0.19623891334131205
2004-09,473.4,6.159940697079883,0.6005799463109947,301.90000000000003,2.113733298452908,0.699557192067054,0.6412543780266938,1.3874700068948225,-1.0,-1.8369701987210297e-16,0.2950737792187139
2004-10,437.06451612903226,6.080080818361285,0.2711738668017629,111.1,-0.3603909150237142,0.48651678698398226,0.9171091509946553,1.2709694639430114,-0.8660254037844386,0.5000000000000001,0.6005799463109947
2004-11,1249.7,7.130658801491738,1.4498541058748877,400.7,1.8047835533828915,2.0163244019255324,1.1008240678149273,1.1582481119405046,-0.5000000000000004,0.8660254037844384,0.2711738668017629
2004-12,577.483870967742,6.358680512945738,1.108162667341877,190.7,0.5843419609214189,1.2403368012938674,1.2126926372934341,1.3308002902642155,-2.4492935982947064e-16,1.0,1.4498541058748877
2005-01,989.3548387096774,6.897053052623151,1.8577576629232686,419.0,3.031275148314821,2.611855594193454,2.381803048291716,2.021208249136783,0.49999999999999994,0.8660254037844387,1.108162667341877
2005-02,361.92857142857144,5.891446875860651,1.0283009780019672,30.0,-1.0505463202165057,1.7191161619156845,2.4456759846588567,1.8697962571320437,0.8660254037844386,0.5000000000000001,1.8577576629232686
2005-03,155.38709677419354,5.045919402145074,0.22337422424196784,3.0999999999999996,-2.228806130741635,1.3122449480717298,1.6561893333000564,1.367894186709534,1.0,6.123233995736766e-17,1.0283009780019672
2005-04,364.2,5.897703167293508,0.6447561379386402,314.2,1.6250662980493187,0.4211878857240162,2.2084165402514637,1.990288097216319,0.8660254037844387,-0.49999999999999983,0.22337422424196784
2005-05,769.2258064516129,6.645384562880931,1.1113690110272696,254.2,0.8791204724010159,1.0386734447390173,1.7972235614618581,1.8627909282272066,0.49999999999999994,-0.8660254037844387,0.6447561379386402
2005-06,265.26666666666665,5.5807356093247185,0.7628290811352141,117.9,0.5275836795778651,1.4887060842466364,1.7402919768804377,1.8651681828403723,1.2246467991473532e-16,-1.0,1.1113690110272696
2005-07,338.2903225806452,5.823904469349259,1.2753234625859662,374.7,2.7239448643749817,1.7738684096228108,1.470465008531703,2.4417536403743854,-0.4999999999999998,-0.8660254037844388,0.7628290811352141
2005-08,435.48387096774195,6.076457759941374,1.1946530763663619,135.5,0.23736274763296147,1.8450324940814729,1.6080122191394668,2.6241191663773837,-0.8660254037844384,-0.5000000000000004,1.2753234625859662
2005-09,649.8333333333334,6.476715919754542,0.9173551689856536,156.5,0.42260184775148735,1.9237756851759742,1.9706014892985557,2.3058480523776135,-1.0,-1.8369701987210297e-16,1.1946530763663619
2005-10,954.2903225806451,6.860967946515292,1.0520609949557702,286.5,1.7406791261233079,1.28266237114405,2.009227028177735,2.6610679499147514,-0.8660254037844386,0.5000000000000001,0.9173551689856536
2005-11,290.73333333333335,5.672406466740556,-0.008398228876294489,,,,,,-0.5000000000000004,0.8660254037844384,1.0520609949557702
2005-12,192.6451612903226,5.260849954173935,0.010332108570073828,44.2,-1.3163947760885821,,,,-2.4492935982947064e-16,1.0,-0.008398228876294489
2006-01,255.8709677419355,5.54467328515454,0.5053778954546582,182.7,1.0588970797555735,,,,0.49999999999999994,0.8660254037844387,0.010332108570073828
2006-02,134.70714285714286,4.903103109903061,0.039957212044376966,25.599999999999998,-1.2068900916841838,-0.7204193113719412,,,0.8660254037844386,0.5000000000000001,0.5053778954546582
2006-03,179.2741935483871,5.188916441353205,0.36637126345009907,53.0,-0.354184791978792,-0.18027277948742576,,,1.0,6.123233995736766e-17,0.039957212044376966
2006-04,459.2,6.129485845005356,0.8765388156504885,196.5,0.9059937515887526,-0.057678360521387625,,,0.8660254037844387,-0.49999999999999983,0.36637126345009907
2006-05,320.48387096774195,5.769831950500771,0.2358163986471098,245.0,0.817387968418854,0.7116830016719685,0.04211966528691909,,0.49999999999999994,-0.8660254037844387,0.8765388156504885
2006-06,160.46666666666667,5.0780862366808615,0.2601797084913571,107.2,0.3866041200017168,0.9273626626261174,0.5710365785189272,,1.2246467991473532e-16,-1.0,0.2358163986471098
2006-07,131.29677419354837,4.877460212793301,0.32887920603000875,148.2,0.49396933180235725,0.7191056018540033,0.3621087720644523,,-0.4999999999999998,-0.8660254037844388,0.2601797084913571
2006-08,133.8967741935484,4.897069161245978,0.01526447767096517,151.1,0.48228034224437427,0.4841876573595228,0.6752137045749517,,-0.8660254037844384,-0.5000000000000004,0.32887920603000875
2006-09,281.5,5.640132447579745,0.0807716968108565,103.1,-0.4689380861732856,0.14580550176529913,0.7065072630125375,,-1.0,-1.8369701987210297e-16,0.01526447767096517
2006-10,234.93548387096774,5.459310939732769,-0.34959601182675293,222.7,1.112518961347323,0.5722356169174393,0.7680445487563095,,-0.8660254037844386,0.5000000000000001,0.0807716968108565
2006-11,224.03333333333333,5.41179485030781,-0.26900984530904015,213.70000000000002,0.46245911870882894,0.5195166750702778,0.5936606972637185,0.3817831111222414,-0.5000000000000004,0.8660254037844384,-0.34959601182675293
2006-12,170.80645161290323,5.140531053550361,-0.10998679205350026,93.39999999999999,-0.4490231329336063,0.34921312558148226,0.27384551870152724,0.4868208280149114,-2.4492935982947064e-16,1.0,-0.26900984530904015
2007-01,115.90645161290323,4.752783414136425,-0.28651197556345753,107.9,0.08394803194881638,-0.1349017928918398,0.13960429791023174,0.2857198465157444,0.49999999999999994,0.8660254037844387,-0.10998679205350026
2007-02,74.02857142857144,4.304451119072697,-0.5586947787859868,73.2,-0.027873907379167395,-0.5306734787065611,-0.0356722772367339,0.41891029288673914,0.8660254037844386,0.5000000000000001,-0.28651197556345753
2007-03,124.49354838709678,4.824253894378089,0.0017087164749822747,218.3,1.646120791449662,0.9497581706165729,0.7391045943684768,0.8564458856117042,1.0,6.123233995736766e-17,-0.5586947787859868
2007-04,222.24666666666664,5.403787876156306,0.1508408468014384,337.7,1.7473325341364523,1.8327441153988389,1.1653863002596145,1.1826851480845408,0.8660254037844387,-0.49999999999999983,0.0017087164749822747
2007-05,233.38709677419354,5.452698434580438,-0.08131711727322344,90.89999999999999,-0.585950777594831,1.3323619759318588,0.7682988350967309,0.8390628054570154,0.49999999999999994,-0.8660254037844387,0.1508408468014384
2007-06,153.63,5.034547114142568,0.2166405859530638,145.5,0.856233225455013,1.0372961213366236,1.185329325387153,0.890501504950459,1.2246467991473532e-16,-1.0,-0.08131711727322344
2007-07,79.76129032258065,4.379038303087681,-0.16954270367561186,141.0,0.3939449141506926,0.05965173717104594,1.189700112958925,0.8766435318927753,-0.4999999999999998,-0.8660254037844388,0.2166405859530638
2007-08,104.94516129032259,4.653437940299753,-0.2283667432752594,46.300000000000004,-1.7727347546887757,-0.07614770731701154,0.9384979719889907,0.59145566978643,-0.8660254037844384,-0.5000000000000004,-0.16954270367561186
2007-09,93.94333333333334,4.54269176361136,-1.0166689871575283,127.3,-0.03378929540340575,-0.6166925596092139,0.4804661973969191,0.6647684290606348,-1.0,-1.8369701987210297e-16,-0.2283667432752594
2007-10,328.2645161290323,5.793819734989668,-0.0150872165698539,96.1,-0.6274419083155086,-1.276053085229416,-0.7189928304025551,0.3362302176621513,-0.8660254037844386,0.5000000000000001,-1.0166689871575283
2007-11,217.77666666666667,5.383470072834512,-0.2973346227823388,249.6,0.7666488386603432,0.08356605926186547,-0.04320498686745046,0.47613205188507457,-0.5000000000000004,0.8660254037844384,-0.0150872165698539
2007-12,960.0645161290323,6.86700048650485,1.6164826409009887,226.5,0.8726638300073901,0.5838504925756888,0.0830192362214868,0.7834456057115103,-2.4492935982947064e-16,1.0,-0.2973346227823388
2008-01,87.0741935483871,4.466760554634523,-0.5725348350653592,147.5,0.6412199522587355,1.0160687109284992,0.14600177379538087,0.8691372845655052,0.49999999999999994,0.8660254037844387,1.6164826409009887
2008-02,86.22413793103448,4.456950160872484,-0.4061957369861995,52.5,-0.4408808669900349,0.5598928609159236,0.35732968927250713,0.8287248106329556,0.8660254037844386,0.5000000000000001,-0.5725348350653592
2008-03,59.067741935483866,4.078684953662521,-0.743860224240585,30.2,-0.919639203840049,-0.48804813995752755,0.157214697502742,0.3557259750168863,1.0,6.123233995736766e-17,-0.4061957369861995
2008-04,265.1166666666667,5.58016998067626,0.32722295132139223,243.20000000000002,1.217119910376188,0.28678675350579447,0.810881019487633,0.07296841254018765,0.8660254037844387,-0.49999999999999983,-0.743860224240585
2008-05,400.416129032258,5.992504328928102,0.45848877707444036,67.5,-0.9295963147027638,-0.05786751891377281,0.13251884106972553,0.013544726288545608,0.49999999999999994,-0.8660254037844387,0.32722295132139223
2008-06,82.98666666666666,4.418679952321917,-0.39922657586758703,169.70000000000002,1.1126394075777237,0.6143193778146481,0.15659596799197165,0.06368456891332158,1.2246467991473532e-16,-1.0,0.45848877707444036
2008-07,121.83225806451614,4.802645164746931,0.25406415798363824,45.0,-1.5132529656062692,-0.5584856643100331,-0.3463890192454248,-0.2288402319532328,-0.4999999999999998,-0.8660254037844388,-0.39922657586758703
2008-08,125.91612903225807,4.835616042711956,-0.04618864086305674,68.8,-1.1060116540805216,-0.49930145839798407,-0.3937844314925419,-0.1776734126199449,-0.8660254037844384,-0.5000000000000004,0.25406415798363824
2008-09,661.8,6.4949633954875114,0.9356026447186228,252.1,1.6091630034855042,-0.15605839716836092,0.3208287697703693,0.2012549232823501,-1.0,-1.8369701987210297e-16,-0.04618864086305674
2008-10,358.0967741935484,5.880803268847501,0.07189631728797874,94.0,-0.6670734431020038,0.0882762104306584,-0.46526725530944124,0.2122975696186835,-0.8660254037844386,0.5000000000000001,0.9356026447186228
2008-11,474.8333333333333,6.1629638652698535,0.482159169653003,162.6,-0.0354706183802107,0.32231622691660494,-0.10880508093000124,0.0011678264142158707,-0.5000000000000004,0.8660254037844384,0.07189631728797874
2008-12,237.29032258064515,5.469284381239065,0.2187665356352042,122.7,-0.08191288612248514,-0.6023398250995718,-0.5577925101006223,-0.2926774000003546,-2.4492935982947064e-16,1.0,0.482159169653003
2009-01,207.1290322580645,5.333341943308902,0.29404655360901977,83.4,-0.3338688164502776,-0.44099894835973263,-0.3771148009404997,-0.48109230401200564,0.49999999999999994,0.8660254037844387,0.2187665356352042
2009-02,186.46428571428572,5.228239723235348,0.3650938253766647,,,,,,0.8660254037844386,0.5000000000000001,0.29404655360901977
2009-03,543.8387096774194,6.298652713330655,1.4761075354275484,65.5,-0.11329252202057746,,,,1.0,6.123233995736766e-17,0.3650938253766647
2009-04,371.56666666666666,5.917728300727468,0.6647812713726005,42.2,-0.786001333947892,,,,0.8660254037844387,-0.49999999999999983,1.4761075354275484
2009-05,533.5483870967741,6.279549764092536,0.7455342122388746,316.0,1.2607037493107245,0.38021670346601116,,,0.49999999999999994,-0.8660254037844387,0.6647812713726005
2009-06,241.06666666666666,5.485073520409857,0.6671669922203529,132.1,0.702265856749282,0.6614213837278078,,,1.2246467991473532e-16,-1.0,0.7455342122388746
2009-07,162.1290322580645,5.088392513618391,0.5398115068550986,115.39999999999999,0.008059970332765032,1.0164230093485422,,,-0.4999999999999998,-0.8660254037844388,0.6671669922203529
2009-08,195.0,5.272999558563747,0.3911948749887344,161.2,0.6320648184723846,0.49983551792964775,0.43310676236635537,,-0.8660254037844384,-0.5000000000000004,0.5398115068550986
2009-09,268.46666666666664,5.592726759749244,0.03336600898035513,66.7,-1.2820363920742737,-0.3532305099068348,0.27198445953978473,,-1.0,-1.8369701987210297e-16,0.3911948749887344
2009-10,291.7741935483871,5.675980193344249,-0.1329267582152731,63.0,-1.3410931202322451,-1.0497112557350983,0.2607064471389753,,-0.8660254037844386,0.5000000000000001,0.03336600898035513
2009-11,317.46666666666664,5.760372825944598,0.07956813032774779,141.6,-0.27091998489181385,-1.565976856394328,-0.6812839653767598,,-0.5000000000000004,0.8660254037844384,-0.1329267582152731
2009-12,138.041935483871,4.927557519312838,-0.3229603262910228,55.699999999999996,-1.067392313969203,-1.5599488920133504,-1.28738318633155,,-2.4492935982947064e-16,1.0,0.07956813032774779
2010-01,285.64516129032256,5.654750345731788,0.6154549560319058,199.6,1.2410826698978983,-0.2516747386717609,-0.8759710362709295,,0.49999999999999994,0.8660254037844387,-0.3229603262910228
2010-02,146.43214285714288,4.986562132463661,0.12341623460497697,131.7,0.8207208442697409,0.3054580044543631,-0.8292848000077548,-0.18534255122820265,0.8660254037844386,0.5000000000000001,0.6154549560319058
2010-03,149.06451612903226,5.00437920638512,0.18183402848201347,122.7,0.7099854028151328,1.3247913317056885,-0.2841683561339456,-0.048548875342240096,1.0,6.123233995736766e-17,0.12341623460497697
2010-04,474.7866666666667,6.162865580341768,0.9099185509868999,83.6,-0.13335580561384616,0.36347323265698395,-0.08909063724964154,0.05227932891823115,0.8660254037844387,-0.49999999999999983,0.18183402848201347
2010-05,767.2258064516129,6.642781160192787,1.1087656083391257,406.7,1.7432416200171335,1.2031938694528939,1.0660226454029764,0.3242026347297716,0.49999999999999994,-0.8660254037844387,0.9099185509868999
2010-06,463.1,6.137943013486706,1.3200364852972015,170.0,1.1156665236825765,1.388568622480225,1.6625650190909202,0.3984617019282161,1.2246467991473532e-16,-1.0,1.1087656083391257
2010-07,270.93548387096774,5.601880725640481,1.053299718877188,304.2,2.153744484326876,2.2557714699242704,1.8469637589792745,0.8977792343788276,-0.4999999999999998,-0.8660254037844388,1.3200364852972015
2010-08,507.8709677419355,6.230227414806889,1.3484227312318762,262.4,1.8767958923281776,2.3990650695114204,2.0204699345062087,1.1491240524478008,-0.8660254037844384,-0.5000000000000004,1.053299718877188
2010-09,516.9666666666667,6.247978397897297,0.6886176471284084,174.7,0.6790591945771572,2.3394790693561935,2.106150245835276,1.4163466767715367,-1.0,-1.8369701987210297e-16,1.3484227312318762
2010-10,939.4193548387096,6.845261976785704,1.0363550252261815,194.8,0.8011631801987581,1.6237659249283747,2.5918935065581796,1.7244852748052333,-0.8660254037844386,0.5000000000000001,0.6886176471284084
2010-11,475.3333333333333,6.164016312306131,0.4832116166892808,300.2,1.1504570926665254,1.2799433994876308,2.3275224997101125,2.138798664714003,-0.5000000000000004,0.8660254037844384,1.0363550252261815
2010-12,546.7741935483871,6.30403590832345,1.053518062719589,338.40000000000003,1.6191491236421658,1.824538914552511,2.4891502826861256,2.5814382322855827,-2.4492935982947064e-16,1.0,0.4832116166892808
2011-01,245.51612903225808,5.503362643782245,0.46406725408236316,77.1,-0.4546365908518631,1.4435343133962255,1.947088085355972,2.3180374278643385,0.49999999999999994,0.8660254037844387,1.053518062719589
2011-02,134.28571428571428,4.899969726208736,0.0368238283500526,46.3,-0.5864511957036723,0.774456782647654,1.312320336692031,2.1567623192525227,0.8660254037844386,0.5000000000000001,0.46406725408236316
2011-03,145.32258064516128,4.978955965557292,0.1564107876541856,105.7,0.49795635743606653,-0.49943776374932747,1.2969365427160493,2.2193364728143257,1.0,6.123233995736766e-17,0.0368238283500526
2011-04,137.17333333333332,4.92124533294109,-0.331701696413778,130.9,0.3747942430198451,-0.0021646491881800035,0.9974280514001397,2.286369462481848,0.8660254037844387,-0.49999999999999983,0.1564107876541856
2011-05,573.9161290322581,6.352483268974947,0.8184677171212851,351.4,1.4582156582805912,1.104976150621503,1.246829202411791,2.2640093792795817,0.49999999999999994,-0.8660254037844387,-0.331701696413778
2011-06,776.7333333333333,6.655097091117731,1.8371905629282264,212.70000000000002,1.5161443435238477,1.5216736201706025,1.0073383706843562,2.2620943992503415,1.2246467991473532e-16,-1.0,0.8184677171212851
2011-07,243.93548387096774,5.496903779965732,0.9483227732024391,266.9,1.8184214691179639,2.082206983686869,1.5319729283360233,2.208483870192331,-0.4999999999999998,-0.8660254037844388,1.8371905629282264
2011-08,1154.9354838709678,7.051799763275397,2.169995079700384,253.9,1.7855729250901935,2.3839772095940597,1.9455116553936342,2.194336834139315,-0.8660254037844384,-0.5000000000000004,0.9483227732024391
2011-09,786.2,6.66721121298776,1.1078504622188712,107.8,-0.379375140134856,1.6999432096727027,1.887090995523356,2.0401893652694683,-1.0,-1.8369701987210297e-16,2.169995079700384
2011-10,355.0967741935484,5.872390355687979,0.06348340412845666,,,,,,-0.8660254037844386,0.5000000000000001,1.1078504622188712
2011-11,514.2333333333333,6.242677118349784,0.5618724227329333,214.7,0.47136916708045407,,,,-0.5000000000000004,0.8660254037844384,0.06348340412845666
2011-12,391.35483870967744,5.969614664323325,0.7190968187194642,166.70000000000002,0.37059684942536636,,,,-2.4492935982947064e-16,1.0,0.5618724227329333
2012-01,231.0,5.442417710521793,0.403122320821911,139.1,0.532139140741715,0.48560503076388783,,,0.49999999999999994,0.8660254037844387,0.7190968187194642
2012-02,256.86206896551727,5.5485392441898025,0.6853933463311188,131.9,0.8231425331853747,0.629190999285183,,,0.8660254037844386,0.5000000000000001,0.403122320821911
2012-03,622.6451612903226,6.4339767919819355,1.6114316140788292,308.9,2.317915676873397,2.0909512456513046,,,1.0,6.123233995736766e-17,0.6853933463311188
2012-04,480.03333333333336,6.173855545935227,0.9209085165803597,172.29999999999998,0.7258227434285414,1.7646432130410954,1.4813302830373418,,0.8660254037844387,-0.49999999999999983,1.6114316140788292
2012-05,652.516129032258,6.480835857714728,0.946820305861066,233.29999999999998,0.7366762725366961,1.5776081794191943,1.601844524786465,,0.49999999999999994,-0.8660254037844387,0.9209085165803597
2012-06,126.56666666666666,4.840769178569647,0.02286265038014257,21.4,-1.4654192405194344,0.34857861645493254,1.3023741398315751,,1.2246467991473532e-16,-1.0,0.946820305861066
2012-07,115.1258064516129,4.746025499559517,0.19744449279622422,122.6,0.12192681749940577,0.0590611800222801,1.136004866708899,,-0.4999999999999998,-0.8660254037844388,0.02286265038014257
2012-08,142.23225806451612,4.957461341604014,0.07565665802900146,195.3,1.09659377829665,-0.02358297100281207,1.1740663599862118,,-0.8660254037844384,-0.5000000000000004,0.19744449279622422
2012-09,148.13333333333333,4.998112769097365,-0.5612479816715235,82.7,-0.8940098928825573,0.13135793186301759,0.24873650311378476,,-1.0,-1.8369701987210297e-16,0.07565665802900146
2012-10,381.03225806451616,5.942884038378667,0.13397708681914455,258.1,1.4733637132013033,0.9969763890265011,0.5098863999896162,1.2528142395952955,-0.8660254037844386,0.5000000000000001,-0.5612479816715235
2012-11,334.76666666666665,5.813433771731184,0.13262907611433317,178.4,0.1284487776424367,0.3904096429185216,0.20423066022515593,1.2145003612837928,-0.5000000000000004,0.8660254037844384,0.13397708681914455
2012-12,167.32258064516128,5.119923569866254,-0.1305942757376073,123.5,-0.07277870528323394,0.5175473235492087,0.39009552964192235,1.042142759244674,-2.4492935982947064e-16,1.0,0.13262907611433317
2013-01,115.06451612903226,4.745492980873745,-0.29380240882613684,86.6,-0.2749155042081054,-0.30709019890389483,0.28732200759311666,0.9053607492054858,0.49999999999999994,0.8660254037844387,-0.1305942757376073
2013-02,86.70357142857142,4.462495075885857,-0.4006508219728264,20.8,-1.402126029685266,-0.9181202870771273,-0.34780194354915644,0.6438507450163344,0.8660254037844386,0.5000000000000001,-0.29380240882613684
2013-03,82.26774193548388,4.4099790738062765,-0.4125661040968298,159.79999999999998,1.1145465130556675,-0.12472021930537999,0.2755814161558617,0.2554700253148494,1.0,6.123233995736766e-17,-0.4006508219728264
2013-04,84.22,4.433432422733782,-0.8195146066210857,72.1,-0.2859123282103202,-0.22324901839670627,-0.5378433545660676,-0.04694161011236245,0.8660254037844387,-0.49999999999999983,-0.4125661040968298
2013-05,399.93225806451613,5.991295177927122,0.4572796260734604,291.6,1.1162812499117216,0.8384719633463293,0.075099691333931,0.13061679913164606,0.49999999999999994,-0.8660254037844387,-0.8195146066210857
2013-06,160.66666666666666,5.07933182538249,0.2614252971929858,173.0,1.1457527200035866,0.8742772619276014,0.5466041332975295,0.5237442598417354,1.2246467991473532e-16,-1.0,0.4572796260734604
2013-07,183.3548387096774,5.211423284731845,0.6628422779685526,258.1,1.7350995874104518,1.6816098909686712,1.0857767045136262,0.8805142966653288,-0.4999999999999998,-0.8660254037844388,0.2614252971929858
2013-08,120.01935483870967,4.787653020098741,-0.09415166347627135,144.1,0.3745578290959846,1.5526687856602899,1.311616847328796,0.738921852272582,-0.8660254037844384,-0.5000000000000004,0.6628422779685526
2013-09,177.34,5.178068793951861,-0.38129195681702743,96.9,-0.5914653914167002,0.8662442570685255,0.9982615938319709,0.7834652588038962,-1.0,-1.8369701987210297e-16,-0.09415166347627135
2013-10,181.83225806451614,5.203084603101827,-0.6058223484576954,140.5,0.09898038117811755,-0.1926785273884339,1.2496269001170637,0.48335168521597177,-0.8660254037844386,0.5000000000000001,-0.38129195681702743
2013-11,192.82000000000002,5.261757111236235,-0.41904758438061585,134.2,-0.35954392731014667,-0.6683472253982292,0.5971089625507432,0.40451905862621323,-0.5000000000000004,0.8660254037844384,-0.6058223484576954
2013-12,189.4516129032258,5.244133651037373,-0.006384194566487977,304.2,1.410172498498461,0.6198676747243776,0.8479139455790224,0.8363438851644472,-2.4492935982947064e-16,1.0,-0.41904758438061585
2014-01,88.54193548387097,4.483476287059093,-0.5558191026407888,49.699999999999996,-1.0793802343643144,0.30473391869629085,0.03678697675984239,0.7358198065895243,0.49999999999999994,0.8660254037844387,-0.006384194566487977
2014-02,69.52857142857142,4.2417377677840955,-0.6214081300745882,90.4,0.2579637390347099,0.6694837194305626,-0.02664696325947583,0.913956143388539,0.8660254037844386,0.5000000000000001,-0.5558191026407888
2014-03,57.52903225806452,4.052289729215633,-0.7702554486874735,12.6,-1.6112157221131205,-1.4050243204909747,-0.19472943508084944,0.5618974724471238,1.0,6.123233995736766e-17,-0.6214081300745882
2014-04,54.22666666666667,3.993172792370914,-1.2597742369839535,97.89999999999999,0.037305535595188614,-0.6486605242636148,-0.30377289009576525,0.6079808757722232,0.8660254037844387,-0.49999999999999983,-0.7702554486874735
2014-05,112.57741935483871,4.723641157005684,-0.8103743948479778,208.1,0.5534342286142016,-0.18789680588857482,0.11271688627826787,0.4082498296997198,0.49999999999999994,-0.8660254037844387,-1.2597742369839535
2014-06,42.21333333333334,3.742736126904647,-1.0751704012848573,18.0,-1.620012248998586,-0.23436710426583207,-1.0023067636585277,-0.05897622415037813,1.2246467991473532e-16,-1.0,-0.8103743948479778
2014-07,39.21935483870968,3.669170370829476,-0.8794106359338167,58.0,-1.144177815240782,-0.5448550719324216,-0.9570720329916256,-0.6870369357053234,-0.4999999999999998,-0.8660254037844388,-1.0751704012848573
2014-08,337.0548387096774,5.820245643255375,0.9384409596803627,278.7,2.0466674890876377,0.09831964080110311,-0.18446830167973394,-0.2830286024091321,-0.8660254037844384,-0.5000000000000004,-0.8794106359338167
2014-09,146.04,4.983880556787436,-0.5754801939814529,94.6,-0.6382879866128015,0.37210446335113223,-0.040664867461871035,-0.2726133572839827,-1.0,-1.8369701987210297e-16,0.9384409596803627
2014-10,142.66451612903228,4.960495832938152,-0.8484111186213701,145.3,0.1676442021839314,0.87476555416495,0.03278168824537359,-0.2353702566063919,-0.8660254037844386,0.5000000000000001,-0.5754801939814529
2014-11,318.1333333333333,5.762470582115597,0.08166588649874651,179.7,0.1414951920274793,-0.2971510916707615,-0.19630619008134392,-0.06484859889153667,-0.5000000000000004,0.8660254037844384,-0.8484111186213701
2014-12,130.44838709677418,4.870977647357387,-0.3795401982464739,128.7,-0.01436458294937999,-0.10533074204812454,0.07532069146865016,-0.5710977569363145,-2.4492935982947064e-16,1.0,0.08166588649874651
2015-01,94.10967741935484,4.544460883166966,-0.49483450653291605,59.900000000000006,-0.8236736770780855,-0.44375387510976605,0.1167014194284989,-0.5399585127519445,0.49999999999999994,0.8660254037844387,-0.3795401982464739
2015-02,120.01785714285714,4.787640541234817,-0.07550535662386704,82.8,0.1366277250873932,-0.5567647374011496,-0.6528476290128091,-0.5531085208894833,0.8660254037844386,0.5000000000000001,-0.49483450653291605
2015-03,66.38064516129033,4.195405525456564,-0.6271396524465427,50.5,-0.4068680792814786,-0.8936977198938398,-0.647238168485258,-0.4864269205702043,1.0,6.123233995736766e-17,-0.07550535662386704
2015-04,66.38333333333334,4.195446020959544,-1.0575010083953238,43.400000000000006,-0.7616384882602286,-0.8737989766057758,-1.047563119489107,-0.6717122706008533,0.8660254037844387,-0.49999999999999983,-0.6271396524465427
2015-05,72.04838709677419,4.277337936307027,-1.2566776155466348,91.2,-0.5819778604533504,-1.13746430116006,-1.4786467529676657,-1.0896657747508076,0.49999999999999994,-0.8660254037844387,-1.0575010083953238
2015-06,57.8,4.056988775678332,-0.7609177525111726,40.9,-0.8224396288864323,-1.360809918468004,-1.6747563563428434,-0.9953630745923535,1.2246467991473532e-16,-1.0,-1.2566776155466348
2015-07,42.91612903225807,3.759247723393572,-0.7893332833697206,37.3,-1.7700960702827755,-1.5176366435247157,-1.7922453290953864,-1.092730857420159,-0.4999999999999998,-0.8660254037844388,-0.7609177525111726
2015-08,46.877419354838715,3.847536095861901,-1.0342685877131115,117.89999999999999,-0.06264839394775233,-1.3944963455801949,-1.6474637403661838,-1.703340153752532,-0.8660254037844384,-0.5000000000000004,-0.7893332833697206
2015-09,108.54333333333334,4.687149478808006,-0.8722112719608823,107.5,-0.3850114078393364,-1.1381414025227845,-1.5983800976745834,-1.6233129797095223,-1.0,-1.8369701987210297e-16,-1.0342685877131115
2015-10,337.09032258064514,5.8203509139686815,0.011443962409159347,120.9,-0.19899930401269286,-0.5072826103917081,-1.4567667373148032,-1.6745787127148315,-0.8660254037844386,0.5000000000000001,-0.8722112719608823
2015-11,344.82666666666665,5.843041875319487,0.16223717970263607,142.9,-0.25567986502855705,-0.6707668069170183,-1.3244703855950544,-1.7980552266055125,-0.5000000000000004,0.8660254037844384,0.011443962409159347
2015-12,102.53870967741935,4.630240382674073,-0.6202774629297885,46.4,-1.2653554431896081,-1.1276471298870998,-1.460754244032807,-2.0057875235182663,-2.4492935982947064e-16,1.0,0.16223717970263607
2016-01,65.88387096774194,4.187893661442128,-0.8514017282577546,52.9,-0.9954341198259845,-1.4405092560034172,-1.4458511182538398,-2.020928661379011,0.49999999999999994,0.8660254037844387,-0.6202774629297885
2016-02,79.5206896551724,4.376017235036722,-0.487128662821962,65.7,-0.1669139260019269,-1.6149533828125682,-1.5460348700116622,-2.078114077510338,0.8660254037844386,0.5000000000000001,-0.8514017282577546
2016-03,120.80645161290323,4.7941896914661735,-0.028355486436932864,116.5,0.6349987742609429,-0.43775783344479247,-1.2466499946399627,-1.9477277469963732,1.0,6.123233995736766e-17,-0.487128662821962
2016-04,128.97333333333333,4.859605664646237,-0.3933413647086308,120.3,0.27334435165500437,0.13293899552462016,-1.0492454997322964,-1.6580409777310736,0.8660254037844387,-0.49999999999999983,-0.028355486436932864
2016-05,164.06451612903226,5.100259741496918,-0.43375581035674315,123.60000000000001,-0.1978704162806873,0.05121551421655379,-1.0684511783595563,-1.5936979518888692,0.49999999999999994,-0.8660254037844387,-0.3933413647086308
2016-06,81.30666666666666,4.39822801401189,-0.4196785141776145,36.3,-0.9493756225612235,-0.5207351994610261,-0.7877686758552647,-1.577087954549211,1.2246467991473532e-16,-1.0,-0.43375581035674315
2016-07,66.68064516129031,4.1999147333200435,-0.3486662734432491,146.0,0.46375281951472064,-0.3927485430752253,-0.34500853669914977,-1.2183874356996864,-0.4999999999999998,-0.8660254037844388,-0.4196785141776145
2016-08,122.47096774193548,4.807874003871295,-0.07393067970371714,193.5,1.0734513379538801,0.259738000929956,0.07024700785790447,-0.9815221154585001,-0.8660254037844384,-0.5000000000000004,-0.3486662734432491
2016-09,149.31333333333333,5.006047006206215,-0.5533137445626739,75.2,-1.0686380893254732,0.24339733389615995,-0.29700706295005935,-1.0670507041304702,-1.0,-1.8369701987210297e-16,-0.07393067970371714
2016-10,702.0258064516129,6.553970164677214,0.7450632131176915,208.0,0.9518352768278361,0.5707434919472741,-0.05847458189427816,-0.7460486708171804,-0.8660254037844386,0.5000000000000001,-0.5533137445626739
2016-11,950.9666666666667,6.857479011107402,1.1766743154905512,208.6,0.4165851287700562,0.21073268991330962,0.24592415221840774,-0.5060646796345468,-0.5000000000000004,0.8660254037844384,0.7450632131176915
2016-12,218.03225806451613,5.384643024615208,0.13412517901134713,191.0,0.5868986932395612,0.7711264413259191,0.6350321603882478,-0.06031517595257747,-2.4492935982947064e-16,1.0,1.1766743154905512
2017-01,315.51612903225805,5.754209802805347,0.7149144131054648,125.0,0.3388583444932016,0.5079576390575392,0.6207011361604083,0.13267345352904986,0.49999999999999994,0.8660254037844387,0.13412517901134713
2017-02,119.81428571428572,4.7859429249350525,-0.07720297292363121,47.9,-0.547631479834244,0.14859702632706961,0.15926772377317425,0.09429415807769058,0.8660254037844386,0.5000000000000001,0.7149144131054648
2017-03,324.86129032258066,5.783398292217674,0.9608531143145678,178.20000000000002,1.2932094852986147,0.5890942109876782,0.8668594570521495,0.2521309499992741,1.0,6.123233995736766e-17,-0.07720297292363121
2017-04,859.5666666666667,6.7564283862904055,1.5034813569355379,209.4,0.996253964600775,0.9239289405795678,0.8516790063948084,0.47442284891748937,0.8660254037844387,-0.49999999999999983,0.9608531143145678
2017-05,387.3225806451613,5.959257887545571,0.4252423356919097,42.6,-1.408477303058252,0.41210267908948506,0.2484484397884122,0.27192396695749127,0.49999999999999994,-0.8660254037844387,1.5034813569355379
2017-06,112.11999999999999,4.719569726296587,-0.09833680189291716,113.5,0.4706753240448764,0.01364049052303345,0.1826664193961456,0.455194503180746,1.2246467991473532e-16,-1.0,0.4252423356919097
2017-07,132.86451612903227,4.88932993329745,0.34074892653415745,183.3,0.9407459139576196,-0.1727794184230649,0.35976134347078625,0.5540196862914032,-0.4999999999999998,-0.8660254037844388,-0.09833680189291716
2017-08,198.93548387096774,5.292980570506346,0.4111758869313338,204.0,1.2065549495183356,1.1106791430084006,0.7772864749533458,0.5725082029727163,-0.8660254037844384,-0.5000000000000004,0.34074892653415745
2017-09,4804.433333333333,8.477294381740801,2.9179336309719126,,,,,,-1.0,-1.8369701987210297e-16,0.4111758869313338
2017-10,1213.9354838709678,7.101622826773153,1.2927158752136307,,,,,,-0.8660254037844386,0.5000000000000001,2.9179336309719126
2017-11,645.0666666666667,6.469353670627708,0.7885489750108574,,,,,,-0.5000000000000004,0.8660254037844384,1.2927158752136307
2017-12,222.09677419354838,5.403113206677609,0.1525953610737476,,,,,,-2.4492935982947064e-16,1.0,0.7885489750108574
2018-01,176.70967741935485,5.174508145337877,0.13521275563799495,,,,,,0.49999999999999994,0.8660254037844387,0.1525953610737476
2018-02,219.07142857142858,5.389397834498993,0.5262519366403096,247.5,1.9531162472892103,,,,0.8660254037844386,0.5000000000000001,0.13521275563799495
2018-03,266.48387096774195,5.585313720077359,0.7627685421742525,137.1,0.8752130136489028,,,,1.0,6.123233995736766e-17,0.5262519366403096
2018-04,332.8,5.807541708947054,0.5545946795921859,177.1,0.7627994353983357,1.5393712061079958,,,0.8660254037844387,-0.49999999999999983,0.7627685421742525
2018-05,115.1516129032258,4.746249633144071,-0.7877659187095905,67.5,-0.9295963147027638,0.1659365765792877,,,0.49999999999999994,-0.8660254037844387,0.5545946795921859
2018-06,93.31666666666666,4.535998727126793,-0.2819078010627116,69.8,-0.19670015334537597,-0.2947642998181746,,,1.2246467991473532e-16,-1.0,-0.7877659187095905
2018-07,69.63548387096773,4.243274263155685,-0.30530674360760734,16.799999999999997,-2.735705714157551,-1.6803110811394188,0.1223658904894121,,-0.4999999999999998,-0.8660254037844388,-0.2819078010627116
2018-08,82.46774193548387,4.412407210034908,-0.46939747354010475,171.4,0.7772154532774832,-0.7380754074556023,-0.3271386267221302,,-0.8660254037844384,-0.5000000000000004,-0.30530674360760734
2018-09,139.05666666666667,4.934881523915193,-0.6244792268536958,167.7,0.5825987102659321,-0.24226122573895728,-0.40571552920714343,,-1.0,-1.8369701987210297e-16,-0.46939747354010475
2018-10,495.16129032258067,6.204883548530197,0.3959765969706748,263.0,1.5207692141806055,1.4358183759661478,-0.1807487381353512,,-0.8660254037844386,0.5000000000000001,-0.6244792268536958
2018-11,289.8666666666667,5.66942104713889,-0.011383648477960584,169.8,0.040495789675406055,0.8891934174823672,0.20423066022515649,,-0.5000000000000004,0.8660254037844384,0.3959765969706748
2018-12,101.79032258064517,4.622915036539148,-0.6276028090647134,73.3,-0.750441460494129,0.2126032209473695,-0.02398258250146664,,-2.4492935982947064e-16,1.0,-0.011383648477960584
2019-01,72.58387096774193,4.2847427341701385,-0.7545526555297437,60.4,-0.8119604071295454,-0.9200386742246376,0.20192334755675875,0.16399862230255036,0.49999999999999994,0.8660254037844387,-0.6276028090647134
2019-02,61.221428571428575,4.114497268289578,-0.7486486295691055,88.4,0.22671658496649402,-1.0023389408455325,0.005067506866324109,-0.26609167282836743,0.8660254037844386,0.5000000000000001,-0.7545526555297437
2019-03,58.067741935483866,4.061610293411513,-0.7609348844915935,86.8,0.23426052580514614,-0.4326663963151441,-0.14316829657337923,-0.45604033749122524,1.0,6.123233995736766e-17,-0.7486486295691055
2019-04,57.8,4.056988775678332,-1.1959582536765359,54.1,-0.5635045752577142,-0.4072179800673595,-1.1164998721318133,-0.8606560313307169,0.8660254037844387,-0.49999999999999983,-0.7609348844915935
2019-05,95.16774193548386,4.555641039160802,-0.9783745126928594,,,,,,0.49999999999999994,-0.8660254037844387,-1.1959582536765359
2019-06,78.95666666666666,4.368899178766381,-0.44900734942312326,,,,,,1.2246467991473532e-16,-1.0,-0.9783745126928594
2019-07,53.87096774193548,3.9865917009256546,-0.561989305837638,,,,,,-0.4999999999999998,-0.8660254037844388,-0.44900734942312326
2019-08,59.400000000000006,4.084294226368599,-0.7975104572064131,,,,,,-0.8660254037844384,-0.5000000000000004,-0.561989305837638
2019-09,353.17333333333335,5.866958965690772,0.30759821492188344,,,,,,-1.0,-1.8369701987210297e-16,-0.7975104572064131
2019-10,426.9516129032258,6.056670688079764,0.24776373652024208,80.8,-0.9314239706707707,,,,-0.8660254037844386,0.5000000000000001,0.30759821492188344
2019-11,279.1433333333333,5.631725389448382,-0.04907930616846823,173.1,0.07459081969815123,,,,-0.5000000000000004,0.8660254037844384,0.24776373652024208
2019-12,147.96129032258065,4.9969506876790035,-0.2535671579248575,114.8,-0.1743699350661197,-0.6784014309312169,,,-2.4492935982947064e-16,1.0,-0.04907930616846823
2020-01,302.03225806451616,5.710533826453743,0.6712384367538604,,,,,,0.49999999999999994,0.8660254037844387,-0.2535671579248575
2020-02,156.47241379310344,5.05287972475025,0.18973382689156626,,,,,,0.8660254037844386,0.5000000000000001,0.6712384367538604
2020-03,718.4516129032259,6.577098358649,1.7545531807458934,,,,,,1.0,6.123233995736766e-17,0.18973382689156626
2020-04,190.8,5.251225759014186,-0.001721270340681258,74.9,-0.24728993485047632,,,,0.8660254037844387,-0.49999999999999983,1.7545531807458934
2020-05,109.1032258064516,4.692294459830438,-0.8417210920232234,112.1,-0.32518619556269446,,,,0.49999999999999994,-0.8660254037844387,-0.001721270340681258
2020-06,117.87333333333332,4.769610601581833,-0.048295926607671014,14.0,-1.8336875202252347,-1.1291731251817225,,,1.2246467991473532e-16,-1.0,-0.8417210920232234
2020-07,375.8258064516129,5.929125755328433,1.38054474856514,168.1,0.7547951577350365,-0.4734269351115653,,,-0.4999999999999998,-0.8660254037844388,-0.048295926607671014
2020-08,331.7096774193548,5.804260120744044,0.9224554371690319,105.39999999999999,-0.2945562549966647,-0.46319163035931005,,,-0.8660254037844384,-0.5000000000000004,1.38054474856514
2020-09,235.36666666666667,5.4611445818541915,-0.0982161689146972,76.2,-1.044669422483412,-0.2965283198683691,-0.9768723060719349,,-1.0,-1.8369701987210297e-16,0.9224554371690319
2020-10,169.06451612903226,5.13028039431702,-0.6786265572425023,67.9,-1.22088993515219,-1.503470370717463,-1.289553961705297,,-0.8660254037844386,0.5000000000000001,-0.0982161689146972
2020-11,194.76666666666668,5.271802260892282,-0.40900243472456843,,,,,,-0.5000000000000004,0.8660254037844384,-0.6786265572425023
2020-12,135.58064516129033,4.90956663051997,-0.3409512150838907,,,,,,-2.4492935982947064e-16,1.0,-0.40900243472456843
2021-01,103.76774193548388,4.642155151097918,-0.39714023860196423,,,,,,0.49999999999999994,0.8660254037844387,-0.3409512150838907
2021-02,92.67142857142858,4.529060211163697,-0.33408568669498706,,,,,,0.8660254037844386,0.5000000000000001,-0.39714023860196423
2021-03,103.24516129032257,4.637106366726743,-0.18543881117636296,72.9,0.014997196689408134,,,,1.0,6.123233995736766e-17,-0.33408568669498706
2021-04,92.92857142857143,4.531831148897247,-0.7211158804576208,26.0,-1.1799789173954998,,,,0.8660254037844387,-0.49999999999999983,-0.18543881117636296
2021-05,112.48387096774194,4.722809842190505,-0.8112057096631569,88.5,-0.6180714531732017,-1.117555486331692,,,0.49999999999999994,-0.8660254037844387,-0.7211158804576208
2021-06,140.76333333333332,4.947079993142967,0.12917346495346305,132.8,0.7105532522969362,-0.7567616217824237,,,1.2246467991473532e-16,-1.0,-0.8112057096631569
2021-07,108.14193548387097,4.683444581739605,0.13486357497631207,136.7,0.3325898889010557,-0.05693814569145846,,,-0.4999999999999998,-0.8660254037844388,0.12917346495346305
2021-08,108.59333333333333,4.687610018261349,-0.19419466531366325,42.599999999999994,-1.903787354380993,-0.24828704253519307,-0.9845512390898292,,-0.8660254037844384,-0.5000000000000004,0.13486357497631207
2021-09,509.5066666666667,6.233442937300761,0.674082186531872,63.8,-1.3592399133811137,-1.353552108285232,-1.2977126615612096,,-1.0,-1.8369701987210297e-16,-0.19419466531366325
2021-10,542.7741935483871,6.2966933836256125,0.4877864320660903,,,,,,-0.8660254037844386,0.5000000000000001,0.674082186531872
2021-11,147.13333333333333,4.991339205154526,-0.6894654904623243,56.7,-1.6034724507973785,,,,-0.5000000000000004,0.8660254037844384,0.4877864320660903
2021-12,117.43870967741935,4.765916577726652,-0.4846012678772089,163.0,0.33587053209489015,,,,-2.4492935982947064e-16,1.0,-0.6894654904623243
2022-01,88.98709677419355,4.488491379156273,-0.550804010543609,49.3,-1.0901428627636904,-1.2028347347099646,,,0.49999999999999994,0.8660254037844387,-0.4846012678772089
2022-02,336.00357142857143,5.817121789158415,0.9539758912997316,,,,,,0.8660254037844386,0.5000000000000001,-0.550804010543609
2022-03,154.94516129032257,5.043071256190972,0.22052607828786552,66.1,-0.10253966655614365,,,,1.0,6.123233995736766e-17,0.9539758912997316
2022-04,64.37333333333333,4.164699468681111,-1.0882475606737563,25.1,-1.206820399955145,,,,0.8660254037844387,-0.49999999999999983,0.22052607828786552
2022-05,127.58709677419355,4.848799243338171,-0.685216308515491,59.1,-1.0739690145369059,-1.462788253141499,,,0.49999999999999994,-0.8660254037844387,-1.0882475606737563
2022-06,67.35333333333332,4.209952394331476,-0.6079541338580281,42.0,-0.7936238674611732,-1.8880961925928914,,,1.2246467991473532e-16,-1.0,-0.685216308515491
2022-07,54.60645161290322,4.000152037178834,-0.5484289695844584,129.9,0.2328962217412538,-0.9523616544025029,,,-0.4999999999999998,-0.8660254037844388,-0.6079541338580281
2022-08,261.4451612903226,5.5662245532543215,0.6844198696793091,71.1,-1.0471439584488633,-0.8861719992847439,-1.5735463264513363,,-0.8660254037844384,-0.5000000000000004,-0.5484289695844584
2022-09,2159.45,7.677608838624953,2.118248087856064,93.89999999999999,-0.6526937775648809,-0.8071434603020868,-1.70230482378858,,-1.0,-1.8369701987210297e-16,0.6844198696793091
2022-10,534.4193548387096,6.281180839453391,0.47227388789386904,,,,,,-0.8660254037844386,0.5000000000000001,2.118248087856064
2022-11,864.9,6.762613893312466,1.0818091976956152,,,,,,-0.5000000000000004,0.8660254037844384,0.47227388789386904
2022-12,163.06451612903226,5.094145926969426,-0.15637191863443523,,,,,,-2.4492935982947064e-16,1.0,1.0818091976956152
2023-01,350.2258064516129,5.858578107746706,0.8192827180468241,,,,,,0.49999999999999994,0.8660254037844387,-0.15637191863443523
2023-02,137.92857142857142,4.926735952813256,0.06359005495457204,,,,,,0.8660254037844386,0.5000000000000001,0.8192827180468241
2023-03,134.65483870967742,4.902714754071859,0.08016957616875242,5.6,-2.0466970300979925,,,,1.0,6.123233995736766e-17,0.06359005495457204
2023-04,294.6066666666667,5.685641133326683,0.43269410397181574,37.9,-0.8777090232423116,,,,0.8660254037844387,-0.49999999999999983,0.08016957616875242
2023-05,240.89354838709676,5.48435512797161,-0.049660423882051496,,,,,,0.49999999999999994,-0.8660254037844387,0.43269410397181574
2023-06,87.61666666666666,4.4729712385973475,-0.3449352895921569,,,,,,1.2246467991473532e-16,-1.0,-0.049660423882051496
2023-07,74.46129032258065,4.310279397364806,-0.2383016093984862,40.5,-1.6590373423523865,,,,-0.4999999999999998,-0.8660254037844388,-0.3449352895921569
2023-08,137.23225806451612,4.921674804744404,0.03987012116939148,51.3,-1.6072123347653833,,,,-0.8660254037844384,-0.5000000000000004,-0.2383016093984862
2023-09,243.53,5.495240138219164,-0.06412061254972468,99.6,-0.5374647187431595,-1.9868884877157447,,,-1.0,-1.8369701987210297e-16,0.03987012116939148
2023-10,414.03225806451616,6.025943888820095,0.2170369372605725,198.4,0.8428964600980212,-0.47965004073651285,,,-0.8660254037844386,0.5000000000000001,-0.06412061254972468
2023-11,135.22333333333333,4.9069277325444185,-0.773876963072432,114.5,-0.6131370481930281,-0.35018039296647063,,,-0.5000000000000004,0.8660254037844384,0.2170369372605725
2023-12,158.3290322580645,5.064675350311656,-0.18584249529220465,,,,,,-2.4492935982947064e-16,1.0,-0.773876963072432
2024-01,70.1741935483871,4.250980630174603,-0.7883147595252789,88.9,-0.23345720347929985,,,,0.49999999999999994,0.8660254037844387,-0.18584249529220465
2024-02,210.33103448275864,5.348682644254383,0.48553674639569966,137.1,0.8852927686451417,,,,0.8660254037844386,0.5000000000000001,-0.7883147595252789
2024-03,186.44516129032257,5.228137154506487,0.40559197660338064,115.8,0.6263721101207778,0.5159713788387887,,,1.0,6.123233995736766e-17,0.48553674639569966
2024-04,662.3933333333333,6.4958595386081655,1.2429125092532978,219.0,1.0611490337556921,1.1120370146310117,,,0.8660254037844387,-0.49999999999999983,0.40559197660338064
2024-05,1129.967741935484,7.0299443643391655,1.495928812485504,264.2,0.9446102621992125,1.1485157425670174,,,0.49999999999999994,-0.8660254037844387,1.2429125092532978
2024-06,247.03333333333333,5.509523280289203,0.6916167520996988,59.9,-0.38610846791233044,0.902684185038645,0.8616370146044651,,1.2246467991473532e-16,-1.0,1.495928812485504
2024-07,130.73870967741937,4.873200748757109,0.3246197419938168,47.8,-1.4278238693226626,0.027014229915714585,0.6218425598363173,,-0.4999999999999998,-0.8660254037844388,0.6916167520996988
2024-08,851.241935483871,6.746696383684774,1.8648917001097614,224.2,1.4507557813710752,-0.08348001401829373,0.7769498386897102,,-0.8660254037844384,-0.5000000000000004,0.3246197419938168
2024-09,467.43333333333334,6.147256736064495,0.5878959852956065,80.2,-0.9509415210043695,-0.2745690701239796,0.5048594829947065,,-1.0,-1.8369701987210297e-16,1.8648917001097614
2024-10,317.4516129032258,5.760325406413839,-0.0485815451456828,144.0,0.14919918914035346,0.3552979619850263,0.11144278826157562,,-0.8660254037844386,0.5000000000000001,0.5878959852956065
2024-11,390.5,5.967427969279741,0.2866232736628902,142.7,-0.25801832634217814,-0.7064079607023922,-0.5811292666923299,,-0.5000000000000004,0.8660254037844384,-0.0485815451456828
2024-12,178.58064516129033,5.185040292812359,-0.06547755279150191,139.7,0.10413674368757754,-0.2808147295673425,-0.39971361145850826,0.2816948003289439,-2.4492935982947064e-16,1.0,0.2866232736628902
2025-01,192.83870967741936,5.261854138358737,0.22255874865885517,131.3,0.42690646610665506,-0.14317318418380487,0.001812256068642503,0.3858919107498461,0.49999999999999994,0.8660254037844387,-0.06547755279150191
2025-02,137.82142857142858,4.925958851362415,0.06281295350373117,128.2,0.7779511813854894,0.38580424263159097,-0.26802200187535724,0.3724315682914331,0.8660254037844386,0.5000000000000001,0.22255874865885517
2025-03,307.59032258064514,5.728768776085361,0.9062235981822546,76.0,0.0661568418791842,0.46568899076389075,-0.041440270941429436,0.26214335204662204,1.0,6.123233995736766e-17,0.06281295350373117
2025-04,730.2,6.593318469221536,1.3403714398666686,107.6,0.14357638635616993,0.19500141095782522,-0.1323072575362655,-0.07233899415439403,0.8660254037844387,-0.49999999999999983,0.9062235981822546
2025-05,917.5483870967741,6.821705316518262,1.2876897646646004,61.00000000000001,-1.0400692340786524,-0.6698591975848871,-0.4425223125525643,-0.7089075731126002,0.49999999999999994,-0.8660254037844387,1.3403714398666686
2025-06,148.96666666666667,5.003722567271296,0.185816039081792,9.6,-2.1330226090264524,-1.3351946102420131,-0.7964384081459838,-0.8673247614890511,1.2246467991473532e-16,-1.0,1.2876897646646004
2025-07,116.8741935483871,4.761098087464293,0.21251708070100062,59.0,-1.118349770838221,-1.9670146366367702,-1.1988823797582302,-0.8543812640624654,-0.4999999999999998,-0.8660254037844388,0.185816039081792
2025-08,166.3548387096774,5.114123089565813,0.23231840599080034,75.5,-0.9381488225779642,-2.070439189415873,-1.6014559249183342,-1.395340425349682,-0.8660254037844384,-0.5000000000000004,0.21251708070100062
2025-09,376.02666666666664,5.929660062860865,0.3702993120919764,147.7,0.2915029526042468,-0.9345767000258514,-1.467613980884377,-1.1287279328524207,-1.0,-1.8369701987210297e-16,0.23231840599080034
2025-10,260.83870967741933,5.56390224571557,-0.24500470584395195,,,,,,-0.8660254037844386,0.5000000000000001,0.3702993120919764
2025-11,114.73666666666666,4.7426396475635375,-0.938165048053313,52.1,-1.7102198158571054,,,,-0.5000000000000004,0.8660254037844384,-0.24500470584395195
2025-12,117.6516129032258,4.767727824414085,-0.48279002118977576,47.900000000000006,-1.231569748937128,,,,-2.4492935982947064e-16,1.0,-0.938165048053313
2026-01,88.46451612903226,4.482601523918315,-0.5566938657815674,,,,,,0.49999999999999994,0.8660254037844387,-0.48279002118977576
2026-02,549.6428571428571,6.309268716657721,1.4461228187990374,,,,,,0.8660254037844386,0.5000000000000001,-0.5566938657815674
2026-03,308.6774193548387,5.732296781294116,0.90975160339101,54.9,-0.3152598573500781,,,,1.0,6.123233995736766e-17,1.4461228187990374
2026-04,326.76666666666665,5.789246358599571,0.5362993292447031,,,,,,0.8660254037844387,-0.49999999999999983,0.90975160339101
2026-05,148.27096774193546,4.999041462898332,-0.5349740889553294,65.6,-0.9610612430320971,,,,0.49999999999999994,-0.8660254037844387,0.5362993292447031
2026-06,68.92,4.232946411659729,-0.5849601165297758,49.2,-0.6172229388341287,,,,1.2246467991473532e-16,-1.0,-0.5349740889553294
2026-07,54.93448275862069,4.006141252592375,-0.5424397541709176,51.6,-1.317488689118383,-1.548677312642504,,,-0.4999999999999998,-0.8660254037844388,-0.5849601165297758
2026-08,57.321052631578944,4.0486679669152,-0.833136716659812,,,,,,-0.8660254037844384,-0.5000000000000004,-0.5424397541709176
