,discharge_cfs_mean,log_q,log_q_anomaly,precip_mm_sum,spi_1,spi_3,spi_6,spi_12,month_sin,month_cos,log_q_anomaly_lag1
1966-01,39.935483870967744,3.6872652487593953,0.26174805043899685,70.89999999999999,0.6824818226558671,0.29994056642042904,-0.14341084906485338,-0.19341744570665906,0.49999999999999994,0.8660254037844387,
1966-02,18.392857142857142,2.911962390488532,-0.33070893028103354,13.6,-0.9786992189905503,-0.2328644236033219,-0.6945916751461938,-0.18481061098733084,0.8660254037844386,0.5000000000000001,0.26174805043899685
1966-03,24.06451612903226,3.1807383957186146,0.06897587527483307,36.4,0.1115879454267326,-0.13445852522057933,-0.4015204511726922,-0.17163528563938357,1.0,6.123233995736766e-17,-0.33070893028103354
1966-04,27.366666666666667,3.309325727790273,0.1048400965968308,59.9,0.20180515755777562,-0.5034214973894889,-0.036518518480975544,-0.24502221100422705,0.8660254037844387,-0.49999999999999983,0.06897587527483307
1966-05,156.70967741935485,5.054394905076972,1.3406558332165126,130.0,0.25593607268953433,0.06734172344465049,-0.19050658535471401,-0.07694098106278249,0.49999999999999994,-0.8660254037844387,0.1048400965968308
1966-06,79.53333333333333,4.376176220995706,0.5065942224192086,66.4,-0.6472865146704775,-0.31886581902708105,-0.4930487484851287,-0.5707809252431285,1.2246467991473532e-16,-1.0,1.3406558332165126
1966-07,149.03225806451613,5.004162779590638,1.0877250719314056,189.6,0.8469693848945526,0.09829710943402038,-0.16605552152469422,-0.3506453682558477,-0.4999999999999998,-0.8660254037844388,0.5065942224192086
1966-08,80.74193548387096,4.391258086946628,0.30477074240571334,156.7,0.2173625405287045,0.028857138830269965,-0.025518715728730792,-0.5734458758963294,-0.8660254037844384,-0.5000000000000004,1.0877250719314056
1966-09,96.5,4.56954300834494,0.3218734609590568,94.7,-0.7168836780226059,-0.13627140140843294,-0.38805707646279336,-0.6443219350459118,-1.0,-1.8369701987210297e-16,0.30477074240571334
1966-10,107.12903225806451,4.6740340168916,0.3660733595540355,114.39999999999999,-0.3821529837948245,-0.8049213118503059,-0.6289683631781052,-0.6664327097800804,-0.8660254037844386,0.5000000000000001,0.3218734609590568
1966-11,35.56666666666667,3.571408869639598,-0.6546074123519694,83.6,-0.3418394569863763,-1.1356688505974526,-0.8733381502494598,-0.8879522550385156,-0.5000000000000004,0.8660254037844384,0.3660733595540355
1966-12,28.580645161290324,3.352729746119935,-0.3633176871699617,17.4,-1.0856967021392454,-0.9863653282502104,-0.8862414942096394,-1.0248415940728868,-2.4492935982947064e-16,1.0,-0.6546074123519694
1967-01,18.806451612903224,2.934199981865346,-0.49131721645505255,33.699999999999996,-0.31318993147115715,-0.9650423708661444,-1.3262645254933032,-1.1369744771123635,0.49999999999999994,0.8660254037844387,-0.3633176871699617
1967-02,16.678571428571427,2.8141247474936932,-0.4285465732758724,21.9,-0.5398106610807197,-1.1755058782606014,-1.7121334305821518,-1.1148832169101945,0.8660254037844386,0.5000000000000001,-0.49131721645505255
1967-03,14.029032258064515,2.6411289151184465,-0.47063360532533505,24.9,-0.3357813943596898,-0.8819319238356279,-1.49367900727853,-1.1487406951872692,1.0,6.123233995736766e-17,-0.4285465732758724
1967-04,13.733333333333333,2.6198259676873707,-0.5846596635060712,47.1,-0.08034951199705485,-0.8016028645029797,-1.2807066664683848,-1.207791807478256,0.8660254037844387,-0.49999999999999983,-0.47063360532533505
1967-05,18.14516129032258,2.898403929593429,-0.8153351422670303,46.9,-0.932868458816582,-1.0570419400335012,-1.6751865556432046,-1.6247762228612141,0.49999999999999994,-0.8660254037844387,-0.5846596635060712
1967-06,22.633333333333333,3.119423745896541,-0.7501582526799568,80.6,-0.4049141211563599,-0.9982192596512498,-1.4990289004470998,-1.746565496269017,1.2246467991473532e-16,-1.0,-0.8153351422670303
1967-07,22.967741935483872,3.1340907069268296,-0.7823470007324032,65.0,-0.8746513026255155,-1.1979371171323152,-1.5710912850789767,-2.297351998050524,-0.4999999999999998,-0.8660254037844388,-0.7501582526799568
1967-08,24.548387096774192,3.2006461533765393,-0.8858411911643755,97.9,-0.6005429225056043,-1.2092460250776467,-1.5864680259293693,-2.4688522290967643,-0.8660254037844384,-0.5000000000000004,-0.7823470007324032
1967-09,12.06,2.4898941912990393,-1.757775356086844,25.5,-2.088105145567755,-2.168919083146204,-2.1820220167985944,-2.7291631275380888,-1.0,-1.8369701987210297e-16,-0.8858411911643755
1967-10,14.416129032258064,2.6683476514542597,-1.6396130058833047,115.3,-0.3726037204646922,-1.7421604139690317,-2.1798547843617957,-2.7071754504945726,-0.8660254037844386,0.5000000000000001,-1.757775356086844
1967-11,16.066666666666666,2.7767467323884447,-1.4492695496031227,80.3,-0.3884781094759334,-1.6976544744767823,-2.085212241587243,-2.5887918674485033,-0.5000000000000004,0.8660254037844384,-1.6396130058833047
1967-12,8.629032258064516,2.155132361850915,-1.5609150714389814,19.799999999999997,-0.9814307676979817,-0.9863653282502111,-2.3319207590358424,-2.6522581906040736,-2.4492935982947064e-16,1.0,-1.4492695496031227
1968-01,16.98709677419355,2.832454042577063,-0.5930631557433355,66.7,0.5910868844359737,-0.6118229791805468,-1.914569991950719,-2.4212589394009356,0.49999999999999994,0.8660254037844387,-1.5609150714389814
1968-02,9.758620689655173,2.2781510676567636,-0.9645202531128021,39.199999999999996,0.08577865273997294,-0.3349015604060151,-1.8508192774695562,-2.358991334605082,0.8660254037844386,0.5000000000000001,-0.5930631557433355
1968-03,6.738709677419355,1.907868464077374,-1.2038940563664076,1.7,-2.494411429374108,-0.35850690097850646,-1.2754492809439841,-2.4242727979495524,1.0,6.123233995736766e-17,-0.9645202531128021
1968-04,9.983333333333333,2.3009170358933484,-0.9035685953000936,29.5,-0.5727887175518253,-1.3119700777988956,-1.198193817225498,-2.5480006402422406,0.8660254037844387,-0.49999999999999983,-1.2038940563664076
1968-05,12.603225806451613,2.533952797575879,-1.1797862742845804,91.8,-0.19202444383760675,-1.0031733209781133,-1.0973475720510633,-2.4764051954551243,0.49999999999999994,-0.8660254037844387,-0.9035685953000936
1968-06,122.36666666666666,4.807022001834679,0.9374400032581813,239.7,1.2814148466711694,0.3615099889856933,0.12136870730867914,-1.9334004673978789,1.2246467991473532e-16,-1.0,-1.1797862742845804
1968-07,58.32258064516129,4.065989336466975,0.14955162880774253,84.89999999999999,-0.4982955555646373,0.25774822116417606,-0.21754847331581173,-1.7787371817285398,-0.4999999999999998,-0.8660254037844388,0.9374400032581813
1968-08,132.03225806451613,4.883046272007257,0.796558927466342,185.3,0.5407615720317878,0.5879378748486511,-0.054341465834343794,-1.306686431689529,-0.8660254037844384,-0.5000000000000004,0.14955162880774253
1968-09,43.56666666666667,3.7742923319620667,-0.4733772154238167,118.7,-0.42721679978790017,-0.47148558400293783,-0.16452017536331145,-0.9122194735621115,-1.0,-1.8369701987210297e-16,0.796558927466342
1968-10,20.483870967741936,3.0196377944075454,-1.288322862930019,53.7,-1.2087932741396687,-0.8571580324813673,-0.5397794838679368,-1.1295709244512713,-0.8660254037844386,0.5000000000000001,-0.4733772154238167
1968-11,36.96666666666667,3.610016605688212,-0.6159996763033555,126.60000000000001,0.17441671493950395,-1.0910700073154904,-0.44049431546997997,-0.9150212779310635,-0.5000000000000004,0.8660254037844384,-1.288322862930019
1968-12,28.774193548387096,3.359478928094863,-0.3565685051950336,46.2,-0.1997480295714237,-0.8958921832992739,-1.0907700457797662,-0.8390748026719194,-2.4492935982947064e-16,1.0,-0.6159996763033555
1969-01,33.225806451612904,3.503326876738535,0.07780967841813657,46.7,0.0938935172040282,-0.12245150988980685,-0.9056789259393487,-0.8899977684867376,0.49999999999999994,0.8660254037844387,-0.3565685051950336
1969-02,13.75,2.6210388241125804,-0.6216324966569853,1.3,-2.5598671017020136,-0.7981437750827216,-1.519059758605891,-1.0352026483744463,0.8660254037844386,0.5000000000000001,0.07780967841813657
1969-03,24.93548387096774,3.2162918441022756,0.1045293236584941,50.0,0.530243891642136,-0.5322595622470883,-1.263749111072264,-0.8585275841096985,1.0,6.123233995736766e-17,-0.6216324966569853
1969-04,16.446666666666665,2.8001228224331007,-0.40436280876034125,32.9,-0.46403102724370543,-0.9999675084572539,-0.6213246300740812,-0.8512021405162542,0.8660254037844387,-0.49999999999999983,0.1045293236584941
1969-05,172.09032258064516,5.148019470263093,1.4342803984026338,375.0,2.005671069970036,1.6076969529211969,1.0079582646725,0.08682324503466829,0.49999999999999994,-0.8660254037844387,-0.40436280876034125
1969-06,85.73333333333333,4.451241703695355,0.5816597051188572,182.5,0.7987204419895575,1.4888616745811083,1.327126151165707,-0.12008147049862214,1.2246467991473532e-16,-1.0,1.4342803984026338
1969-07,136.5483870967742,4.916679036035777,1.0002413283765446,217.5,1.1159910023668007,1.734607447155816,1.5182827625571573,0.38390420381381507,-0.4999999999999998,-0.8660254037844388,0.5816597051188572
1969-08,133.7741935483871,4.896153255761235,0.8096659112203204,141.2,0.025398212534409378,0.7528149944778256,1.4269263086154835,0.218367339495939,-0.8660254037844384,-0.5000000000000004,1.0002413283765446
1969-09,101.4,4.619073091157083,0.37140354377119955,132.9,-0.274684822308507,0.1646714633837619,1.048917301897371,0.22440664311131525,-1.0,-1.8369701987210297e-16,0.8096659112203204
1969-10,40.193548387096776,3.693706494862252,-0.6142541624753122,93.8,-0.6167341529603891,-0.7915086801761664,0.7346055227538923,0.3669999821717323,-0.8660254037844386,0.5000000000000001,0.37140354377119955
1969-11,143.73333333333332,4.967959730926678,0.7419434489351104,208.4,0.8957957291029127,-0.25529241879152653,0.18647254637632463,0.5622905879248027,-0.5000000000000004,0.8660254037844384,-0.6142541624753122
1969-12,62.935483870967744,4.142110136137965,0.42606270284806813,55.3,-0.007455245335554538,-0.0062256882948151905,-0.026554475049845105,0.6166787230710332,-2.4492935982947064e-16,1.0,0.7419434489351104
1970-01,28.096774193548388,3.3356547723673566,-0.08986242595304184,18.2,-0.9810946284116795,0.3630040509828528,-0.5415469414257292,0.5170704256269255,0.49999999999999994,0.8660254037844387,0.42606270284806813
1970-02,19.285714285714285,2.959364629383116,-0.2833066913864495,9.5,-1.2748271442751942,-0.988999661834305,-0.7441078320199012,0.5467037213789262,0.8660254037844386,0.5000000000000001,-0.08986242595304184
1970-03,15.096774193548388,2.7144810914325004,-0.39728142901128116,15.1,-0.8523770252295054,-1.8778661787844901,-0.7156847584804605,0.41024734233414234,1.0,6.123233995736766e-17,-0.2833066913864495
1970-04,13.633333333333333,2.6125177743806463,-0.5919678568127957,8.700000000000001,-1.5976805256804543,-2.4607353089278887,-0.5306508511579557,0.3625730632083822,0.8660254037844387,-0.49999999999999983,-0.39728142901128116
1970-05,38.03225806451613,3.6384346960522245,-0.07530437580823479,47.6,-0.9180126971486304,-1.8078837385724564,-2.127219235318856,-0.7032767968209793,0.49999999999999994,-0.8660254037844387,-0.5919678568127957
1970-06,156.03333333333333,5.0500696596379155,1.180487661061418,259.40000000000003,1.4304550464898476,0.08599627198841651,-0.6308908400241195,-0.4843594649677583,1.2246467991473532e-16,-1.0,-0.07530437580823479
1970-07,105.87096774193549,4.66222106716489,0.7457833595056576,232.3,1.2497799702021273,0.8336236074018779,0.24467096781801453,-0.38669200834936257,-0.4999999999999998,-0.8660254037844388,1.180487661061418
1970-08,110.35483870967742,4.703700980492458,0.6172136359515434,265.9,1.3048110153194064,1.7513316537501566,0.7931737050661121,0.06757040940554161,-0.8660254037844384,-0.5000000000000004,0.7457833595056576
1970-09,70.5,4.255612709818223,0.007943162432339612,104.3,-0.5954510004248524,0.7586742556556549,0.4869357609856448,-0.05610512356616955,-1.0,-1.8369701987210297e-16,0.6172136359515434
1970-10,592.5483870967741,6.384432535660918,2.0764718783233533,706.0,2.6883137413256364,2.234264465063707,2.0185652557307057,1.7119169740796512,-0.8660254037844386,0.5000000000000001,0.007943162432339612
1970-11,74.2,4.3067641501733345,0.08074786818176705,101.39999999999999,-0.11011723978846487,1.7307360801915828,2.212159616653482,1.3385984704720784,-0.5000000000000004,0.8660254037844384,2.0764718783233533
1970-12,152.4516129032258,5.026847253261707,1.3107998199718103,,,,,,-2.4492935982947064e-16,1.0,0.08074786818176705
1971-01,37.61290322580645,3.6273471624252913,0.20182996410489285,15.1,-1.1619259530179291,,,,0.49999999999999994,0.8660254037844387,1.3107998199718103
1971-02,29.142857142857142,3.372209844788903,0.1295385240193374,20.799999999999997,-0.5901294259579426,,,,0.8660254037844386,0.5000000000000001,0.20182996410489285
1971-03,25.0,3.2188758248682006,0.10711330442441902,41.9,0.2916987288542123,-0.9404760933622236,,,1.0,6.123233995736766e-17,0.1295385240193374
1971-04,29.2,3.374168709274236,0.16968307808079386,120.7,1.1677035108462643,0.5784326047351656,,,0.8660254037844387,-0.49999999999999983,0.10711330442441902
1971-05,67.54838709677419,4.212844186945336,0.49910511508487687,252.1,1.2693693968962538,1.3671794124908783,,,0.49999999999999994,-0.8660254037844387,0.16968307808079386
1971-06,54.13333333333333,3.991450139059468,0.12186814048297023,78.6,-0.43714254134362246,0.8495553663939475,0.48558740531819383,,1.2246467991473532e-16,-1.0,0.49910511508487687
1971-07,38.483870967741936,3.65023921761277,-0.2661984900464627,88.4,-0.43867649186411867,0.2715303342431573,0.3948316569255762,,-0.4999999999999998,-0.8660254037844388,0.12186814048297023
1971-08,105.64516129032258,4.660085943584206,0.573598599043291,228.9,0.9759136016210517,-0.07643582352081474,0.7196935753138927,,-0.8660254037844384,-0.5000000000000004,-0.2661984900464627
1971-09,56.1,4.027135812528651,-0.2205337348572325,114.10000000000001,-0.47933114719917763,-0.19594812477994705,0.35695289155493676,,-1.0,-1.8369701987210297e-16,0.573598599043291
1971-10,40.41935483870968,3.699308750410922,-0.6086519069266423,127.6,-0.24699432032293456,-0.1910250810697584,-0.10332727751561115,,-0.8660254037844386,0.5000000000000001,-0.2205337348572325
1971-11,33.5,3.5115454388310208,-0.7144708431605467,89.4,-0.2628801679187503,-0.8734523096371472,-0.7796015529755426,,-0.5000000000000004,0.8660254037844384,-0.6086519069266423
1971-12,22.548387096774192,3.115663537748664,-0.6003838955412326,25.0,-0.7842403650079216,-0.7745909051224416,-0.8039986072025226,-0.42395109818838894,-2.4492935982947064e-16,1.0,-0.7144708431605467
1972-01,24.677419354838708,3.2058886293413895,-0.21962856897900895,70.4,0.6717897516298736,-0.43410311073354724,-0.514633187033078,-0.23602475328272915,0.49999999999999994,0.8660254037844387,-0.6003838955412326
1972-02,27.620689655172413,3.318565117081885,0.0758937963123194,11.1,-1.149601952242337,-0.6060736449229439,-1.226317510528067,-0.26808438297417425,0.8660254037844386,0.5000000000000001,-0.21962856897900895
1972-03,43.806451612903224,3.779781103633495,0.6680185831897134,118.5,1.937813312994417,0.9392582890417547,-0.44413063695766514,-0.04798033784163393,1.0,6.123233995736766e-17,0.0758937963123194
1972-04,17.0,2.833213344056216,-0.3712722871372258,19.4,-0.961077769194782,0.11744153100549967,-0.3886503441302241,-0.3565752293612578,0.8660254037844387,-0.49999999999999983,0.6680185831897134
1972-05,59.064516129032256,4.078630340189364,0.36489126832890495,61.400000000000006,-0.6529492424316161,-0.17305334637489866,-0.6029046356484715,-1.0722994684649165,0.49999999999999994,-0.8660254037844387,-0.3712722871372258
1972-06,77.06666666666666,4.344670848130113,0.47508884955361497,144.8,0.42404289217882707,-0.5536650258261113,-0.156580069895456,-0.9199024395474404,1.2246467991473532e-16,-1.0,0.36489126832890495
1972-07,43.03225806451613,3.761950021990423,-0.15448768566880977,49.4,-1.2320449548366326,-0.7032317371785894,-0.7152016055143008,-1.034455417829364,-0.4999999999999998,-0.8660254037844388,0.47508884955361497
1972-08,73.96774193548387,4.303629078372758,0.2171417338318431,217.9,0.8715955824476734,0.025146616941469517,-0.15744019143433902,-1.0235337876552477,-0.8660254037844384,-0.5000000000000004,-0.15448768566880977
1972-09,57.266666666666666,4.047718720882045,-0.1999508265038381,176.4,0.13233136739646892,-0.11964493126365039,-0.5117228328850674,-0.7701894541018612,-1.0,-1.8369701987210297e-16,0.2171417338318431
1972-10,118.06451612903226,4.7712312219102655,0.4632705645727011,223.79999999999998,0.5282046611730518,0.5328264751353847,-0.16136496262256816,-0.41016716240100065,-0.8660254037844386,0.5000000000000001,-0.1999508265038381
1972-11,27.133333333333333,3.300762984340385,-0.9252532976511825,136.6,0.27670291056213997,0.25854882333766216,0.08906466752516039,-0.2516142558481304,-0.5000000000000004,0.8660254037844384,0.4632705645727011
1972-12,46.064516129032256,3.8300429384143833,0.11399550512448675,64.0,0.15705200881437925,0.36360620667466154,0.050787700012428924,-0.12347357608319945,-2.4492935982947064e-16,1.0,-0.9252532976511825
1973-01,13.980645161290322,2.6376738846171124,-0.7878433137032861,33.5,-0.3202386744057308,-0.001311064983650487,0.34654193979027714,-0.23953586815505787,0.49999999999999994,0.8660254037844387,0.11399550512448675
1973-02,7.089285714285714,1.958584589952041,-1.2840867308175246,26.3,-0.3548348182264616,-0.36040890545771936,-0.003040314194228625,-0.19152000621297754,0.8660254037844386,0.5000000000000001,-0.7878433137032861
1973-03,25.47741935483871,3.237792544367403,0.1260300239236214,85.89999999999999,1.3598001877719184,0.24243636007902403,0.2947375068205754,-0.3118191748711409,1.0,6.123233995736766e-17,-1.2840867308175246
1973-04,10.766666666666667,2.3764549415605014,-0.8280306896329406,58.699999999999996,0.17719995865532456,0.41812400445889913,0.11015443879300017,-0.17958170264463272,0.8660254037844387,-0.49999999999999983,0.1260300239236214
1973-05,21.393548387096775,3.063089399335939,-0.6506496725245201,96.2,-0.1346071092215595,0.1885550768711224,-0.1559318846108862,-0.06834035817910566,0.49999999999999994,-0.8660254037844387,-0.8280306896329406
1973-06,42.74333333333333,3.7552132378029146,-0.11436876077358304,117.0,0.10402177732053877,-0.20686492791593117,-0.21034644084104945,-0.18720928751583474,1.2246467991473532e-16,-1.0,-0.6506496725245201
1973-07,32.193548387096776,3.471766071826318,-0.4446716358329148,118.1,0.01169815121720663,-0.2112516307500209,-0.13077774395251102,0.09832030964893065,-0.4999999999999998,-0.8660254037844388,-0.11436876077358304
1973-08,102.19354838709677,4.6268685484491705,0.5403812039082556,212.9,0.8230503319034415,0.24110406305551235,0.20318156862485787,0.07532442396450059,-0.8660254037844384,-0.5000000000000004,-0.4446716358329148
1973-09,42.03333333333333,3.738462954302764,-0.5092065930831193,104.4,-0.5942283053642207,-0.17097533333184853,-0.34470534565067384,-0.19141314062084727,-1.0,-1.8369701987210297e-16,0.5403812039082556
1973-10,65.0,4.174387269895637,-0.1335733874419276,362.2,1.3220729084174667,0.8003029155879319,0.31481547276010885,0.27194819506833273,-0.8660254037844386,0.5000000000000001,-0.5092065930831193
1973-11,29.866666666666667,3.3967430313127753,-0.8292732506787921,29.4,-1.3953036074573275,0.060973989287593545,0.07144809432585679,-0.08258219940684779,-0.5000000000000004,0.8660254037844384,-0.1335733874419276
1973-12,17.419354838709676,2.8575819350731737,-0.8584654982167228,15.3,-1.1862100627506589,0.2708482249039174,-0.054515813372781184,-0.23324768603959578,-2.4492935982947064e-16,1.0,-0.8292732506787921
1974-01,21.096774193548388,3.0491201469720526,-0.3763970513483459,59.2,0.4180189046639136,-1.3651731044040702,0.06227377262910563,-0.14827930299479555,0.49999999999999994,0.8660254037844387,-0.8584654982167228
1974-02,16.035714285714285,2.7748183775670503,-0.46785294320251536,32.9,-0.11439374608916601,-0.5926390945363148,-0.286129318804731,-0.12728691486643273,0.8660254037844386,0.5000000000000001,-0.3763970513483459
1974-03,21.806451612903224,3.0822058715578176,-0.029556648885963988,35.7,0.08737887669068052,-0.024753330087809538,0.10272764426401405,-0.3036094299447354,1.0,6.123233995736766e-17,-0.46785294320251536
1974-04,18.9,2.9391619220655967,-0.2653237091278453,30.0,-0.5562538366005748,-0.7105915821996326,-1.545272987542092,-0.3898650333133895,0.8660254037844387,-0.49999999999999983,-0.029556648885963988
1974-05,10.251612903225807,2.3274350496174696,-1.3863040222429897,35.800000000000004,-1.1936143490204767,-1.3015624206051037,-1.4908908676367079,-0.6226376114180515,0.49999999999999994,-0.8660254037844387,-0.2653237091278453
1974-06,13.096666666666666,2.5723577449022588,-1.2972242536742389,52.8,-0.9166740859180207,-1.6087555676269687,-1.5826067491433,-0.962699727031613,1.2246467991473532e-16,-1.0,-1.3863040222429897
1974-07,14.129032258064516,2.6482317058913,-1.2682060017679326,54.4,-1.1096328571333987,-1.6745841310875194,-1.9610141722622538,-1.1827561649501748,-0.4999999999999998,-0.8660254037844388,-1.2972242536742389
1974-08,37.064516129032256,3.6126600733636094,-0.4738272711773055,135.2,-0.052707693890005874,-1.2190165562726747,-1.717375678348919,-1.443786697221326,-0.8660254037844384,-0.5000000000000004,-1.2682060017679326
1974-09,86.9,4.464758032271346,0.21708848488546284,312.9,1.084286995225022,0.22676084521779774,-0.7330983861975958,-0.6097000607023889,-1.0,-1.8369701987210297e-16,-0.4738272711773055
1974-10,114.12903225806451,4.737329670234584,0.4293690128970198,241.0,0.6416615908335381,0.840673918572583,-0.31568297984278176,-1.0394283623894573,-0.8660254037844386,0.5000000000000001,0.21708848488546284
1974-11,209.8,5.346154695962197,1.1201384139706292,,,,,,-0.5000000000000004,0.8660254037844384,0.4293690128970198
1974-12,30.903225806451612,3.4308605734857145,-0.285186859804182,,,,,,-2.4492935982947064e-16,1.0,1.1201384139706292
1975-01,28.129032258064516,3.3368022194238334,-0.0887149788965651,,,,,,0.49999999999999994,0.8660254037844387,-0.285186859804182
1975-02,15.357142857142858,2.731580698512404,-0.5110906222571616,,,,,,0.8660254037844386,0.5000000000000001,-0.0887149788965651
1975-03,43.58064516129032,3.7746131334750523,0.6628506130312708,,,,,,1.0,6.123233995736766e-17,-0.5110906222571616
1975-04,19.4,2.9652730660692823,-0.23921256512415967,,,,,,0.8660254037844387,-0.49999999999999983,0.6628506130312708
1975-05,41.41935483870968,3.7237482797647603,0.010009207904301043,53.5,-0.7986966956417678,,,,0.49999999999999994,-0.8660254037844387,-0.23921256512415967
1975-06,18.366666666666667,2.910537427490759,-0.9590445710857387,,,,,,1.2246467991473532e-16,-1.0,0.010009207904301043
1975-07,19.35483870967742,2.962942450731,-0.9534952569282327,130.1,0.17178221838252478,,,,-0.4999999999999998,-0.8660254037844388,-0.9590445710857387
1975-08,43.225806451612904,3.7664376884598108,-0.32004965608110414,112.8,-0.3669764575347295,,,,-0.8660254037844384,-0.5000000000000004,-0.9534952569282327
1975-09,251.33333333333334,5.526780079339846,1.2791105319539628,419.8,1.6533569502695746,1.051351456869834,,,-1.0,-1.8369701987210297e-16,-0.32004965608110414
1975-10,75.41935483870968,4.323063937546867,0.015103280209302739,155.2,0.007226020177460589,0.8352285924850432,,,-0.8660254037844386,0.5000000000000001,1.2791105319539628
1975-11,71.63333333333334,4.271560514980355,0.04554423298878785,90.6,-0.2469900428008574,0.8236104025187838,,,-0.5000000000000004,0.8660254037844384,0.015103280209302739
1975-12,135.93548387096774,4.912180389878988,1.1961329565890915,183.9,1.625793415947498,0.39119770459515607,0.8889863420161631,,-2.4492935982947064e-16,1.0,0.04554423298878785
1976-01,35.61290322580645,3.572708022351894,0.14719082403149564,53.8,0.2842214178045783,0.6793161599428039,0.9674199689813914,,0.49999999999999994,0.8660254037844387,1.1961329565890915
1976-02,53.89655172413793,3.9870665004350023,0.7443951796654367,20.1,-0.6231495975087784,1.025772184096039,1.1219030206478875,,0.8660254037844386,0.5000000000000001,0.14719082403149564
1976-03,39.064516129032256,3.665214539067946,0.5534520186241645,52.5,0.598670213685572,-0.046683711811140734,0.21977623618728115,,1.0,6.123233995736766e-17,0.7443951796654367
1976-04,43.36666666666667,3.76969109685035,0.5652054656569079,11.0,-1.4238093973206718,-1.0127516516747033,0.15526591128945352,,0.8660254037844387,-0.49999999999999983,0.5534520186241645
1976-05,26.903225806451612,3.2922461978736006,-0.42149287398685864,18.799999999999997,-1.7487153985340487,-1.6092178517498572,-0.3357584133141339,,0.49999999999999994,-0.8660254037844387,0.5652054656569079
1976-06,66.33333333333333,4.194692536056382,0.3251105374798846,85.8,-0.3236394244587761,-1.6469040119420473,-1.625667975138092,-0.007998119910580956,1.2246467991473532e-16,-1.0,-0.42149287398685864
1976-07,61.67741935483871,4.1219178891262,0.20548018146696734,18.2,-2.3351909552286503,-1.9039884783062448,-2.3053969414185476,-0.3863115913996741,-0.4999999999999998,-0.8660254037844388,0.3251105374798846
1976-08,57.225806451612904,4.047004958384378,-0.03948238615653654,,,,,,-0.8660254037844384,-0.5000000000000004,0.20548018146696734
1976-09,75.76666666666667,4.327658442190388,0.07998889480450444,28.299999999999997,-1.9946536453541606,,,,-1.0,-1.8369701987210297e-16,-0.03948238615653654
1976-10,76.03225806451613,4.331157698450985,0.023197041113420802,19.9,-2.07620351606612,,,,-0.8660254037844386,0.5000000000000001,0.07998889480450444
1976-11,27.366666666666667,3.309325727790273,-0.9166905542012946,,,,,,-0.5000000000000004,0.8660254037844384,0.023197041113420802
1976-12,43.58064516129032,3.7746131334750523,0.05856570018515583,69.9,0.2601710659960308,,,,-2.4492935982947064e-16,1.0,-0.9166905542012946
1977-01,23.322580645161292,3.1494220176736185,-0.27609518064677996,2.1,-2.665600746627455,,,,0.49999999999999994,0.8660254037844387,0.05856570018515583
1977-02,16.392857142857142,2.796845699885341,-0.4458256208842246,11.0,-1.1570144325698177,-0.9889996618343061,,,0.8660254037844386,0.5000000000000001,-0.27609518064677996
1977-03,16.190322580645162,2.784413692175742,-0.3273488282680397,16.3,-0.7780721189708588,-2.394206558349895,,,1.0,6.123233995736766e-17,-0.4458256208842246
1977-04,20.15,3.0032042883926917,-0.20128134280075027,17.3,-1.0598551965794556,-2.039429711388844,,,0.8660254037844387,-0.49999999999999983,-0.3273488282680397
1977-05,22.983870967741936,3.134792707657659,-0.5789463642028001,,,,,,0.49999999999999994,-0.8660254037844387,-0.20128134280075027
1977-06,14.6,2.681021528714291,-1.1885604698622068,16.8,-2.043299805419662,,,,1.2246467991473532e-16,-1.0,-0.5789463642028001
1977-07,31.4,3.4468078929142076,-0.4696298147450251,53.3,-1.1358445069951264,,,,-0.4999999999999998,-0.8660254037844388,-1.1885604698622068
1977-08,92.09677419354838,4.522839917604965,0.43635257306404984,,,,,,-0.8660254037844384,-0.5000000000000004,-0.4696298147450251
1977-09,159.73333333333332,5.0735057581331295,0.8258362107472461,189.29999999999998,0.23974939990530333,,,,-1.0,-1.8369701987210297e-16,0.43635257306404984
1977-10,144.32258064516128,4.972050937564928,0.6640902802273638,,,,,,-0.8660254037844386,0.5000000000000001,0.8258362107472461
1977-11,393.4,5.974826905954958,1.748810623963391,,,,,,-0.5000000000000004,0.8660254037844384,0.6640902802273638
1977-12,109.96774193548387,4.700187067652757,0.9841396343628603,,,,,,-2.4492935982947064e-16,1.0,1.748810623963391
1978-01,44.354838709677416,3.7922218056155255,0.366704607295127,,,,,,0.49999999999999994,0.8660254037844387,0.9841396343628603
1978-02,30.964285714285715,3.432834466605338,0.19016314583577243,,,,,,0.8660254037844386,0.5000000000000001,0.366704607295127
1978-03,38.03225806451613,3.6384346960522245,0.5266721756084429,,,,,,1.0,6.123233995736766e-17,0.19016314583577243
1978-04,36.666666666666664,3.6018680771243066,0.3973824459308646,,,,,,0.8660254037844387,-0.49999999999999983,0.5266721756084429
1978-05,78.2258064516129,4.3595995988864376,0.6458605270259783,116.5,0.10929125329999977,,,,0.49999999999999994,-0.8660254037844387,0.3973824459308646
1978-06,66.9,4.203198967134183,0.3336169685576853,72.3,-0.5425558332057006,,,,1.2246467991473532e-16,-1.0,0.6458605270259783
1978-07,62.96774193548387,4.142622562487891,0.22618485482865847,,,,,,-0.4999999999999998,-0.8660254037844388,0.3336169685576853
1978-08,97.90322580645162,4.583979499008453,0.4974921544675377,,,,,,-0.8660254037844384,-0.5000000000000004,0.22618485482865847
1978-09,44.43333333333333,3.793989938516553,-0.45367960886933023,77.7,-0.955319460246337,,,,-1.0,-1.8369701987210297e-16,0.4974921544675377
1978-10,213.29032258064515,5.3626542544557685,1.054693597118204,,,,,,-0.8660254037844386,0.5000000000000001,-0.45367960886933023
1978-11,91.96666666666667,4.521426192555131,0.29540991056356347,102.5,-0.09674832626987945,,,,-0.5000000000000004,0.8660254037844384,1.054693597118204
1978-12,42.45161290322581,3.7483649074001164,0.0323174741102199,12.7,-1.3263616802163638,,,,-2.4492935982947064e-16,1.0,0.29540991056356347
1979-01,30.0,3.4011973816621555,-0.02431981665824301,9.399999999999999,-1.5842074712290104,-1.0883389335312863,,,0.49999999999999994,0.8660254037844387,0.0323174741102199
1979-02,14.835714285714285,2.697037401266808,-0.5456339195027575,9.5,-1.2748271442751942,-2.24478910884234,,,0.8660254037844386,0.5000000000000001,-0.02431981665824301
1979-03,9.816129032258065,2.2840268524177794,-0.8277356680260022,10.2,-1.2106135009573342,-2.4076366840228487,,,1.0,6.123233995736766e-17,-0.5456339195027575
1979-04,12.673333333333334,2.5395000483921732,-0.6649855828012687,17.4,-1.0549551097434862,-2.3085546536833643,-2.0121917726951692,,0.8660254037844387,-0.49999999999999983,-0.8277356680260022
1979-05,74.04193548387097,4.304631628420769,0.59089255656031,81.6,-0.33283928270161783,-1.1899426227552836,-2.310743675455983,,0.49999999999999994,-0.8660254037844387,-0.6649855828012687
1979-06,200.36666666666667,5.300149021377007,1.4305670228005094,163.6,0.6179524584253502,-0.27309157595133543,-1.1677869456268586,,1.2246467991473532e-16,-1.0,0.59089255656031
1979-07,164.48387096774192,5.102812516570009,1.1863748089107764,163.6,0.5721024853963048,0.21863241662905422,-0.4573679062462948,,-0.4999999999999998,-0.8660254037844388,1.4305670228005094
1979-08,231.32258064516128,5.443813189397429,1.357325844856514,,,,,,-0.8660254037844384,-0.5000000000000004,1.1863748089107764
1979-09,314.2,5.750029725821521,1.5023601784356373,556.6,2.2622102861747098,,,,-1.0,-1.8369701987210297e-16,1.357325844856514
1979-10,137.8709677419355,4.926318231393947,0.6183575740563825,246.2,0.6749167262706196,,,,-0.8660254037844386,0.5000000000000001,1.5023601784356373
1979-11,84.56666666666666,4.437540177937127,0.2115238959455592,138.5,0.2955667015594057,1.8287347355939556,,,-0.5000000000000004,0.8660254037844384,0.6183575740563825
1979-12,59.83870967741935,4.091652770556389,0.3756053372664927,23.1,-0.8524394868142481,0.27568248601223005,,,-2.4492935982947064e-16,1.0,0.2115238959455592
1980-01,27.032258064516128,3.2970308959969366,-0.12848630232346192,23.8,-0.7047188758081897,-0.42838838171555466,,,0.49999999999999994,0.8660254037844387,0.3756053372664927
1980-02,18.17241379310345,2.8999047185548883,-0.34276660221467736,43.7,0.2157146964027419,-0.8576597154023707,1.5247790767371991,,0.8660254037844386,0.5000000000000001,-0.12848630232346192
1980-03,18.548387096774192,2.920382836312204,-0.19137968413157758,20.5,-0.545515160095464,-0.7261928411966168,-0.11831509723088748,,1.0,6.123233995736766e-17,-0.34276660221467736
1980-04,18.066666666666666,2.894068619777491,-0.310417011415951,25.6,-0.7091972729292902,-0.8836165088104874,-0.8566514572847622,,0.8660254037844387,-0.49999999999999983,-0.19137968413157758
1980-05,41.24193548387097,3.719455590246095,0.005716518385635805,149.9,0.45461169941588364,-0.20391456427397067,-0.7614741396459427,,0.49999999999999994,-0.8660254037844387,-0.310417011415951
1980-06,37.13333333333333,3.6145150388250737,-0.2550669597514239,105.6,-0.04204627572071899,-0.1428446468458723,-0.5521715070848576,,1.2246467991473532e-16,-1.0,0.005716518385635805
1980-07,56.54838709677419,4.035096680436088,0.11865897277685544,109.1,-0.11571282709674184,-0.019054435267394015,-0.4063389779669703,,-0.4999999999999998,-0.8660254037844388,-0.2550669597514239
1980-08,27.225806451612904,3.3041652901108107,-0.7823220544301042,26.4,-2.3671805263305754,-1.2306036182747073,-1.1009776784919214,0.4669777975075915,-0.8660254037844384,-0.5000000000000004,0.11865897277685544
1980-09,23.34,3.15016862685841,-1.0975009205274735,12.500000000000002,-2.6753629928997076,-2.6597450789454045,-1.7555426706557098,-1.4945507512443004,-1.0,-1.8369701987210297e-16,-0.7823220544301042
1980-10,47.70967741935484,3.8651342582256536,-0.4428263991119108,130.8,-0.21569715800740644,-2.4123330241870677,-1.6124949722232458,-1.9773702826186175,-0.8660254037844386,0.5000000000000001,-1.0975009205274735
1980-11,46.06666666666667,3.8300896226654597,-0.3959266593261077,35.8,-1.218627156532151,-2.0909532359452276,-2.35485034973403,-2.345180828251836,-0.5000000000000004,0.8660254037844384,-0.4428263991119108
1980-12,21.35483870967742,3.061278351451862,-0.6547690818380345,76.6,0.3704315948433473,-0.7654276468132105,-2.419176045014023,-2.158771862111236,-2.4492935982947064e-16,1.0,-0.3959266593261077
1981-01,20.161290322580644,3.0037644452512553,-0.42175275306914317,52.1,0.24025861655481126,-0.6354711966711868,-2.4237376211564117,-1.9769069531856909,0.49999999999999994,0.8660254037844387,-0.6547690818380345
1981-02,22.928571428571427,3.1323837935147574,-0.11028752725480828,52.4,0.4434809802187122,0.3157036134851422,-1.751960968118321,-1.9554217354353556,0.8660254037844386,0.5000000000000001,-0.42175275306914317
1981-03,11.790322580645162,2.467279074704687,-0.6444834457390947,38.0,0.165766892505708,0.19634739293012685,-0.8153160687662485,-1.849033715443957,1.0,6.123233995736766e-17,-0.11028752725480828
1981-04,38.833333333333336,3.6592789843376456,0.45479335314420366,24.6,-0.7465652219140563,-0.4146989303977297,-0.8201056284654497,-1.8788818535813139,0.8660254037844387,-0.49999999999999983,-0.6444834457390947
1981-05,74.87096774193549,4.315766201789291,0.6020271299288318,154.2,0.49521391751039207,-0.014922151241876508,0.07589628895068315,-1.9748495810818851,0.49999999999999994,-0.8660254037844387,0.45479335314420366
1981-06,144.73333333333332,4.974892968776082,1.1053109701995845,195.3,0.9143521124071383,0.4368678414408017,0.4122278340268457,-1.764005825537674,1.2246467991473532e-16,-1.0,0.6020271299288318
1981-07,113.58064516129032,4.732513114669906,0.8160754070106737,131.1,0.18466837262217445,0.5707069950210935,0.3606253152692768,-1.6044722100096822,-0.4999999999999998,-0.8660254037844388,1.1053109701995845
1981-08,45.935483870967744,3.827237887486775,-0.25924945705413993,90.9,-0.7188455271320221,0.05718528750848166,-0.04865676494471599,-1.2459209018833106,-0.8660254037844384,-0.5000000000000004,0.8160754070106737
1981-09,37.4,3.6216707044204863,-0.6259988429653971,70.6,-1.066084206052342,-1.1824083503004346,-0.5233826624508583,-0.9894617773187421,-1.0,-1.8369701987210297e-16,-0.25924945705413993
1981-10,33.96774193548387,3.525411307648829,-0.7825493496887352,196.8,0.33791720291015176,-0.8532608573238379,-0.2901083024694159,-0.7262111211887634,-0.8660254037844386,0.5000000000000001,-0.6259988429653971
1981-11,22.833333333333332,3.1282214566000697,-1.0977948253914978,43.0,-1.0460873281414742,-1.0120052488111626,-0.776595785681024,-0.677356210969052,-0.5000000000000004,0.8660254037844384,-0.7825493496887352
1981-12,138.25806451612902,4.929121971548376,1.2130745382584798,170.4,1.49971309867137,0.2885393188855027,-0.665044950871158,-0.36741631613977277,-2.4492935982947064e-16,1.0,-1.0977948253914978
1982-01,47.645161290322584,3.863781078046234,0.43826387972583536,,,,,,0.49999999999999994,0.8660254037844387,1.2130745382584798
1982-02,94.57142857142857,4.549355406881695,1.3066840861121292,125.5,1.7686994469889794,,,,0.8660254037844386,0.5000000000000001,0.43826387972583536
1982-03,31.70967741935484,3.45662191566202,0.3448593952182386,45.5,0.4011772525373217,,,,1.0,6.123233995736766e-17,1.3066840861121292
1982-04,18.533333333333335,2.9195709125884273,-0.2849147186050147,20.3,-0.9211584764717813,0.6760756843761787,,,0.8660254037844387,-0.49999999999999983,0.3448593952182386
1982-05,60.774193548387096,4.107165250651162,0.39342617879070296,272.40000000000003,1.404414033737258,0.8985615638601205,,,0.49999999999999994,-0.8660254037844387,-0.2849147186050147
1982-06,47.833333333333336,3.867722746531566,-0.0018592520449316474,90.8,-0.24864025396611084,0.4898746868849176,,,1.2246467991473532e-16,-1.0,0.39342617879070296
1982-07,66.6774193548387,4.1998663551966215,0.28342864753738883,,,,,,-0.4999999999999998,-0.8660254037844388,-0.0018592520449316474
1982-08,53.74193548387097,3.9841936182416418,-0.10229372629927314,43.2,-1.7745492737912445,,,,-0.8660254037844384,-0.5000000000000004,0.28342864753738883
1982-09,113.63333333333334,4.732976890475748,0.4853073430898647,205.0,0.36409029990958697,,,,-1.0,-1.8369701987210297e-16,-0.10229372629927314
1982-10,61.74193548387097,4.1229633675277535,-0.1849972898098109,143.4,-0.09733968574398102,-0.643660661037509,,,-0.8660254037844386,0.5000000000000001,0.4853073430898647
1982-11,109.1,4.692264892839025,0.4662486108474573,186.2,0.7217254167309377,0.24815534285344212,,,-0.5000000000000004,0.8660254037844384,-0.1849972898098109
1982-12,51.29032258064516,3.937502090729131,0.22145465743923465,32.9,-0.5355507588347383,0.02294066884307278,,,-2.4492935982947064e-16,1.0,0.4662486108474573
1983-01,46.12903225806452,3.8314425187688066,0.4059253204484081,,,,,,0.49999999999999994,0.8660254037844387,0.22145465743923465
1983-02,18.571428571428573,2.921624301400269,-0.32104701936929647,6.3999999999999995,-1.572711101364511,,,,0.8660254037844386,0.5000000000000001,0.4059253204484081
1983-03,19.322580645161292,2.961274393630303,-0.15048812681347856,29.000000000000004,-0.16254872284981023,,,,1.0,6.123233995736766e-17,-0.32104701936929647
1983-04,26.8,3.288401887516811,0.08391625632336908,137.0,1.3697191874353303,0.43776053185447467,,,0.8660254037844387,-0.49999999999999983,-0.15048812681347856
1983-05,56.16129032258065,4.028227735283043,0.3144886634225834,96.30000000000001,-0.13332332025821741,0.3596393554343871,,,0.49999999999999994,-0.8660254037844387,0.08391625632336908
1983-06,119.0,4.77912349311153,0.909541494535032,,,,,,1.2246467991473532e-16,-1.0,0.3144886634225834
1983-07,121.58064516129032,4.80057778878199,0.8841400811227569,200.70000000000002,0.95686526507446,,,,-0.4999999999999998,-0.8660254037844388,0.909541494535032
1983-08,109.58064516129032,4.696660763675438,0.6101734191345232,164.8,0.31266828345448694,,,,-0.8660254037844384,-0.5000000000000004,0.8841400811227569
1983-09,59.46666666666667,4.085415931477799,-0.1622536159080843,134.7,-0.2561657757649023,0.2137345496870687,,,-1.0,-1.8369701987210297e-16,0.6101734191345232
1983-10,38.45161290322581,3.6494006431401487,-0.6585600141974157,58.1,-1.1305532903856672,-0.8578079997797161,,,-0.8660254037844386,0.5000000000000001,-0.1622536159080843
1983-11,64.5,4.1666652238017265,-0.05935105818984088,177.5,0.6498428908459613,-0.6266625750979342,,,-0.5000000000000004,0.8660254037844384,-0.6585600141974157
1983-12,25.612903225806452,3.2430962567619894,-0.4729511765279071,66.3,0.19798203117068136,-0.35082518845888266,-0.22298540562151523,,-2.4492935982947064e-16,1.0,-0.05935105818984088
1984-01,46.0,3.828641396489095,0.4031241981686966,70.7,0.6782108990013707,0.588489648905842,-0.4352859373009744,,0.49999999999999994,0.8660254037844387,-0.4729511765279071
1984-02,59.241379310344826,4.081620272557727,0.838948951788161,97.8,1.345890694765417,0.8292849318392576,-0.27746140650188955,,0.8660254037844386,0.5000000000000001,0.4031241981686966
1984-03,20.741935483870968,3.0321575197524733,-0.07960500069130827,16.5,-0.7660764812316706,0.7606185402083231,-0.17051047732796637,,1.0,6.123233995736766e-17,0.838948951788161
1984-04,13.966666666666667,2.6366735382599824,-0.5678120929334596,12.5,-1.3250523605498465,-0.2192449292791096,0.34203847345261745,,0.8660254037844387,-0.49999999999999983,-0.07960500069130827
1984-05,19.980645161290322,2.9947640630539563,-0.718975008806503,136.5,0.3229233057024229,-0.5074675976256428,0.09209487975128847,,0.49999999999999994,-0.8660254037844387,-0.5678120929334596
1984-06,45.666666666666664,3.821368637160015,-0.04821336141648258,115.6,0.08661617605032293,-0.2587164479089881,0.0007543909658428347,-0.31503752795882667,1.2246467991473532e-16,-1.0,-0.718975008806503
1984-07,55.54838709677419,4.01725448050253,0.10081677284329693,96.0,-0.3146151399969195,-0.11273578405935969,-0.2858732847092073,-0.6797045804871702,-0.4999999999999998,-0.8660254037844388,-0.04821336141648258
1984-08,30.0,3.4011973816621555,-0.6852899628787594,72.60000000000001,-1.0616781132344468,-0.8675257950138223,-1.0248975464133796,-1.0004210301010559,-0.8660254037844384,-0.5000000000000004,0.10081677284329693
1984-09,114.16666666666667,4.73765936903417,0.48998982164828675,472.5,1.900610336009712,0.9484112225442846,0.44142255223467414,0.18089169967934365,-1.0,-1.8369701987210297e-16,-0.6852899628787594
1984-10,97.54838709677419,4.580348532814277,0.2723878754767126,159.9,0.04737198794595316,0.9067390273248853,0.4529857746061447,0.5118942209671824,-0.8660254037844386,0.5000000000000001,0.48998982164828675
1984-11,272.26666666666665,5.6067819781823465,1.380765696190779,363.1,1.866957707076085,2.0032401235157713,1.160979529150619,0.9720265903883409,-0.5000000000000004,0.8660254037844384,0.2723878754767126
1984-12,44.225806451612904,3.789308475077168,0.07326104178727144,,,,,,-2.4492935982947064e-16,1.0,1.380765696190779
1985-01,23.096774193548388,3.1396929624754994,-0.285824235844899,21.3,-0.8215582413365787,,,,0.49999999999999994,0.8660254037844387,0.07326104178727144
1985-02,24.142857142857142,3.18398856586776,-0.058682754901805634,30.5,-0.19758395969503498,,,,0.8660254037844386,0.5000000000000001,-0.285824235844899
1985-03,32.806451612903224,3.4906251915634137,0.3788626711196321,33.3,0.0018509531952441657,-0.7852733963102883,,,1.0,6.123233995736766e-17,-0.058682754901805634
1985-04,37.03333333333333,3.6118184079774744,0.40733277678403246,,,,,,0.8660254037844387,-0.49999999999999983,0.3788626711196321
1985-05,112.83870967741936,4.725959451093401,1.012220379232942,,,,,,0.49999999999999994,-0.8660254037844387,0.40733277678403246
1985-06,15.093333333333334,2.714253145226818,-1.1553288533496797,,,,,,1.2246467991473532e-16,-1.0,1.012220379232942
1985-07,34.92580645161291,3.5532259958317063,-0.36321171182752643,,,,,,-0.4999999999999998,-0.8660254037844388,-1.1553288533496797
1985-08,30.64516129032258,3.4224747801094404,-0.6640125644314745,137.29999999999998,-0.02510989831442819,,,,-0.8660254037844384,-0.5000000000000004,-0.36321171182752643
1985-09,88.63333333333334,4.484508009580865,0.2368384621949815,220.2,0.4785967727550765,,,,-1.0,-1.8369701987210297e-16,-0.6640125644314745
1985-10,286.1290322580645,5.656442870818479,1.3484822134809145,322.4,1.1173441785895022,0.8019924503084075,,,-0.8660254037844386,0.5000000000000001,0.2368384621949815
1985-11,120.93333333333334,4.795239429572872,0.5692231475813045,,,,,,-0.5000000000000004,0.8660254037844384,1.3484822134809145
1985-12,39.935483870967744,3.6872652487593953,-0.028782184530501187,45.1,-0.22471967678699875,,,,-2.4492935982947064e-16,1.0,0.5692231475813045
1986-01,33.74193548387097,3.518741440139722,0.09322424181932343,44.4,0.028080138285105728,,,,0.49999999999999994,0.8660254037844387,-0.028782184530501187
1986-02,23.678571428571427,3.1645704800106587,-0.078100840758907,13.7,-0.9723675928850741,-0.6560187957965598,,,0.8660254037844386,0.5000000000000001,0.09322424181932343
1986-03,21.496774193548386,3.0679028863674866,-0.043859634076294896,33.1,-0.005463049882391531,-0.6625479519926443,,,1.0,6.123233995736766e-17,-0.078100840758907
1986-04,28.866666666666667,3.3626875269002796,0.15820189570683763,45.7,-0.11426466416140546,-0.8293222705993113,,,0.8660254037844387,-0.49999999999999983,-0.043859634076294896
1986-05,98.81290322580645,4.593228195677939,0.8794891238174793,111.50000000000001,0.05207845754079868,-0.258061575857469,-0.7036735740855927,,0.49999999999999994,-0.8660254037844387,0.15820189570683763
1986-06,51.06666666666667,3.9331319686383814,0.06354997006188379,36.8,-1.3076466354185396,-0.8196217245778721,-1.2244099145720857,,1.2246467991473532e-16,-1.0,0.8794891238174793
1986-07,21.606451612903225,3.072991955874958,-0.8434457517842748,52.099999999999994,-1.1648872425648162,-1.130272736814646,-1.518180799535288,,-0.4999999999999998,-0.8660254037844388,0.06354997006188379
1986-08,45.903225806451616,3.8265353936047064,-0.2599519509362085,92.6,-0.6895474507270695,-1.8170736975561328,-1.5217444012063628,,-0.8660254037844384,-0.5000000000000004,-0.8434457517842748
1986-09,29.266666666666666,3.3764492119729614,-0.871220335412922,44.400000000000006,-1.5636679593043494,-2.161120072997041,-2.0468901770776586,,-1.0,-1.8369701987210297e-16,-0.2599519509362085
1986-10,35.58064516129032,3.571801814768356,-0.7361588425692083,110.89999999999999,-0.4197941186519343,-1.6638310738397504,-2.0795636249327316,,-0.8660254037844386,0.5000000000000001,-0.871220335412922
1986-11,109.36666666666666,4.694706151298946,0.46868986930737844,,,,,,-0.5000000000000004,0.8660254037844384,-0.7361588425692083
1986-12,51.54838709677419,3.9425209218410737,0.22647348855117722,,,,,,-2.4492935982947064e-16,1.0,0.46868986930737844
1987-01,35.41935483870968,3.5672584175843296,0.14174121926393113,,,,,,0.49999999999999994,0.8660254037844387,0.22647348855117722
1987-02,22.714285714285715,3.122994053164918,-0.11967726760464759,10.1,-1.226122452817852,,,,0.8660254037844386,0.5000000000000001,0.14174121926393113
1987-03,16.087096774193547,2.7780175080669305,-0.33374501237685106,16.0,-0.796266660605131,,,,1.0,6.123233995736766e-17,-0.11967726760464759
1987-04,27.016666666666666,3.2964539595135753,0.09196832832013335,,,,,,0.8660254037844387,-0.49999999999999983,-0.33374501237685106
1987-05,35.89354838709678,3.5805575686785085,-0.13318150318195077,45.2,-0.9696311249858371,,,,0.49999999999999994,-0.8660254037844387,0.09196832832013335
1987-06,89.53333333333333,4.494610995421027,0.6250289968445295,,,,,,1.2246467991473532e-16,-1.0,-0.13318150318195077
1987-07,47.12903225806452,3.8528892072655534,-0.06354850039367932,,,,,,-0.4999999999999998,-0.8660254037844388,0.6250289968445295
1987-08,34.61290322580645,3.544226538145552,-0.5422608063953627,12.7,-3.132592262240901,,,,-0.8660254037844384,-0.5000000000000004,-0.06354850039367932
1987-09,26.9,3.292126286607793,-0.9555432607780903,46.199999999999996,-1.5233330741414646,,,,-1.0,-1.8369701987210297e-16,-0.5422608063953627
1987-10,83.93548387096774,4.430048454587304,0.12208779724973962,47.6,-1.3255317720042856,-3.2345397294316247,,,-0.8660254037844386,0.5000000000000001,-0.9555432607780903
1987-11,253.66666666666666,5.536021069193576,1.3100047872020086,168.7,0.5747588636207529,-1.3593369558884065,,,-0.5000000000000004,0.8660254037844384,0.12208779724973962
1987-12,115.3225806451613,4.747733250642962,1.0316858173530652,,,,,,-2.4492935982947064e-16,1.0,1.3100047872020086
1988-01,56.32258064516129,4.031095531914401,0.6055783335940026,8.6,-1.6582293165500763,,,,0.49999999999999994,0.8660254037844387,1.0316858173530652
1988-02,47.86206896551724,3.868323311080276,0.6256519903107103,,,,,,0.8660254037844386,0.5000000000000001,0.6055783335940026
1988-03,34.483870967741936,3.540491706539899,0.4287291860961173,,,,,,1.0,6.123233995736766e-17,0.6256519903107103
1988-04,24.366666666666667,3.193216078087623,-0.011269553105818897,15.0,-1.1788901205361646,,,,0.8660254037844387,-0.49999999999999983,0.4287291860961173
1988-05,29.419354838709676,3.381652785589185,-0.3320862862712741,,,,,,0.49999999999999994,-0.8660254037844387,-0.011269553105818897
1988-06,48.8,3.8877303128591016,0.018148314282603994,10.7,-2.4113542901445166,,,,1.2246467991473532e-16,-1.0,-0.3320862862712741
1988-07,129.7741935483871,4.865795967464642,0.9493582598054093,,,,,,-0.4999999999999998,-0.8660254037844388,0.018148314282603994
1988-08,130.8709677419355,4.874211858721301,0.7877245141803861,,,,,,-0.8660254037844384,-0.5000000000000004,0.9493582598054093
1988-09,121.0,4.795790545596741,0.5481209982108579,81.6,-0.8975515480789985,,,,-1.0,-1.8369701987210297e-16,0.7877245141803861
1988-10,101.74193548387096,4.622439563037838,0.31447890570027326,,,,,,-0.8660254037844386,0.5000000000000001,0.5481209982108579
1988-11,104.7,4.651099117876491,0.4250828358849237,,,,,,-0.5000000000000004,0.8660254037844384,0.31447890570027326
1988-12,48.774193548387096,3.887201352254332,0.17115391896443555,,,,,,-2.4492935982947064e-16,1.0,0.4250828358849237
1989-01,37.32258064516129,3.61959852270853,0.19408132438813164,12.399999999999999,-1.343455006938883,,,,0.49999999999999994,0.8660254037844387,0.17115391896443555
1989-02,51.607142857142854,3.9436600903713286,0.7009887696017629,83.6,1.0995631706390132,,,,0.8660254037844386,0.5000000000000001,0.19408132438813164
1989-03,42.87096774193548,3.758194854228099,0.6464323337843174,9.0,-1.3175485478039102,-0.4044807111652357,,,1.0,6.123233995736766e-17,0.7009887696017629
1989-04,31.266666666666666,3.442552567344069,0.23806693615062713,3.8,-2.1475878230334087,-0.7528094199832478,,,0.8660254037844387,-0.49999999999999983,0.6464323337843174
1989-05,30.06451612903226,3.403345610200445,-0.31039346166001414,7.6,-2.40786457724457,-3.2907741461384132,,,0.49999999999999994,-0.8660254037844387,0.23806693615062713
1989-06,26.466666666666665,3.2758860795849802,-0.5936959189915174,17.0,-2.033163965930221,-3.405578274202772,-2.931438037571423,,1.2246467991473532e-16,-1.0,-0.31039346166001414
1989-07,30.225806451612904,3.4086960777532758,-0.507741629905957,,,,,,-0.4999999999999998,-0.8660254037844388,-0.5936959189915174
1989-08,41.54838709677419,3.7268587021791526,-0.3596286423617623,96.4,-0.6253861492808969,,,,-0.8660254037844384,-0.5000000000000004,-0.507741629905957
1989-09,177.53333333333333,5.179158384711722,0.9314888373258388,342.3,1.2516792969170552,,,,-1.0,-1.8369701987210297e-16,-0.3596286423617623
1989-10,37.354838709677416,3.6204624536477943,-0.6874982036897701,0.3,-4.463222860760771,-0.3653825235041978,,,-0.8660254037844386,0.5000000000000001,0.9314888373258388
1989-11,18.433333333333334,2.9141606198601795,-1.311855662131388,2.5,-3.0872192236598526,-0.7831109605504178,,,-0.5000000000000004,0.8660254037844384,-0.6874982036897701
1989-12,13.0,2.5649493574615367,-1.1510980758283598,18.3,-1.0454053197243618,-4.106843836360956,,,-2.4492935982947064e-16,1.0,-1.311855662131388
1990-01,19.883870967741935,2.9899088989608145,-0.435608299359584,54.5,0.3020545655414264,-1.8226463022250656,-1.247462708306257,,0.49999999999999994,0.8660254037844387,-1.1510980758283598
1990-02,20.678571428571427,3.0290979673977914,-0.2135733533717743,,,,,,0.8660254037844386,0.5000000000000001,-0.435608299359584
1990-03,17.0,2.833213344056216,-0.2785491763875654,28.1,-0.19904757727148337,,,,1.0,6.123233995736766e-17,-0.2135733533717743
1990-04,12.283333333333333,2.508243329967236,-0.696242301226206,,,,,,0.8660254037844387,-0.49999999999999983,-0.2785491763875654
1990-05,19.093548387096774,2.949350497211533,-0.7643885746489261,12.7,-2.0490427899940986,,,,0.49999999999999994,-0.8660254037844387,-0.696242301226206
1990-06,44.833333333333336,3.802951910373784,-0.06663008820271354,105.9,-0.038069014355807486,,,,1.2246467991473532e-16,-1.0,-0.7643885746489261
1990-07,56.12903225806452,4.027653187723429,0.11121548006419602,,,,,,-0.4999999999999998,-0.8660254037844388,-0.06663008820271354
1990-08,39.16129032258065,3.6676887671342975,-0.4187985774066174,33.2,-2.1003126233438842,,,,-0.8660254037844384,-0.5000000000000004,0.11121548006419602
1990-09,33.4,3.5085558999826545,-0.7391136474032289,,,,,,-1.0,-1.8369701987210297e-16,-0.4187985774066174
1990-10,157.51612903225808,5.059527859576514,0.7515672022389497,,,,,,-0.8660254037844386,0.5000000000000001,-0.7391136474032289
1990-11,54.9,4.005513348515485,-0.22050293347608285,,,,,,-0.5000000000000004,0.8660254037844384,0.7515672022389497
1990-12,37.61290322580645,3.6273471624252913,-0.08870027086460519,90.7,0.5831257519184304,,,,-2.4492935982947064e-16,1.0,-0.22050293347608285
1991-01,28.903225806451612,3.363953208489784,-0.061563989830614396,,,,,,0.49999999999999994,0.8660254037844387,-0.08870027086460519
1991-02,45.107142857142854,3.8090406121752873,0.5663692914057217,,,,,,0.8660254037844386,0.5000000000000001,-0.061563989830614396
1991-03,24.096774193548388,3.182077980647671,0.07031546020388957,10.2,-1.2106135009573342,,,,1.0,6.123233995736766e-17,0.5663692914057217
1991-04,17.5,2.8622008809294686,-0.3422847502639734,13.3,-1.2760417045736636,,,,0.8660254037844387,-0.49999999999999983,0.07031546020388957
1991-05,31.193548387096776,3.440211290968148,-0.27352778089231133,20.1,-1.6949201663558504,-2.4438473536881746,,,0.49999999999999994,-0.8660254037844387,-0.3422847502639734
1991-06,36.166666666666664,3.5881378843124043,-0.2814441142640933,,,,,,1.2246467991473532e-16,-1.0,-0.27352778089231133
1991-07,41.225806451612904,3.7190644304523337,-0.197373277206899,170.2,0.644427456661978,,,,-0.4999999999999998,-0.8660254037844388,-0.2814441142640933
1991-08,23.032258064516128,3.1368957578544383,-0.9495915866864766,68.0,-1.1573414815481011,,,,-0.8660254037844384,-0.5000000000000004,-0.197373277206899
1991-09,46.5,3.8394523125933104,-0.408217234792573,,,,,,-1.0,-1.8369701987210297e-16,-0.9495915866864766
1991-10,31.129032258064516,3.43814089685384,-0.8698197604837246,85.0,-0.7281391030529836,,,,-0.8660254037844386,0.5000000000000001,-0.408217234792573
1991-11,104.0,4.6443908991413725,0.41837461714980506,158.5,0.48444801411250693,,,,-0.5000000000000004,0.8660254037844384,-0.8698197604837246
1991-12,34.38709677419355,3.537681400240644,-0.1783660330492527,20.3,-0.9609099368866932,-0.6127886933192328,,,-2.4492935982947064e-16,1.0,0.41837461714980506
1992-01,124.54838709677419,4.82469429177909,1.3991770934586913,16.0,-1.1068096919359562,-0.34046677877670023,,,0.49999999999999994,0.8660254037844387,-0.1783660330492527
1992-02,26.517241379310345,3.27779513951917,0.03512381874960413,16.2,-0.8241161539033784,-1.6247333049143955,,,0.8660254037844386,0.5000000000000001,1.3991770934586913
1992-03,19.799999999999997,2.9856819377004893,-0.12608058274329226,18.3,-0.6625646736066165,-1.6338345355776307,-1.3440669494425987,,1.0,6.123233995736766e-17,0.03512381874960413
1992-04,26.63,3.282038399825841,0.0775527686323989,32.6,-0.4732970838187625,-1.3929201169283891,-0.972243464610816,,0.8660254037844387,-0.49999999999999983,-0.12608058274329226
1992-05,90.13225806451612,4.501278125671952,0.7875390538114928,233.4,1.1387648278462272,0.5253466458434776,-0.3606420852474936,,0.49999999999999994,-0.8660254037844387,0.0775527686323989
1992-06,108.13333333333334,4.683365033573148,0.8137830349966504,59.4,-0.780448228052779,0.14710598035145545,-0.5024790810508618,,1.2246467991473532e-16,-1.0,0.7875390538114928
1992-07,38.516129032258064,3.651077089467401,-0.26536061819183177,26.099999999999998,-1.9677164840398222,-0.28615816038607433,-0.8372178764469644,,-0.4999999999999998,-0.8660254037844388,0.8137830349966504
1992-08,46.193548387096776,3.832840143035445,-0.25364720150547004,,,,,,-0.8660254037844384,-0.5000000000000004,-0.26536061819183177
1992-09,42.03333333333333,3.738462954302764,-0.5092065930831193,61.8,-1.215204331883775,,,,-1.0,-1.8369701987210297e-16,-0.25364720150547004
1992-10,30.387096774193548,3.414018070091217,-0.8939425872463476,31.5,-1.6997523741601663,,,,-0.8660254037844386,0.5000000000000001,-0.5092065930831193
1992-11,49.93333333333333,3.910688782415009,-0.31532749957655826,,,,,,-0.5000000000000004,0.8660254037844384,-0.8939425872463476
1992-12,30.870967741935484,3.429816186967808,-0.2862312463220884,43.5,-0.26181057516206885,,,,-2.4492935982947064e-16,1.0,-0.31532749957655826
1993-01,38.645161290322584,3.6544215741902484,0.2289043758698499,,,,,,0.49999999999999994,0.8660254037844387,-0.2862312463220884
1993-02,23.0,3.1354942159291497,-0.10717710484041598,7.8999999999999995,-1.4172831405396868,,,,0.8660254037844386,0.5000000000000001,0.2289043758698499
1993-03,15.290322580645162,2.72722011720993,-0.38454240323385136,43.2,0.33192858735868375,,,,1.0,6.123233995736766e-17,-0.10717710484041598
1993-04,18.133333333333333,2.8977518651937872,-0.30673376599965474,,,,,,0.8660254037844387,-0.49999999999999983,-0.38454240323385136
1993-05,35.483870967741936,3.5690782543013158,-0.1446608175591435,57.4,-0.7249493808413838,,,,0.49999999999999994,-0.8660254037844387,-0.30673376599965474
1993-06,60.03333333333333,4.094899963513801,0.22531796493730338,68.0,-0.6182581792116374,,,,1.2246467991473532e-16,-1.0,-0.1446608175591435
1993-07,151.61290322580646,5.021330583213004,1.1048928755537712,,,,,,-0.4999999999999998,-0.8660254037844388,0.22531796493730338
1993-08,70.12903225806451,4.250336863196009,0.1638495186550939,50.3,-1.5759403861831065,,,,-0.8660254037844384,-0.5000000000000004,1.1048928755537712
1993-09,65.03333333333333,4.174899958960956,-0.07276958842492753,86.5,-0.8277087133592276,,,,-1.0,-1.8369701987210297e-16,0.1638495186550939
1993-10,23.774193548387096,3.16860068770419,-1.1393599696333743,59.89999999999999,-1.0998013829204052,-2.130072995580343,,,-0.8660254037844386,0.5000000000000001,-0.07276958842492753
1993-11,24.833333333333332,3.2121868367174042,-1.0138294452741632,121.6,0.12123141191311235,-1.317303272910999,,,-0.5000000000000004,0.8660254037844384,-1.1393599696333743
1993-12,17.096774193548388,2.838889802061021,-0.8771576312288754,44.8,-0.23160355428443233,-0.8974946134775607,,,-2.4492935982947064e-16,1.0,-1.0138294452741632
1994-01,14.093548387096773,2.6457171314722436,-0.7798000668481548,38.2,-0.16172297904370306,-0.25183645883544636,-1.9427202127832492,,0.49999999999999994,0.8660254037844387,-0.8771576312288754
1994-02,20.035714285714285,2.997516395347492,-0.2451549254220735,63.5,0.7003198177422938,-0.07146078205457072,-1.3759034831282642,,0.8660254037844386,0.5000000000000001,-0.7798000668481548
1994-03,18.70967741935484,2.9290408990553187,-0.18272162138846282,50.5,0.5441055594927665,0.3340237030224411,-0.8654029745603785,,1.0,6.123233995736766e-17,-0.2451549254220735
1994-04,11.7,2.4595888418037104,-0.7448967893897316,18.4,-1.0070702484261211,-0.13078997472536905,-0.3647657849750272,,0.8660254037844387,-0.49999999999999983,-0.18272162138846282
1994-05,18.47741935483871,2.9165494111612897,-0.7971896606991695,163.1,0.5769457853287958,0.11559356466085727,-0.057504800498505454,,0.49999999999999994,-0.8660254037844387,-0.7448967893897316
1994-06,17.65,2.8707357833793057,-0.998846215197192,84.39999999999999,-0.3451778421404171,-0.24941216487496862,-0.20696583815827416,,1.2246467991473532e-16,-1.0,-0.7971896606991695
1994-07,16.26451612903226,2.7889858102686733,-1.1274518973905594,68.7,-0.7990781364542165,-0.3027297281098591,-0.4410877767813789,-1.9819715236692987,-0.4999999999999998,-0.8660254037844388,-0.998846215197192
1994-08,17.248387096774195,2.84771863746954,-1.238768707071375,67.39999999999999,-1.1701565290349816,-1.4203567850596606,-1.008191046130202,-1.798067867978907,-0.8660254037844384,-0.5000000000000004,-1.1274518973905594
1994-09,38.7,3.655839600035736,-0.5918299473501474,252.2,0.7036932307037966,-0.4755182989249283,-0.5798744887985717,-1.064661508086404,-1.0,-1.8369701987210297e-16,-1.238768707071375
1994-10,41.54838709677419,3.7268587021791526,-0.5811019551584118,183.9,0.24084860932764146,-0.01768695265454852,-0.3626843317780486,-0.5883477149802588,-0.8660254037844386,0.5000000000000001,-0.5918299473501474
1994-11,37.3,3.6189933266497696,-0.6070229553417978,104.5,-0.0726903571977901,0.2764347714281601,-0.6354097840670793,-0.629642404251291,-0.5000000000000004,0.8660254037844384,-0.5811019551584118
1994-12,26.967741935483872,3.2946414085995555,-0.42140602469034105,53.8,-0.037569972817595686,-0.09721384088228488,-0.5376949230440243,-0.6093577998703777,-2.4492935982947064e-16,1.0,-0.6070229553417978
1995-01,19.129032258064516,2.951207194512579,-0.4743100038078194,10.399999999999999,-1.4981863503449724,-0.5924570950658261,-0.4348148435322275,-0.6906135352714908,0.49999999999999994,0.8660254037844387,-0.42140602469034105
1995-02,32.82142857142857,3.491081612180483,0.24841029141091742,59.3,0.6068811109396854,-0.36446083873441976,0.013739041413145772,-0.7102245602701305,0.8660254037844386,0.5000000000000001,-0.4743100038078194
1995-03,25.70967741935484,3.246867474305069,0.1351049538612874,12.7,-1.0149869059948753,-0.841552391056472,-0.5552258349741573,-0.8432352232396989,1.0,6.123233995736766e-17,0.24841029141091742
1995-04,11.72,2.4612967841488667,-0.7431888470445753,36.2,-0.3658373946593357,-0.5336215470640229,-0.8421564159626651,-0.7849293907675373,0.8660254037844387,-0.49999999999999983,0.1351049538612874
1995-05,13.329032258064515,2.589944532760337,-1.123794539100122,66.8,-0.5608647735622125,-1.1000059556968125,-1.187040450270469,-1.2000584261026686,0.49999999999999994,-0.8660254037844387,-0.7431888470445753
1995-06,41.166666666666664,3.717628867399922,-0.1519531311765756,83.39999999999999,-0.36071418918183,-0.8880287148350853,-1.3713782767537124,-1.3462752820091208,1.2246467991473532e-16,-1.0,-1.123794539100122
1995-07,34.29032258064516,3.5348631738568015,-0.3815745338024312,122.3,0.06891986665190364,-0.5855029308703145,-0.8727224934547385,-1.0642666803608998,-0.4999999999999998,-0.8660254037844388,-0.1519531311765756
1995-08,40.225806451612904,3.6945087411948903,-0.39197860334602463,106.3,-0.46608090948557324,-0.6531652760948278,-1.1587284646695593,-0.8549750934901154,-0.8660254037844384,-0.5000000000000004,-0.3815745338024312
1995-09,108.06666666666666,4.682748320633466,0.43507877324758226,241.29999999999998,0.6292342393825535,0.038275955687163535,-0.5703329504346255,-0.8823485106768099,-1.0,-1.8369701987210297e-16,-0.39197860334602463
1995-10,53.41935483870968,3.9781731304600587,-0.3297875268775057,41.199999999999996,-1.4607162757646561,-0.6608026548653562,-1.0106633554428686,-1.4219447996082146,-0.8660254037844386,0.5000000000000001,0.43507877324758226
1995-11,24.633333333333333,3.2041005392860464,-1.021915742705521,36.5,-1.2007788888992907,-0.9536865968312904,-1.2121146887562748,-1.6292956435021626,-0.5000000000000004,0.8660254037844384,-0.3297875268775057
1995-12,41.12903225806452,3.7167142531073805,0.0006668198174839546,65.89999999999999,0.19093325234269803,-1.6697060436920093,-1.1004719399722904,-1.6226916060671766,-2.4492935982947064e-16,1.0,-1.021915742705521
1996-01,57.12903225806452,4.0453124332976875,0.6197952349772891,137.8,1.8190338828972261,0.047796925254254136,-0.6429125448329303,-1.0874984672325978,0.49999999999999994,0.8660254037844387,0.0006668198174839546
1996-02,36.44827586206897,3.5958941558837636,0.35322283511419794,58.3,0.5840016059798112,1.060417491905873,-0.40191186420495534,-1.0999021324495417,0.8660254037844386,0.5000000000000001,0.6197952349772891
1996-03,45.54838709677419,3.818775213568041,0.7070126931242595,93.1,1.4978254342871067,1.8553633383436674,-0.5024929822273878,-0.8076023222624615,1.0,6.123233995736766e-17,0.35322283511419794
1996-04,23.1,3.139832617527748,-0.0646530136656942,38.5,-0.3010625649671059,0.658966975971399,0.2718907006487581,-0.8031824246340211,0.8660254037844387,-0.49999999999999983,0.7070126931242595
1996-05,22.258064516129032,3.102704393106159,-0.6110346787543004,67.3,-0.5526089215391905,-0.1767755634757873,0.48131551787422544,-0.8468278488933593,0.49999999999999994,-0.8660254037844387,-0.0646530136656942
1996-06,78.73333333333333,4.366066615095153,0.49648461651865494,142.8,0.40245865253003305,-0.3758655100793202,0.5349986264554347,-0.7066870929421893,1.2246467991473532e-16,-1.0,-0.6110346787543004
1996-07,66.61290322580645,4.1988983009099865,0.2824605932507538,143.0,0.33321759081373975,-0.08403737670699538,0.09079376525516115,-0.5811501278334759,-0.4999999999999998,-0.8660254037844388,0.49648461651865494
1996-08,52.25806451612903,3.9561942237412837,-0.13029312079963118,244.9,1.1220328072316001,0.6982183792526768,0.3824796629854693,-0.0566826140242488,-0.8660254037844384,-0.5000000000000004,0.2824605932507538
1996-09,228.16666666666666,5.430076356060394,1.1824068086745108,440.7,1.7535946643463092,1.777832773435167,1.0332718298537034,0.5397761130894583,-1.0,-1.8369701987210297e-16,-0.13029312079963118
1996-10,51.903225806451616,3.949380942507237,-0.3585797148303276,78.2,-0.8200011528864583,1.142965815879937,0.6546127898931348,0.6678395435023153,-0.8660254037844386,0.5000000000000001,1.1824068086745108
1996-11,65.46666666666667,4.181541107252256,-0.044475174739311285,52.4,-0.8502759024381281,0.4179663114683571,0.6114854153323653,0.6578085977773698,-0.5000000000000004,0.8660254037844384,-0.3585797148303276
1996-12,27.64516129032258,3.3194507141126337,-0.3965967191772628,34.0,-0.5044611715954481,-1.4484891099281774,0.5338333045383086,0.5979964737587036,-2.4492935982947064e-16,1.0,-0.044475174739311285
1997-01,25.612903225806452,3.2430962567619894,-0.18242094155840904,29.799999999999997,-0.4562775877833304,-1.1963977351753177,0.4570831130302265,0.2692373783248974,0.49999999999999994,0.8660254037844387,-0.3965967191772628
1997-02,40.035714285714285,3.689771912896956,0.4471005921273905,97.89999999999999,1.3475429781285044,0.10542716861906169,0.3326838365782003,0.389599125013911,0.8660254037844386,0.5000000000000001,-0.18242094155840904
1997-03,21.548387096774192,3.0703009690514995,-0.041461551392282026,28.2,-0.19495268280516426,0.38500448389637143,-1.295033856099056,0.1683796931022595,1.0,6.123233995736766e-17,0.4471005921273905
1997-04,20.266666666666666,3.008977500304012,-0.1955081308894302,51.9,0.03093925631431096,0.5100905180118946,-0.6980159615579659,0.22503934253428237,0.8660254037844387,-0.49999999999999983,-0.041461551392282026
1997-05,25.580645161290324,3.241836017149702,-0.47190305471075744,45.3,-0.9674409621414506,-0.9722262274823215,-0.757253807282834,0.1769206775065586,0.49999999999999994,-0.8660254037844387,-0.1955081308894302
1997-06,25.8,3.250374491927572,-0.6192075066489258,67.6,-0.6254697317800263,-1.093787608586134,-0.9252917519254039,-0.08289409211857003,1.2246467991473532e-16,-1.0,-0.47190305471075744
1997-07,39.67741935483871,3.680782243881317,-0.23565546377791557,113.0,-0.05966051476135987,-0.9239388050256766,-0.7197232518588246,-0.15657239304780107,-0.4999999999999998,-0.8660254037844388,-0.6192075066489258
1997-08,63.32258064516129,4.148241989791315,0.06175464525040031,125.2,-0.1882579840970623,-0.699798548585413,-1.1371238952681184,-0.5797670348982485,-0.8660254037844384,-0.5000000000000004,-0.23565546377791557
1997-09,40.2,3.6938669956249757,-0.5538025517609078,180.5,0.16702578515632185,-0.27628584362545766,-0.9140723985926928,-1.581832793908963,-1.0,-1.8369701987210297e-16,0.06175464525040031
1997-10,128.4516129032258,4.855552280138995,0.5475916228014306,245.7,0.6717391124990841,0.22160954581268627,-0.527124738584302,-0.89945997811786,-0.8660254037844386,0.5000000000000001,-0.5538025517609078
1997-11,53.93333333333333,3.9877487159562817,-0.23826756603528576,165.5,0.5468212544497872,0.5092535301073969,-0.09885270348209846,-0.47891086943724487,-0.5000000000000004,0.8660254037844384,0.5475916228014306
1997-12,29.93548387096774,3.3990445283010544,-0.3170029049888421,29.7,-0.6304462950391595,0.44877312856564944,0.01632850978433656,-0.4998221297023626,-2.4492935982947064e-16,1.0,-0.23826756603528576
1998-01,68.29032258064517,4.223768066649719,0.7982508683293208,145.5,1.9251899469327838,0.758824613472596,0.5044754124226869,-0.11566241139674027,0.49999999999999994,0.8660254037844387,-0.3170029049888421
1998-02,39.107142857142854,3.666305132075397,0.42363381130583155,63.9,0.709006622706736,0.8669360500475821,0.7529539508790865,-0.2235718184050771,0.8660254037844386,0.5000000000000001,0.7982508683293208
1998-03,51.16129032258065,3.934983197709647,0.8232206772658657,82.5,1.2921003176489223,1.8800835851298634,1.0883392720388114,-0.07372063622297173,1.0,6.123233995736766e-17,0.42363381130583155
1998-04,44.36666666666667,3.792488436732956,0.5880028055395141,47.300000000000004,-0.07556123223397508,0.7052154270190591,0.8841474594437263,-0.07620662701041986,0.8660254037844387,-0.49999999999999983,0.8232206772658657
1998-05,40.645161290322584,3.7048797954603776,-0.008859276400081662,124.2,0.19424812635720498,0.29473767385868666,0.6744673378385291,0.18169589668529013,0.49999999999999994,-0.8660254037844387,0.5880028055395141
1998-06,31.233333333333334,3.441485900576267,-0.42809609800023063,55.4,-0.8616287280131637,-0.5432916869162122,0.4251211768822119,0.1501995648772975,1.2246467991473532e-16,-1.0,-0.008859276400081662
1998-07,26.806451612903224,3.288642590370302,-0.6277951172889309,70.8,-0.7574566493805786,-0.7405363004407644,-0.4682585171877676,0.033383009186076555,-0.4999999999999998,-0.8660254037844388,-0.42809609800023063
1998-08,86.48387096774194,4.459957933750813,0.37347058920989795,226.1,0.9496726400969973,-0.36451080443921813,-0.18225223178611308,0.364650617313926,-0.8660254037844384,-0.5000000000000004,-0.6277951172889309
1998-09,432.3,6.069119791673586,1.8214502442877025,166.2,0.04360244805358521,-0.0021324904922384496,-0.4199698067927631,0.27507227310500315,-1.0,-1.8369701987210297e-16,0.37347058920989795
1998-10,201.06451612903226,5.303625832323704,0.99566517498614,126.6,-0.25688546587979827,0.06084532578576526,-0.5588283020130849,-0.08609969287122818,-0.8660254037844386,0.5000000000000001,1.8214502442877025
1998-11,86.23333333333333,4.4570568005238735,0.23104051853230612,128.4,0.19321765076979752,-0.33161301313618735,-0.5840665038221968,-0.2138828244978236,-0.5000000000000004,0.8660254037844384,0.99566517498614
1998-12,195.41935483870967,5.2751477871020365,1.55910035381214,197.1,1.7436811967872534,0.5053918740219461,0.23776562441555993,0.3127469900319183,-2.4492935982947064e-16,1.0,0.23104051853230612
1999-01,84.6774193548387,4.438848970540578,1.0133317722201793,64.7,0.5462403941081869,1.058725622655222,0.5703481241968876,0.06067073667103513,0.49999999999999994,0.8660254037844387,1.55910035381214
1999-02,33.142857142857146,3.500827222610997,0.2581559018414312,16.5,-0.8074801864359696,1.1915979269823298,0.18022354890336273,-0.08441873899809055,0.8660254037844386,0.5000000000000001,1.0133317722201793
1999-03,20.677419354838708,3.0290422524355236,-0.08272026800825794,47.199999999999996,0.4508847073055531,-0.015404044035041925,0.3496358836143008,-0.21436573034441825,1.0,6.123233995736766e-17,0.2581559018414312
1999-04,17.233333333333334,2.8468454928462736,-0.35764013834716835,15.899999999999999,-1.130783781788975,-1.099669031796188,0.5153800845609023,-0.30602065169542925,0.8660254037844387,-0.49999999999999983,-0.08272026800825794
1999-05,14.264516129032257,2.6577750639381996,-1.0559640079222596,25.299999999999997,-1.5033867561569667,-1.5063123260317544,-0.14090174900304558,-0.6686391074674173,0.49999999999999994,-0.8660254037844387,-0.35764013834716835
1999-06,31.166666666666668,3.439349147626532,-0.4302328509499658,108.6,-0.002612780911323086,-1.248178126086712,-1.286400626084789,-0.539764495493355,1.2246467991473532e-16,-1.0,-1.0559640079222596
1999-07,58.32258064516129,4.065989336466975,0.14955162880774253,156.9,0.496698744014156,-0.4635621831747198,-0.9427064036976455,-0.17278766729992165,-0.4999999999999998,-0.8660254037844388,-0.4302328509499658
1999-08,25.451612903225808,3.236779116360728,-0.8497082281801869,132.5,-0.08861884791599668,-0.06311232980519292,-0.8113444977341516,-0.4995419048695347,-0.8660254037844384,-0.5000000000000004,0.14955162880774253
1999-09,132.93333333333334,4.889847749419574,0.6421782020336906,264.9,0.7878543214096161,0.5102159630781528,-0.35853261253979724,-0.16750108841535824,-1.0,-1.8369701987210297e-16,-0.8497082281801869
1999-10,68.7741935483871,4.230828580800589,-0.07713207653697562,206.2,0.4060174787952911,0.46713311487404974,-0.0864118502087538,0.1095775195510066,-0.8660254037844386,0.5000000000000001,0.6421782020336906
1999-11,294.8666666666667,5.686523276766117,1.4605069947745495,511.5,2.578293322561364,1.962261617736103,1.4510708709450326,1.146154134817783,-0.5000000000000004,0.8660254037844384,-0.07713207653697562
1999-12,57.70967741935484,4.0554248790235725,0.339377445733676,38.199999999999996,-0.3919500181532963,1.7824088868427814,1.6006849543720305,0.761205260721083,-2.4492935982947064e-16,1.0,1.4605069947745495
2000-01,39.645161290322584,3.6799689050808886,0.2544517067604901,60.6,0.4513773703421917,2.158779488089582,1.6349736013424336,0.7265095144111898,0.49999999999999994,0.8660254037844387,0.339377445733676
2000-02,25.82758620689655,3.2514431535307455,0.008771832761179876,20.7,-0.5947973675629576,-0.41914327340692625,1.7710610425130409,0.7463362524851261,0.8660254037844386,0.5000000000000001,0.2544517067604901
2000-03,16.70967741935484,2.815988037774337,-0.2957744826694446,31.9,-0.04999166832209606,-0.26199949832301916,1.668636077529515,0.6601433596989845,1.0,6.123233995736766e-17,0.008771832761179876
2000-04,15.5,2.740840023925201,-0.4636456072682411,57.699999999999996,0.15643577141686976,-0.4963622216967285,1.8069338880146248,0.8014994970191047,0.8660254037844387,-0.49999999999999983,-0.2957744826694446
2000-05,39.29032258064516,3.670978243784696,-0.042760828075763424,168.5,0.6251203050340495,0.3269703910367043,-0.06380358358270366,1.2620664543159603,0.49999999999999994,-0.8660254037844387,-0.4636456072682411
2000-06,27.3,3.3068867021909143,-0.5626952963855834,39.9,-1.2233211365422394,-0.24798348102735918,-0.4778616385689852,1.1830835258506562,1.2246467991473532e-16,-1.0,-0.042760828075763424
2000-07,25.548387096774192,3.2405741873292797,-0.675863520329953,62.0,-0.9381975063915954,-0.5998527308331494,-0.8727224934547385,0.9057328594507256,-0.4999999999999998,-0.8660254037844388,-0.5626952963855834
2000-08,59.096774193548384,4.079176340748929,-0.007311003791985904,227.8,0.9656294799523432,-0.5234320992105687,-0.2734533223620211,1.1382115818229388,-0.8660254037844384,-0.5000000000000004,-0.675863520329953
2000-09,87.0,4.465908118654584,0.21823857126870028,227.2,0.5295814953526969,0.30798465161519006,-0.028807913754715062,0.950581667054009,-1.0,-1.8369701987210297e-16,-0.007311003791985904
2000-10,60.58064516129032,4.103975455283062,-0.20398520205450232,77.5,-0.8297783635325862,0.1289132699443205,-0.4271355923289936,0.5986078613785297,-0.8660254037844386,0.5000000000000001,0.21823857126870028
2000-11,30.3,3.4111477125153233,-0.8148685694762441,78.5,-0.4144834429045519,-0.5493903869769303,-0.8405713447733766,-0.7987766617498568,-0.5000000000000004,0.8660254037844384,-0.20398520205450232
2000-12,44.483870967741936,3.7951266733081557,0.07907924001825917,107.8,0.8137880420900775,-0.6127886933192328,-0.31455630440030147,-0.5693875930045489,-2.4492935982947064e-16,1.0,-0.8148685694762441
2001-01,20.483870967741936,3.0196377944075454,-0.40587940391285304,24.9,-0.6560851986819783,-0.19376257695773696,-0.10940632804520466,-0.6782097772434207,0.49999999999999994,0.8660254037844387,0.07907924001825917
2001-02,19.392857142857142,2.9649048097587314,-0.27776651101083427,67.6,0.7877384130779822,0.5095675421975783,-0.38884189519097706,-0.5223911815948478,0.8660254037844386,0.5000000000000001,-0.40587940391285304
2001-03,24.096774193548388,3.182077980647671,0.07031546020388957,67.3,0.9656890561513336,0.4378823828438715,-0.561703892443453,-0.4160760955616725,1.0,6.123233995736766e-17,-0.27776651101083427
2001-04,15.0,2.70805020110221,-0.4964354300912319,52.9,0.05323197447426218,0.6331484502285614,0.07050838580522042,-0.4272950296846207,0.8660254037844387,-0.49999999999999983,0.07031546020388957
2001-05,41.29032258064516,3.7206281524285165,0.00688908056805726,180.29999999999998,0.7269931237965896,0.6420470309401314,0.7194205684901249,-0.4070258497379279,0.49999999999999994,-0.8660254037844387,-0.4964354300912319
2001-06,16.233333333333334,2.7870667414204346,-1.082515257156063,32.0,-1.4492643839830073,-0.2544183137314865,-0.1605888537964858,-0.49135827095720197,1.2246467991473532e-16,-1.0,0.00688908056805726
2001-07,27.93548387096774,3.329897704077289,-0.5865400035819439,147.20000000000002,0.3836813902427493,-0.047700201218307675,0.11348889617822004,-0.13048509136199177,-0.4999999999999998,-0.8660254037844388,-1.082515257156063
2001-08,84.61290322580645,4.438086775381727,0.35159943084081213,324.7,1.7722310914796249,0.5555785459630489,0.6946877968436658,0.20383246353907783,-0.8660254037844384,-0.5000000000000004,-0.5865400035819439
2001-09,71.56666666666666,4.270629416216625,0.022959868830741748,76.69999999999999,-0.9704661604982872,0.47990646859824754,0.09329940168337117,-0.32593126302112957,-1.0,-1.8369701987210297e-16,0.35159943084081213
2001-10,71.8225806451613,4.274198920276611,-0.033761737060953756,149.9,-0.039046145007341465,0.22112469763997855,-0.027849989344152816,-0.0660987896774276,-0.8660254037844386,0.5000000000000001,0.022959868830741748
2001-11,72.29333333333334,4.2807319165223,0.05471563453073269,32.9,-1.2954710028863397,-1.3825265867704686,-0.6258437519342694,-0.221473314395465,-0.5000000000000004,0.8660254037844384,-0.033761737060953756
2001-12,79.51612903225806,4.375959881991644,0.6599124487017476,146.2,1.2571926215590115,-0.17794272651839918,0.08903543663315387,-0.09488871801775794,-2.4492935982947064e-16,1.0,0.05471563453073269
2002-01,32.270967741935486,3.474167994518318,0.048650796197919455,41.2,-0.06744988670910163,-0.1156751821290376,0.01186528381907969,-0.0444551347544966,0.49999999999999994,0.8660254037844387,0.6599124487017476
2002-02,25.646428571428572,3.244404324941068,0.0017330041715024613,20.4,-0.6088987775085098,0.5819660400081863,-1.04181592346591,-0.19247909732169102,0.8660254037844386,0.5000000000000001,0.048650796197919455
2002-03,15.064516129032258,2.712342053183751,-0.39942046726003033,52.3,0.5932756174411952,-0.25016615912656237,-0.43846566846002477,-0.2574087146840344,1.0,6.123233995736766e-17,0.0017330041715024613
2002-04,50.45,3.920982746799618,0.7164971156061761,96.8,0.8374708564332717,0.39969364184546374,0.008936578484116685,-0.11078187232516072,0.8660254037844387,-0.49999999999999983,-0.39942046726003033
2002-05,58.432258064516134,4.067868101455702,0.35412902959524306,157.3,0.5240254498262118,0.6835241524049254,0.7965837241413654,-0.18811845369999886,0.49999999999999994,-0.8660254037844387,0.7164971156061761
2002-06,155.45333333333335,5.046345579396981,1.176763580820483,280.3,1.5809993211119444,1.2443148804181536,1.1282374342593506,0.6572372029814691,1.2246467991473532e-16,-1.0,0.35412902959524306
2002-07,31.26451612903226,3.4424837844572242,-0.47395392320200846,76.7,-0.6449833305750085,0.7240548495657717,0.7797083297888471,0.4485226630667012,-0.4999999999999998,-0.8660254037844388,1.176763580820483
2002-08,46.18064516129032,3.8325607744067245,-0.2539265701341904,129.2,-0.1331883149248535,0.45861526938554165,0.6467442819662592,-0.23317444093775982,-0.8660254037844384,-0.5000000000000004,-0.47395392320200846
2002-09,58.67666666666666,4.072042146389771,-0.1756274009961123,121.2,-0.39948018695224596,-0.9113991724558659,0.27707202571087625,-0.10220241496838667,-1.0,-1.8369701987210297e-16,-0.2539265701341904
2002-10,33.41935483870968,3.5091352183342823,-0.7988254390032821,63.3,-1.0435155729262604,-1.156208053388949,-0.3311711506475316,-0.3746587731222148,-0.8660254037844386,0.5000000000000001,-0.1756274009961123
2002-11,31.866666666666667,3.461560531389246,-0.7644557506023215,110.2,-0.0058040126257177865,-1.1214384858097128,-0.5536918033991787,-0.12447411838272651,-0.5000000000000004,0.8660254037844384,-0.7988254390032821
2002-12,29.225806451612904,3.375052101557833,-0.34099533173206353,72.5,0.30376252597200837,-0.7441679816153015,-1.3118466287762025,-0.36072097633653827,-2.4492935982947064e-16,1.0,-0.7644557506023215
2003-01,27.225806451612904,3.3041652901108107,-0.12135190820958774,81.6,0.9004514260975616,0.234033071230827,-0.9015006989545976,-0.2235928325650777,0.49999999999999994,0.8660254037844387,-0.34099533173206353
2003-02,26.642857142857142,3.282521090028557,0.03984976925899142,53.4,0.46800586820265694,0.5791033114491495,-0.8350505845858981,-0.11906826079085531,0.8660254037844386,0.5000000000000001,-0.12135190820958774
2003-03,17.64516129032258,2.870461597936835,-0.24130092250694668,137.2,2.2259528608400365,1.696284074663572,0.010328692035803813,0.11567053128904338,1.0,6.123233995736766e-17,0.03984976925899142
2003-04,76.66666666666667,4.339467020255086,1.1349813890616436,253.0,2.50005008801615,2.9686660620772964,1.7492328991269217,0.5839186311531464,0.8660254037844387,-0.49999999999999983,-0.24130092250694668
2003-05,48.61290322580645,3.883888994141349,0.17014992228088976,47.699999999999996,-0.9159034381573674,1.4982191441876045,1.4910262864414217,0.2943492283415327,0.49999999999999994,-0.8660254037844387,1.1349813890616436
2003-06,77.6,4.351567427189173,0.48198542861267546,60.800000000000004,-0.7529575607223944,0.36441913234400625,1.0538469036163545,-0.48746917772789367,1.2246467991473532e-16,-1.0,0.17014992228088976
2003-07,79.0,4.3694478524670215,0.4530101448077888,123.0,0.07832776753654926,-0.8808393305412535,0.740010114537811,-0.27087228624286025,-0.4999999999999998,-0.8660254037844388,0.48198542861267546
2003-08,131.41935483870967,4.8783933923016045,0.7919060477606896,176.6,0.4461040919525451,-0.3092400072113991,0.6699615533137612,-0.09147250952990503,-0.8660254037844384,-0.5000000000000004,0.4530101448077888
2003-09,52.86666666666667,3.967773020532638,-0.2798965268532454,83.9,-0.8644054784371882,-0.5079334654533809,-0.1848893310928313,-0.23883914418388486,-1.0,-1.8369701987210297e-16,0.7919060477606896
2003-10,108.8225806451613,4.689718855582334,0.38175819824476953,299.3,0.9910653392952112,0.262129905080123,-0.47217161764221816,0.5262738838945021,-0.8660254037844386,0.5000000000000001,-0.2798965268532454
2003-11,344.88,5.843196530438879,1.617180248447312,531.0,2.6620229499343,1.7390903566305824,1.1459285763949376,1.5738389312704362,-0.5000000000000004,0.8660254037844384,0.38175819824476953
2003-12,144.50967741935486,4.97334647707022,1.2572990437803235,158.0,1.3783373115665607,2.550019064620585,1.7878827846736158,1.8447948282594502,-2.4492935982947064e-16,1.0,1.617180248447312
2004-01,42.21290322580645,3.742725937950492,0.31720873963009355,72.2,0.7100537129229407,2.774448975967937,1.9673918269806214,1.7696782791887886,0.49999999999999994,0.8660254037844387,1.2572990437803235
2004-02,32.55862068965517,3.483042178125712,0.2403708573561465,85.3,1.1303785081089566,1.4736275043269196,2.1941813118505866,1.8630671941375132,0.8660254037844386,0.5000000000000001,0.31720873963009355
2004-03,40.935483870967744,3.7119972632292413,0.6002347427854597,67.39999999999999,0.9679823872857127,1.217582614640444,2.9125209496842768,1.6246034636835724,1.0,6.123233995736766e-17,0.2403708573561465
2004-04,26.846666666666668,3.2901416667551984,0.08565603556175638,27.6,-0.6375121573625804,0.5393634830632824,2.7218482667614934,1.1129173305107654,0.8660254037844387,-0.49999999999999983,0.6002347427854597
2004-05,169.18064516129033,5.130967050329351,1.4172279784688921,212.29999999999998,0.9831598148239589,0.6898051782693471,1.3783754193628743,1.6322371740931054,0.49999999999999994,-0.8660254037844387,0.08565603556175638
2004-06,76.60666666666665,4.338684105161378,0.4691021065848804,52.2,-0.9296523934222791,-0.06813115734903298,0.4145747745982296,1.7804408786265458,1.2246467991473532e-16,-1.0,1.4172279784688921
2004-07,63.42580645161291,4.149870820447678,0.23343311278844503,134.0,0.2216710210326642,0.164839928621117,0.2762279745257754,1.8235581952323399,-0.4999999999999998,-0.8660254037844388,0.4691021065848804
2004-08,39.78387096774193,3.683461578086796,-0.4030257664541188,105.5,-0.47856377874986855,-0.8083225834297523,-0.21801288911090222,1.5309579522401116,-0.8660254037844384,-0.5000000000000004,0.23343311278844503
2004-09,213.03333333333333,5.3614486479881265,1.113779100602243,338.29999999999995,1.2294560867838942,0.6330528828041004,0.30872906872340244,2.0693573456010803,-1.0,-1.8369701987210297e-16,-0.4030257664541188
2004-10,38.36774193548387,3.647217052787347,-0.6607436045502175,93.5,-0.6204071498569683,0.1526601363590597,0.06007906482850915,1.5752498561935258,-0.8660254037844386,0.5000000000000001,1.113779100602243
2004-11,108.10333333333332,4.68308755981576,0.457071277824193,160.9,0.5060333619971834,0.5136746752913313,-0.1478929191307021,0.5028874654048224,-0.5000000000000004,0.8660254037844384,-0.6607436045502175
2004-12,17.32903225806452,2.8523832601639363,-0.8636641731259602,16.099999999999998,-1.1467582963161662,-0.5649221865706748,-0.029836252049453713,0.10288172660209019,-2.4492935982947064e-16,1.0,0.457071277824193
2005-01,20.703225806451613,3.0302895241906103,-0.3952276741297882,31.6,-0.38870804916655854,-0.2164909939864109,-0.09973413727449965,-0.026551509820331734,0.49999999999999994,0.8660254037844387,-0.8636641731259602
2005-02,14.789285714285715,2.6939029803763175,-0.5487683403932482,7.3,-1.4764541778104094,-1.5637588459338583,-0.06540280962784006,-0.2729425770776117,0.8660254037844386,0.5000000000000001,-0.3952276741297882
2005-03,10.61516129032258,2.3622832896062063,-0.7494792308375753,,,,,,1.0,6.123233995736766e-17,-0.5487683403932482
2005-04,12.894666666666666,2.556813789186607,-0.6476718420068348,127.1,1.2489516046807378,,,,0.8660254037844387,-0.49999999999999983,-0.7494792308375753
2005-05,59.142258064516135,4.079945695374769,0.36620662351430955,210.00000000000003,0.9656112932215561,,,,0.49999999999999994,-0.8660254037844387,-0.6476718420068348
2005-06,84.64333333333335,4.438446349817191,0.5688643512406935,265.2,1.4729714412761834,1.5389057850138572,,,1.2246467991473532e-16,-1.0,0.36620662351430955
2005-07,187.66129032258064,5.234638690691301,1.3182009830320682,343.0,2.1121734103474537,1.8799245918166596,,,-0.4999999999999998,-0.8660254037844388,0.5688643512406935
2005-08,80.21290322580644,4.384684390033691,0.2981970454927758,122.1,-0.23176428446270309,1.6364558554784208,,,-0.8660254037844384,-0.5000000000000004,1.3182009830320682
2005-09,38.05,3.6389010843076948,-0.6087684630781887,42.8,-1.600564812318581,0.2571893553495651,1.1399341992682972,,-1.0,-1.8369701987210297e-16,0.2981970454927758
2005-10,433.2032258064516,6.071206961559064,1.7632463042214992,589.3,2.282607816673239,1.105223991815674,1.912448364149154,,-0.8660254037844386,0.5000000000000001,-0.6087684630781887
2005-11,102.46000000000001,4.629472478511056,0.40345619651948894,83.8,-0.33905439603295295,1.02473571650909,1.6323828498427178,,-0.5000000000000004,0.8660254037844384,1.7632463042214992
2005-12,35.65806451612904,3.5739753349140164,-0.14207209837588008,31.7,-0.5703262281988916,1.5943196408520572,1.292409666395307,,-2.4492935982947064e-16,1.0,0.40345619651948894
2006-01,53.309677419354834,3.976117879781938,0.5506006814615394,109.7,1.3971015193035303,-0.07452868323961262,0.834459659204664,,0.49999999999999994,0.8660254037844387,-0.14207209837588008
2006-02,26.3,3.269568939183719,0.026897618414153168,34.0,-0.07765906495432422,0.25554550326828734,0.9968609737412432,,0.8660254037844386,0.5000000000000001,0.5506006814615394
2006-03,24.893548387096775,3.214608668978411,0.10284614853462948,71.4,1.0579900444188837,1.1105315544437335,1.869874486701651,1.790672196707627,1.0,6.123233995736766e-17,0.026897618414153168
2006-04,30.189999999999998,3.4075107437187473,0.2030251125253053,42.2,-0.20230426320673198,0.09724494326286676,-0.10744863519208661,1.6411874360568162,0.8660254037844387,-0.49999999999999983,0.10284614853462948
2006-05,21.561290322580643,3.0708995922360924,-0.6428394796243668,80.5,-0.3487407232112268,-0.22184330517786682,-0.12095133817620994,1.4172062457932362,0.49999999999999994,-0.8660254037844387,0.2030251125253053
2006-06,102.86,4.63336884034677,0.7637868417702722,232.8,1.2273901431594376,0.3293319306113483,0.7188148216341281,1.4696414453462194,1.2246467991473532e-16,-1.0,-0.6428394796243668
2006-07,188.88064516129032,5.241115308491936,1.324677600832703,267.8,1.5500300232890343,1.0096792435781976,0.9795076223255033,1.2594560567747357,-0.4999999999999998,-0.8660254037844388,0.7637868417702722
2006-08,73.65483870967742,4.2993898394563095,0.2129024949153946,198.0,0.6738401628196298,1.499574827819548,1.0396156284816953,1.4066641011028276,-0.8660254037844384,-0.5000000000000004,1.324677600832703
2006-09,28.98,3.3666059368925363,-0.8810636104933471,66.69999999999999,-1.130396979516298,0.39315656671966187,0.3762599054789754,1.3745948793641927,-1.0,-1.8369701987210297e-16,0.2129024949153946
2006-10,150.15483870967742,5.011667019748775,0.7037063624112108,201.89999999999998,0.3751260881643648,-0.2126497329536807,0.43555397830389625,0.286541008955201,-0.8660254037844386,0.5000000000000001,-0.8810636104933471
2006-11,47.016666666666666,3.8505021487798956,-0.3755141332116718,59.7,-0.7151404908254134,-0.8918359920789124,0.36168297436910996,0.1830625062061423,-0.5000000000000004,0.8660254037844384,0.7037063624112108
2006-12,31.141935483870967,3.4385553187412463,-0.2774921145486502,71.1,0.28042257080230676,-0.15509686063989053,0.039056458294985566,0.31815489752324333,-2.4492935982947064e-16,1.0,-0.3755141332116718
2007-01,19.919354838709676,2.991691864016986,-0.43382533430341264,22.2,-0.7784142150792204,-0.7572847524344324,-0.6894701520566016,0.04576250672245674,0.49999999999999994,0.8660254037844387,-0.2774921145486502
2007-02,17.392857142857142,2.856059612907386,-0.3866117078621798,11.8,-1.0990709361542519,-0.6271293040983387,-1.2531007025059595,-0.020983769592799892,0.8660254037844386,0.5000000000000001,-0.43382533430341264
2007-03,16.56451612903226,2.8072628248834666,-0.304499695560315,43.3,0.33498963959520034,-0.9514731992427428,-0.6508575494917962,-0.12951784176804262,1.0,6.123233995736766e-17,-0.3866117078621798
2007-04,22.7,3.122364924487357,-0.08212070670608496,110.9,1.0378377501770448,0.3531732476288305,-0.501185649762421,0.09228762557614237,0.8660254037844387,-0.49999999999999983,-0.304499695560315
2007-05,19.467741935483872,2.96875883605244,-0.7449802358080193,116.5,0.10929125329999977,0.4239536379398361,-0.0764314300476699,0.2200912604330563,0.49999999999999994,-0.8660254037844387,-0.08212070670608496
2007-06,18.759999999999998,2.9317269435780786,-0.937855054998419,129.2,0.250092231111439,0.3357937807700345,-0.10151069085992906,-0.1374521979214965,1.2246467991473532e-16,-1.0,-0.7449802358080193
2007-07,34.70322580645161,3.546832645353996,-0.36960506230523693,104.4,-0.18510033320449662,-0.10122327856683039,-0.05398071847578471,-0.7247276991582585,-0.4999999999999998,-0.8660254037844388,-0.937855054998419
2007-08,53.89032258064516,3.98695091783666,-0.09953642670425511,180.2,0.48563676097912534,0.035650398615716485,0.18387794799138057,-0.7543777729059994,-0.8660254037844384,-0.5000000000000004,-0.36960506230523693
2007-09,32.406666666666666,3.4783641629492,-0.7693053844366835,134.3,-0.26026635751397764,-0.27500803293949616,-0.05952912630076271,-0.5048984780183687,-1.0,-1.8369701987210297e-16,-0.09953642670425511
2007-10,228.05483870967743,5.429586120690465,1.1216254633529008,472.1,1.8227042880983424,1.2313898888324348,0.7156397618659481,0.394826223957641,-0.8660254037844386,0.5000000000000001,-0.7693053844366835
2007-11,43.34666666666667,3.769229806767595,-0.4567864752239723,38.5,-1.1511483051973221,0.7379637318089325,0.46888405764730284,0.29487792968681736,-0.5000000000000004,0.8660254037844384,1.1216254633529008
2007-12,82.05483870967741,4.407387788492921,0.6913403552030242,151.9,1.3164457418582791,1.4319720451135227,0.8506766802030229,0.5526546471895574,-2.4492935982947064e-16,1.0,-0.4567864752239723
2008-01,29.84193548387097,3.395914635292127,-0.02960256302827169,51.0,0.21129907018670516,0.05735869739379078,1.0098575348050454,0.6155351656449981,0.49999999999999994,0.8660254037844387,0.6913403552030242
2008-02,25.386206896551727,3.2342059909584466,-0.008465329811119027,52.9,0.455781664004611,1.0091467531779483,1.0337771448795836,0.7372284053829806,0.8660254037844386,0.5000000000000001,-0.02960256302827169
2008-03,18.16774193548387,2.8996476003586866,-0.21211492008509492,19.7,-0.5869936900040837,-0.09103999698130658,1.3229377222088166,0.6287933573187134,1.0,6.123233995736766e-17,-0.008465329811119027
2008-04,26.42,3.2741212990941793,0.06963566790073727,97.2,0.8434043464365606,0.4036514464625725,0.15071245326127805,0.6173949433920765,0.8660254037844387,-0.49999999999999983,-0.21211492008509492
2008-05,17.309677419354838,2.8512657335063776,-0.8624733383540817,18.7,-1.7529718587891694,-0.8451620175635787,0.03169475426393435,0.3684147973900032,0.49999999999999994,-0.8660254037844387,0.06963566790073727
2008-06,29.69333333333333,3.390922553721057,-0.47865944485544043,54.8,-0.874164231212975,-1.0357869233136034,-1.145382874057991,0.14058970447795227,1.2246467991473532e-16,-1.0,-0.8624733383540817
2008-07,17.116129032258065,2.840021237218493,-1.0764164704407397,21.5,-2.1691343296947947,-2.270387252432038,-1.753239664979795,-0.12388667056262126,-0.4999999999999998,-0.8660254037844388,-0.47865944485544043
2008-08,30.208387096774196,3.408119604260429,-0.678367740280486,189.6,0.5864702915953625,-1.0166583886279053,-1.32447963852704,-0.08560417129824083,-0.8660254037844384,-0.5000000000000004,-1.0764164704407397
2008-09,586.6566666666666,6.374439753764267,2.1267702063783833,930.4,3.5619223489212604,2.9284181821993225,1.7518383761443002,2.105955637501372,-1.0,-1.8369701987210297e-16,-0.678367740280486
2008-10,110.03548387096774,4.700802894419628,0.39284223708206323,201.1,0.3693309249859126,2.9559448497175875,1.5111891224231577,1.444978994384567,-0.8660254037844386,0.5000000000000001,2.1267702063783833
2008-11,45.943333333333335,3.8274087530382377,-0.39860752895332974,63.3,-0.6528323362128522,2.597964626742163,1.6717407314213206,1.40879565368553,-0.5000000000000004,0.8660254037844384,0.39284223708206323
2008-12,25.338709677419356,3.2323332532105296,-0.48371418007936695,25.5,-0.76692707621033,-0.4307615654723314,1.963930329862268,1.1364641855568327,-2.4492935982947064e-16,1.0,-0.39860752895332974
2009-01,28.406451612903226,3.346616288836507,-0.07890090948389128,71.9,0.703719781284408,-0.6750491699238492,2.4356109069178817,1.1566347982447829,0.49999999999999994,0.8660254037844387,-0.48371418007936695
2009-02,23.025000000000002,3.1365805821413706,-0.10609073862819507,23.1,-0.48693079152737667,-0.40535628833533166,2.462593400239299,1.0912098877240606,0.8660254037844386,0.5000000000000001,-0.07890090948389128
2009-03,26.91290322580645,3.2926058454228824,0.18084332497910083,56.0,0.6909801243461702,0.31731334373947007,-0.4510651150684848,1.1280060040187982,1.0,6.123233995736766e-17,-0.10609073862819507
2009-04,20.740000000000002,3.0320642028013816,-0.17242142839206043,28.0,-0.6236268313918437,-0.5533366827924974,-0.9204770272935091,0.9853825650329076,0.8660254037844387,-0.49999999999999983,0.18084332497910083
2009-05,134.7258064516129,4.903241649710814,1.1895025778503552,85.8,-0.2734594579780012,-0.4624703972464287,-0.7303624248366606,1.2424083981844714,0.49999999999999994,-0.8660254037844387,-0.17242142839206043
2009-06,149.32999999999998,5.006158622069177,1.136576623492679,190.1,0.8679841483471834,0.009937538094846047,0.034736534066993445,1.7732081783519638,1.2246467991473532e-16,-1.0,1.1895025778503552
2009-07,90.52903225806452,4.505670597692718,0.5892328900334851,144.3,0.3489410118711192,0.27712836355488163,0.006896273212278209,2.128785661445274,-0.4999999999999998,-0.8660254037844388,1.136576623492679
2009-08,39.50645161290323,3.6764639905420955,-0.4100233539988194,73.7,-1.0394444969854888,0.0003169201699902884,-0.3230546696692883,1.7068758585364845,-0.8660254037844384,-0.5000000000000004,0.5892328900334851
2009-09,97.19333333333334,4.576702122008566,0.32903257462268254,144.4,-0.15918496514352448,-0.6537966730519913,-0.5251792181140992,-0.7851936951029832,-1.0,-1.8369701987210297e-16,-0.4100233539988194
2009-10,65.07096774193549,4.1754784857174245,-0.13248217162013987,136.0,-0.16594347603846243,-0.8806362650990884,-0.5389875240503779,-1.0107074215326772,-0.8660254037844386,0.5000000000000001,0.32903257462268254
2009-11,31.83,3.4604092412940015,-0.7656070406975659,48.7,-0.9240294637451302,-0.8865724761827795,-0.7359967485256173,-1.0235499790232667,-0.5000000000000004,0.8660254037844384,-0.13248217162013987
2009-12,65.75483870967743,4.185933260892698,0.4698858276028015,63.6,0.14983292039668722,-0.7268297757223982,-1.1148071721977177,-0.9061993144782068,-2.4492935982947064e-16,1.0,-0.7656070406975659
2010-01,42.88387096774194,3.7584957871223352,0.33297858880193676,82.39999999999999,0.9159883904698385,-0.3413866768890775,-1.0566511576234796,-0.8469278796853111,0.49999999999999994,0.8660254037844387,0.4698858276028015
2010-02,24.45,3.196630215920881,-0.04604110484868462,32.3,-0.13478803716921808,0.2863118701703599,-0.8050944718182262,-0.8205234951275031,0.8660254037844386,0.5000000000000001,0.33297858880193676
2010-03,25.299999999999997,3.2308043957334744,0.1190418752896929,30.1,-0.11898307980223181,0.22954249342959082,-0.7645014039708975,-0.9109831908031887,1.0,6.123233995736766e-17,-0.04604110484868462
2010-04,25.43,3.2359295794340284,0.031443948240586383,128.1,1.2614123693283292,0.6663093487065483,-0.022214490420076262,-0.5686471638865698,0.8660254037844387,-0.49999999999999983,0.1190418752896929
2010-05,141.55483870967743,4.952687194722703,1.2389481228622437,241.20000000000002,1.1940176166251308,1.2781894124063375,1.1454458445623086,-0.06371396751885652,0.49999999999999994,-0.8660254037844387,0.031443948240586383
2010-06,225.55333333333334,5.418556642434331,1.5489746438578336,307.0,1.7634711034829214,1.836894198327622,1.9365159785326749,0.33774160746114673,1.2246467991473532e-16,-1.0,1.2389481228622437
2010-07,193.00645161290322,5.262723616392312,1.346285908733079,348.1,2.1474011098506463,2.130887463022318,2.3441562269199836,1.0353585975795272,-0.4999999999999998,-0.8660254037844388,1.5489746438578336
2010-08,112.7258064516129,4.724958378432038,0.6384710338911228,224.2,0.9317466189164695,2.2338147615091177,2.332215879260367,1.4125485017032522,-0.8660254037844384,-0.5000000000000004,1.346285908733079
2010-09,183.76333333333332,5.213648697818702,0.965979150432819,130.5,-0.29964713504454876,1.2368289872436353,1.9410226616997506,1.279547584629674,-1.0,-1.8369701987210297e-16,0.6384710338911228
2010-10,269.2741935483871,5.595730167332663,1.2877695099950985,299.5,0.9921849039728555,0.6920907431038389,1.8578151971245984,1.724587562611778,-0.8660254037844386,0.5000000000000001,0.965979150432819
2010-11,121.47666666666667,4.799722200442066,0.5737059184504982,260.1,1.2595541791906464,0.9227643301621715,1.9590932069708835,2.0998810101502605,-0.5000000000000004,0.8660254037844384,1.2877695099950985
2010-12,34.809677419354834,3.5498954348845415,-0.166151998405355,17.9,-1.0631247776234347,1.0845133226538106,1.5077722415100892,2.0727505933406,-2.4492935982947064e-16,1.0,0.5737059184504982
2011-01,25.02258064516129,3.2197786430116797,-0.20573855530871876,29.1,-0.48332736743895854,0.5387065539337387,0.7676818920505,1.8911021082366326,0.49999999999999994,0.8660254037844387,-0.166151998405355
2011-02,19.474999999999998,2.969131591756812,-0.2735397290127537,25.099999999999998,-0.40296857455611934,-1.1931669843863184,0.4618493400541048,1.8933507992967065,0.8660254037844386,0.5000000000000001,-0.20573855530871876
2011-03,12.86774193548387,2.554723554426215,-0.5570389660175668,2.9,-2.1587385553446428,-1.4453711893524015,0.625195126159335,1.7531314611376145,1.0,6.123233995736766e-17,-0.2735397290127537
2011-04,34.84666666666667,3.5509574846166663,0.3464718534232243,58.2,0.1668478989747982,-0.9578092060956368,0.032474013147177676,1.6378312816529834,0.8660254037844387,-0.49999999999999983,-0.5570389660175668
2011-05,156.30967741935484,5.051839151181591,1.3381000793211317,374.9,2.0051378941052507,1.4876554936846822,0.7616223955922983,2.08592410245338,0.49999999999999994,-0.8660254037844387,0.3464718534232243
2011-06,212.1,5.357057861570636,1.4874758629941387,283.1,1.6006288426823692,1.989112134729217,1.724816970559839,2.2441745119851175,1.2246467991473532e-16,-1.0,1.3381000793211317
2011-07,365.4225806451613,5.901054439093007,1.984616731433774,467.4,2.894968366950752,2.796723199812265,2.7510552593561712,2.5667882351542888,-0.4999999999999998,-0.8660254037844388,1.4874758629941387
2011-08,620.6645161290322,6.430790704279493,2.3443033597385785,397.5,2.2825064887523703,3.1675480743208246,3.1872188321995676,2.8451553450162836,-0.8660254037844384,-0.5000000000000004,1.984616731433774
2011-09,212.67333333333332,5.359757342147725,1.112087794761842,260.2,0.7570196814168361,2.873420017572787,3.1115820720856195,2.965378340165989,-1.0,-1.8369701987210297e-16,2.3443033597385785
2011-10,69.76129032258065,4.24507927602629,-0.06288138131127408,161.7,0.06253563416580477,1.3557426938867942,2.7755226800504986,2.682134448648611,-0.8660254037844386,0.5000000000000001,1.112087794761842
2011-11,77.01333333333334,4.343978567036352,0.11796228504478457,122.6,0.1319845837355527,0.2947048417464487,2.269540869983887,2.218536688559208,-0.5000000000000004,0.8660254037844384,-0.06288138131127408
2011-12,29.41290322580645,3.381433463294195,-0.3346139699957016,35.3,-0.4686299701114573,-0.2367760334286526,2.002572328834988,2.341077717903508,-2.4492935982947064e-16,1.0,0.11796228504478457
2012-01,21.106451612903225,3.0495787573905466,-0.37593844092985185,15.799999999999999,-1.1188559101772546,-0.5422042046866635,0.8844685076054303,2.2452057826055594,0.49999999999999994,0.8660254037844387,-0.3346139699957016
2012-02,14.99655172413793,2.7078202896171186,-0.534851031152447,21.5,-0.55789509629186,-1.1833358992700647,-0.2167377156937733,2.2595788995995116,0.8660254037844386,0.5000000000000001,-0.37593844092985185
2012-03,83.86129032258064,4.429164128251726,1.3174016078079442,45.199999999999996,0.392278445719744,-0.8394452371113116,-0.7035745321252684,2.2620850189904993,1.0,6.123233995736766e-17,-0.534851031152447
2012-04,38.343333333333334,3.646580675239809,0.4420950440463671,121.0,1.1715718686803438,0.6319142917115524,-0.18750634549642006,2.4593749090830856,0.8660254037844387,-0.49999999999999983,1.3174016078079442
2012-05,144.2741935483871,4.971715610897728,1.2579765390372684,79.7,-0.36040064519870585,0.23002848610398952,-0.5017222609301162,1.9214771832275175,0.49999999999999994,-0.8660254037844387,0.4420950440463671
2012-06,30.136666666666667,3.4057425920811655,-0.4638394064953322,34.6,-1.3707353469762031,-0.4772304842904725,-0.9488425074914213,1.4069625800726577,1.2246467991473532e-16,-1.0,1.2579765390372684
2012-07,72.97419354838709,4.2901058656121345,0.37366815795290176,163.3,0.5687699714578837,-0.550967655051429,-0.34183940420134007,0.45867439127681253,-0.4999999999999998,-0.8660254037844388,-0.4638394064953322
2012-08,93.44193548387096,4.537340232519833,0.4508528879789182,236.0,1.0415388758388557,0.15771167576532763,0.1626861097151771,-0.10391653552303742,-0.8660254037844384,-0.5000000000000004,0.37366815795290176
2012-09,23.496666666666666,3.1568585671176743,-1.090810980268209,12.899999999999999,-2.651135595603607,-0.31804101963974657,-0.6104563639091681,-1.000091241898666,-1.0,-1.8369701987210297e-16,0.4508528879789182
2012-10,72.73870967741935,4.28687370057032,-0.02108695676724448,146.70000000000002,-0.06752461890399217,-0.61931698390829,-0.9585091674011202,-1.0394283623894573,-0.8660254037844386,0.5000000000000001,-1.090810980268209
2012-11,29.333333333333332,3.378724525810097,-0.8472917561814706,46.6,-0.967719052629559,-1.8304814130064448,-1.169251305944085,-1.2804225112505143,-0.5000000000000004,0.8660254037844384,-0.02108695676724448
2012-12,21.351612903225806,3.0611272826397307,-0.6549201506501658,50.1,-0.11440083026995969,-0.7639034880380178,-0.8901474023661194,-1.2550162920815051,-2.4492935982947064e-16,1.0,-0.8472917561814706
2013-01,14.229032258064517,2.655284402625748,-0.7702327956946506,46.5,0.08825875204338339,-0.8662323827666548,-1.1110869540797688,-1.108275820137656,0.49999999999999994,0.8660254037844387,-0.6549201506501658
2013-02,13.867857142857144,2.629573726562418,-0.6130975942071477,47.2,0.31068505584714684,-0.10415980820259486,-1.8269700211386937,-1.0215414675077745,0.8660254037844386,0.5000000000000001,-0.7702327956946506
2013-03,13.331290322580644,2.5901139278991017,-0.5216485925446799,52.400000000000006,0.5959745978088979,0.24814996967521435,-0.7891394369929976,-0.9902673027065493,1.0,6.123233995736766e-17,-0.6130975942071477
2013-04,40.123333333333335,3.6919580437235338,0.48747241253009177,97.6,0.8493221471391975,0.7472911604584684,-0.33955623985063454,-1.0836314786026358,0.8660254037844387,-0.49999999999999983,-0.5216485925446799
2013-05,61.63225806451613,4.121185403350761,0.40744633149030207,102.3,-0.057909488122913286,0.281271645944562,0.06370447378540962,-1.0590933132814326,0.49999999999999994,-0.8660254037844387,0.48747241253009177
2013-06,76.57666666666667,4.33829241763597,0.46871041905947264,88.8,-0.27828986280415985,-0.09101864758727948,-0.0955819460362075,-0.9556172142316082,1.2246467991473532e-16,-1.0,0.40744633149030207
2013-07,84.10645161290323,4.432083277626378,0.5156455699671456,126.5,0.12483600578032553,-0.2941251053114961,-0.06110392465082507,-1.0613214752285354,-0.4999999999999998,-0.8660254037844388,0.46871041905947264
2013-08,105.33225806451614,4.657119716618434,0.5706323720775188,123.4,-0.21342933266081363,-0.45928308693591535,-0.2575411117137599,-1.4708173434397644,-0.8660254037844384,-0.5000000000000004,0.5156455699671456
2013-09,105.14666666666668,4.655356200901262,0.4076866535153787,228.6,0.5396541936314198,0.08882484086372124,-0.09331115561661552,-0.6064976938828518,-1.0,-1.8369701987210297e-16,0.5706323720775188
2013-10,31.961290322580645,3.464525493130058,-0.8434351642075062,219.5,0.49895315393738526,0.3179017286019403,-0.10549100150504657,-0.3345682251192327,-0.8660254037844386,0.5000000000000001,0.4076866535153787
2013-11,59.8,4.091005660956586,-0.13501062103498107,72.0,-0.5120259220177141,0.17893130940206553,-0.24515297416557835,-0.25097813400412644,-0.5000000000000004,0.8660254037844384,-0.8434351642075062
2013-12,58.97741935483871,4.077154647849313,0.3611072145594165,149.0,1.2864767234809742,0.44673358910674427,0.2525691207453487,0.06706892252291148,-2.4492935982947064e-16,1.0,-0.13501062103498107
2014-01,42.79677419354839,3.756462730437725,0.33094553211732647,50.3,0.19265194513166317,0.2859915039886759,0.3086249647431681,0.0740270647508425,0.49999999999999994,0.8660254037844387,0.3611072145594165
2014-02,70.92142857142856,4.261572624424289,1.0189013036547236,71.3,0.8637348132606874,1.1302607677733647,0.5848025441955513,0.14950400634107433,0.8660254037844386,0.5000000000000001,0.33094553211732647
2014-03,20.283870967741933,3.0098260366298506,-0.10193648381393094,12.4,-1.0368624253541723,0.07047349022057234,0.31804410053467896,0.0028713287412166,1.0,6.123233995736766e-17,1.0189013036547236
2014-04,69.693,4.244099882306937,1.0396142511134951,57.0,0.14175612218718717,-0.004214829417224776,0.155915984299331,-0.10922019055901382,0.8660254037844387,-0.49999999999999983,-0.10193648381393094
2014-05,37.13225806451614,3.6144860814358704,-0.0992529904245889,87.9,-0.24452249203540047,-0.5955593131172185,0.273891453340023,-0.15754582337542017,0.49999999999999994,-0.8660254037844387,1.0396142511134951
2014-06,31.18,3.4397768636296306,-0.429805134946867,15.4,-2.1170270473363164,-1.1390197830078783,-1.1453828740579919,-0.4622428002702002,1.2246467991473532e-16,-1.0,-0.0992529904245889
2014-07,27.516129032258064,3.314772343006533,-0.6016653646526997,47.0,-1.2940112957557193,-1.5974956368557167,-1.5335608254885393,-0.7323276655789475,-0.4999999999999998,-0.8660254037844388,-0.429805134946867
2014-08,121.6558064516129,4.801195798888751,0.7147084543478357,368.3,2.085432180968829,0.1385352932444262,-0.2724571011865536,0.17334201394774543,-0.8660254037844384,-0.5000000000000004,-0.6016653646526997
2014-09,84.97,4.44229825301545,0.19462870562956613,196.1,0.29441457884151573,0.8031108209323666,-0.07496537736756445,0.033504300182371397,-1.0,-1.8369701987210297e-16,0.7147084543478357
2014-10,25.88064516129032,3.253495398274464,-1.0544652590631003,61.7,-1.069720013626658,0.5686373677462268,-0.530680309468706,-0.4765563182977609,-0.8660254037844386,0.5000000000000001,0.19462870562956613
2014-11,105.53,4.658995272682999,0.4329789906914314,214.60000000000002,0.9422579331243244,-0.05831060681668908,-0.07803529049302807,-0.013705835464402464,-0.5000000000000004,0.8660254037844384,-1.0544652590631003
2014-12,22.67096774193548,3.1210851518277956,-0.594962281462101,19.7,-0.9855810867335132,-0.38985088633963233,0.20725102743331644,-0.42699471388396953,-2.4492935982947064e-16,1.0,0.4329789906914314
2015-01,24.516129032258064,3.1993312287952307,-0.22618596952516778,44.3,0.025166868006848656,0.339237260968341,0.5533771834164897,-0.4378960129434079,0.49999999999999994,0.8660254037844387,-0.594962281462101
2015-02,26.439285714285713,3.274850999273849,0.03217967850428316,57.0,0.5538710942279057,-0.398492244616737,-0.3374531560431785,-0.4883610207607237,0.8660254037844386,0.5000000000000001,-0.22618596952516778
2015-03,15.103225806451613,2.714908350571664,-0.3968541698721175,31.9,-0.04999166832209606,0.05835451473876666,-0.525559644496813,-0.4347661548020117,1.0,6.123233995736766e-17,0.03217967850428316
2015-04,16.3,2.791165107812717,-0.4133205233807251,22.9,-0.8127019750538873,-0.4700450836320166,0.012981582801485893,-0.5440647735123201,0.8660254037844387,-0.49999999999999983,-0.3968541698721175
2015-05,8.963870967741935,2.1932021613395336,-1.5205369105209257,6.9,-2.4716227040183814,-2.004453028459076,-1.7797932170901858,-0.8697098036149931,0.49999999999999994,-0.8660254037844387,-0.4133205233807251
2015-06,9.337,2.233985001501789,-1.6355969970747086,23.4,-1.74907651931614,-2.6901371805174463,-2.224828073777595,-0.9414746470948492,1.2246467991473532e-16,-1.0,-1.5205369105209257
2015-07,15.955806451612903,2.769822803837533,-1.1466149038216997,75.8,-0.6617388444972101,-2.1156191769831896,-2.1885368446005597,-0.7773034647942624,-0.4999999999999998,-0.8660254037844388,-1.6355969970747086
2015-08,26.014516129032256,3.2586546948780453,-0.8278326496628696,105.7,-0.4754369660145546,-1.5725454018100575,-2.3257479347683208,-1.8300087605947812,-0.8660254037844384,-0.5000000000000004,-1.1466149038216997
2015-09,16.919333333333334,2.8284569522986027,-1.4192125950872807,46.1,-1.5255427217164952,-1.7608013479325058,-2.7982317280703883,-2.4679146910991254,-1.0,-1.8369701987210297e-16,-0.8278326496628696
2015-10,54.6958064516129,4.001787041984728,-0.3061736153528365,123.1,-0.29193509178183286,-1.4452556639110916,-2.4916933007747155,-2.153481727430941,-0.8660254037844386,0.5000000000000001,-1.4192125950872807
2015-11,87.54666666666667,4.472171984525228,0.24615570253366048,249.9,1.1916914379134402,-0.3432911586554095,-1.2453776665760383,-1.8953435329274635,-0.5000000000000004,0.8660254037844384,-0.3061736153528365
2015-12,40.12580645161291,3.6920196797307727,-0.024027753559123788,78.6,0.402094140961938,0.5028840728789608,-0.7762635512514662,-1.6929000838659478,-2.4492935982947064e-16,1.0,0.24615570253366048
2016-01,23.296774193548387,3.148314904358211,-0.27720229396218743,59.0,0.413211024470391,1.043023129046248,-0.4812091845799863,-1.5894220121157396,0.49999999999999994,0.8660254037844387,-0.024027753559123788
2016-02,30.344827586206897,3.412626077485778,0.16995475671621252,57.6,0.5678327971864157,0.4593129248311328,-0.23083500649570754,-1.6002919827739226,0.8660254037844386,0.5000000000000001,-0.27720229396218743
2016-03,50.94193548387097,3.930686464194071,0.8189239437502893,82.3,1.2880638981659704,0.9264594431854816,0.7032228203468767,-1.3810849585442937,1.0,6.123233995736766e-17,0.16995475671621252
2016-04,52.34,3.9577608971019997,0.7532752659085578,83.7,0.6336853697233235,1.0500192564895428,1.2860181349231268,-1.1637126780898648,0.8660254037844387,-0.49999999999999983,0.8189239437502893
2016-05,80.74838709677418,4.391337987869526,0.6775989160090665,288.7,1.5083535883042203,1.5903864310144087,1.5131533248222708,-0.2005908098448646,0.49999999999999994,-0.8660254037844387,0.7532752659085578
2016-06,65.50066666666666,4.182060320706458,0.3124783221299601,92.3,-0.22669642717804697,0.9157972453908526,1.205037531268871,0.022469057207924352,1.2246467991473532e-16,-1.0,0.6775989160090665
2016-07,54.61612903225806,4.000329242649039,0.08389153498980662,81.2,-0.563204106546816,0.4839859082355057,0.788787554600232,0.07626451370534668,-0.4999999999999998,-0.8660254037844388,0.3124783221299601
2016-08,68.88387096774194,4.232422057259056,0.14593471271814096,113.39999999999999,-0.35802785078815963,-0.846089859405395,0.43394534288568676,0.09719041785233602,-0.8660254037844384,-0.5000000000000004,0.08389153498980662
2016-09,20.996666666666666,3.044363694965728,-1.2033058524201556,60.4,-1.2403350567609395,-1.5044236876836832,-0.29151987443930316,0.1101545159062674,-1.0,-1.8369701987210297e-16,0.14593471271814096
2016-10,110.01612903225806,4.700626982609628,0.3926663252720637,221.0,0.5091995766225533,-0.6241722054379771,-0.22270801112578614,0.4325583633614364,-0.8660254037844386,0.5000000000000001,-1.2033058524201556
2016-11,163.24333333333334,5.095241930160864,0.8692256481692962,220.1,0.982759632159719,0.08822504672489656,-0.5231050921538941,0.305921437709074,-0.5000000000000004,0.8660254037844384,0.3926663252720637
2016-12,99.03870967741935,4.595510780553955,0.8794633472640583,110.7,0.8505029738951475,0.9730316116602153,-0.2030003850492012,0.42124426346529525,-2.4492935982947064e-16,1.0,0.8692256481692962
2017-01,32.34516129032258,3.476464436044733,0.05094723772433474,11.6,-1.4029060862169185,0.7695771772825482,-0.13809579823213583,0.2692373783248974,0.49999999999999994,0.8660254037844387,0.8794633472640583
2017-02,17.810714285714287,2.879800202376873,-0.3628711183926927,19.0,-0.6767480356352793,-0.13480903989380508,-0.08930879820794067,0.15766573164523126,0.8660254037844386,0.5000000000000001,0.05094723772433474
2017-03,28.95483870967742,3.365737330283286,0.25397480983950427,85.89999999999999,1.3598001877719184,-0.2066410239832427,0.7891041536836884,0.14003185526729872,1.0,6.123233995736766e-17,-0.3628711183926927
2017-04,76.24666666666667,4.333973698684961,1.1294880674915189,118.19999999999999,1.1352284969914652,1.0445071950252423,1.0513342423815466,0.25867474854824324,0.8660254037844387,-0.49999999999999983,0.25397480983950427
2017-05,54.84483870967742,4.004508084019834,0.2907690121593749,77.9,-0.3869368881292306,0.5084271050815488,0.24414509312390426,-0.4140011194531398,0.49999999999999994,-0.8660254037844387,1.1294880674915189
2017-06,28.346999999999998,3.3445212044685984,-0.5250607941078993,73.39999999999999,-0.5236999475752446,-0.22380662107524096,-0.4297856002593896,-0.542115309204616,1.2246467991473532e-16,-1.0,0.2907690121593749
2017-07,39.458064516129035,3.675238450129706,-0.24119925752952653,100.0,-0.2520144815395919,-0.7340415621917155,-0.2887692303374746,-0.4279007944926866,-0.4999999999999998,-0.8660254037844388,-0.5250607941078993
2017-08,92.38580645161291,4.525973357017411,0.4394860124764959,314.09999999999997,1.6921643806171218,0.4658152909612709,0.5515123212520037,0.2840528900842393,-0.8660254037844384,-0.5000000000000004,-0.24119925752952653
2017-09,230.65133333333333,5.440907190751627,1.1932376433657437,384.8,1.4782814538901277,1.6551320681047068,1.0044700838768266,1.1837864893422694,-1.0,-1.8369701987210297e-16,0.4394860124764959
2017-10,251.7516129032258,5.528442938343693,1.2204822810061282,520.5,2.02023421418493,2.6673196990877766,1.6544514152034009,1.9749026413843584,-0.8660254037844386,0.5000000000000001,1.1932376433657437
2017-11,170.68333333333334,5.1398099878533365,0.9137937058617691,226.8,1.0312333157511422,2.4180374820704835,2.0875042536097093,1.8632108316792926,-0.5000000000000004,0.8660254037844384,1.2204822810061282
2017-12,44.09032258064516,3.7862403157559905,0.07019288246609401,44.199999999999996,-0.2454682350241593,1.908752629167616,2.411767744598833,1.7742375708476565,-2.4492935982947064e-16,1.0,0.9137937058617691
2018-01,80.56451612903226,4.389058306037563,0.9635411077171643,84.7,0.960125090141525,0.8525259197597593,2.6926423361213936,1.8943435866650937,0.49999999999999994,0.8660254037844387,0.07019288246609401
2018-02,47.707142857142856,3.8650811321163316,0.622409811346766,47.3,0.3133282646961662,0.264066333290546,2.4410661847779784,1.9793008721601955,0.8660254037844386,0.5000000000000001,0.9635411077171643
2018-03,25.312903225806455,3.2313142746482812,0.1195517542044997,16.7,-0.7541853657386989,0.28503739241075216,1.948306744250616,1.7414170033651581,1.0,6.123233995736766e-17,0.622409811346766
2018-04,47.87,3.8684890034044175,0.6640033722109755,55.300000000000004,0.10559168653969242,-0.34195931657518824,0.5462530234422941,1.642385683783804,0.8660254037844387,-0.49999999999999983,0.1195517542044997
2018-05,140.22903225806454,4.94327703060988,1.2295379587494208,242.79999999999998,1.2052112294866812,0.7416861978686224,0.662127578333483,2.1665153711910023,0.49999999999999994,-0.8660254037844387,0.6640033722109755
2018-06,95.12666666666668,4.555209336834319,0.6856273382578215,131.9,0.28116095372905886,0.7402562928597732,0.7631346490493328,2.5550544320031925,1.2246467991473532e-16,-1.0,1.2295379587494208
2018-07,38.581935483870964,3.652784174282219,-0.2636535333770138,79.1,-0.6009635911315019,0.44363945296421153,0.24722427603941735,2.5021306053589525,-0.4999999999999998,-0.8660254037844388,0.6856273382578215
2018-08,59.60645161290322,4.087763816751498,0.001276472210583357,177.8,0.45934014874609835,-0.12183663265752687,0.2690158728988924,2.020735722310037,-0.8660254037844384,-0.5000000000000004,-0.2636535333770138
2018-09,89.61,4.495466920896128,0.24779737351024433,146.2,-0.1416825304448441,-0.37725282039200614,0.16849757408477029,1.2824947547569407,-1.0,-1.8369701987210297e-16,0.001276472210583357
2018-10,94.8967741935484,4.552789713400096,0.2448290560625317,191.4,0.29781515300561295,0.043135433120357884,0.1751391158946082,0.35964186335898896,-0.8660254037844386,0.5000000000000001,0.24779737351024433
2018-11,80.93,4.393584583507611,0.1675683015160434,127.2,0.18070350578063024,-0.09757354925798575,-0.26514627886662706,0.02773480318442258,-0.5000000000000004,0.8660254037844384,0.2448290560625317
2018-12,38.04838709677419,3.6388586943625834,-0.07718873892731315,64.0,0.15705200881437925,0.13754330850966184,-0.29334324860603483,0.10008625430894039,-2.4492935982947064e-16,1.0,0.1675683015160434
2019-01,34.66451612903226,3.545716573809575,0.12019937548917659,65.69999999999999,0.5687753732687757,0.17810013732281368,0.014869929902726365,0.036922234013014345,0.49999999999999994,0.8660254037844387,-0.07718873892731315
2019-02,22.853571428571428,3.1291074039702105,-0.11356391679935518,38.8,0.07375001792417671,0.1809566252822121,-0.13600746519149803,0.012500721592642827,0.8660254037844386,0.5000000000000001,0.12019937548917659
2019-03,18.719354838709677,2.9295580067114164,-0.18220451373236513,34.3,0.03797979602946167,0.1421891663693713,0.028400534977403316,0.041102184382037624,1.0,6.123233995736766e-17,-0.11356391679935518
2019-04,41.086666666666666,3.7156836568659872,0.5111980256725452,137.89999999999998,1.3804237126797352,0.9086064874601402,0.5040434486930729,0.3014911621097422,0.8660254037844387,-0.49999999999999983,-0.18220451373236513
2019-05,64.40967741935484,4.165263892307705,0.4515248204472462,174.9,0.6809290560685195,0.9563776312677945,0.804569337304615,0.1132420521176282,0.49999999999999994,-0.8660254037844387,0.5111980256725452
2019-06,31.98,3.4651107074058083,-0.40447129117068936,23.1,-1.7609576792081398,0.2119001180833119,0.15939893843980601,-0.2821090385454402,1.2246467991473532e-16,-1.0,0.4515248204472462
2019-07,50.670967741935485,3.9253531182187085,0.008915410559475756,97.4,-0.2925051433551583,-0.4337426282625205,-0.1074240972195509,-0.17573990836135223,-0.4999999999999998,-0.8660254037844388,-0.40447129117068936
2019-08,64.40322580645162,4.1651637220181295,0.07867637747721457,207.3,0.7677932404204719,-0.5371268167284822,0.14048835937053292,-0.06493324063067242,-0.8660254037844384,-0.5000000000000004,0.008915410559475756
2019-09,70.49333333333334,4.25551814269914,0.007848595313256546,203.1,0.3493866936160993,0.2566278224205441,0.20930551889465018,0.0939416910775052,-1.0,-1.8369701987210297e-16,0.07867637747721457
2019-10,33.225806451612904,3.503326876738535,-0.8046337805990293,33.5,-1.6462768139287642,-0.3378019624512661,-0.6797508188176633,-0.4112044370931692,-0.8660254037844386,0.5000000000000001,0.007848595313256546
2019-11,20.223333333333336,3.006837053286097,-1.2191792287054706,41.3,-1.0847784865067727,-1.2431473238553374,-1.3335722946466886,-0.6920918074037387,-0.5000000000000004,0.8660254037844384,-0.8046337805990293
2019-12,45.13870967741936,3.8097401860765214,0.09369275278662492,90.0,0.5731012079806839,-1.4464825446284049,-0.8078368961374562,-0.6138931627861113,-2.4492935982947064e-16,1.0,-1.2191792287054706
2020-01,66.39354838709677,4.195599888916845,0.7700826905964462,78.39999999999999,0.8373048956434048,-0.20685179763772676,-0.5232669821601629,-0.5569736389714317,0.49999999999999994,0.8660254037844387,0.09369275278662492
2020-02,47.717241379310344,3.8652927870782365,0.6226214663086709,36.0,-0.012904523764561112,0.5493616094264839,-0.9516924397881956,-0.5702315921549348,0.8660254037844386,0.5000000000000001,0.7700826905964462
2020-03,44.725806451612904,3.8005506605706865,0.6887881401269049,40.6,0.2506278306318197,0.37267806549744265,-1.3005365825687774,-0.5567714880752002,1.0,6.123233995736766e-17,0.6226214663086709
2020-04,18.69333333333333,2.928166954058225,-0.2763186771352171,20.5,-0.9124652001910637,-0.7393047486785689,-0.5966545515176748,-0.9647529608447823,0.8660254037844387,-0.49999999999999983,0.6887881401269049
2020-05,13.406451612903227,2.5957360547399264,-1.1180030171205328,47.8,-0.9137973904180609,-1.1941844628340186,-0.5428127009222705,-1.5326118227993701,0.49999999999999994,-0.8660254037844387,-0.2763186771352171
2020-06,10.561333333333332,2.3571995329339233,-1.5123824656425744,26.4,-1.6362264243335394,-1.9349977277787647,-1.550664461675203,-1.6959359469663562,1.2246467991473532e-16,-1.0,-1.1180030171205328
2020-07,60.17354838709678,4.097232860189082,0.180795152529849,173.5,0.6799040663540418,-0.7601182080240523,-1.1226631028517116,-1.297791009443194,-0.4999999999999998,-0.8660254037844388,-1.5123824656425744
2020-08,31.206451612903226,3.4406248559037365,-0.6458624886371784,91.0,-0.7171115850469911,-0.814587227549525,-1.3354910925629857,-1.7297692003904745,-0.8660254037844384,-0.5000000000000004,0.180795152529849
2020-09,21.45,3.065724645374026,-1.1819449020118573,,,,,,-1.0,-1.8369701987210297e-16,-0.6458624886371784
2020-10,58.99032258064516,4.077373406395441,-0.23058725094212296,,,,,,-0.8660254037844386,0.5000000000000001,-1.1819449020118573
2020-11,205.26000000000002,5.324277468217568,1.0982611862260008,,,,,,-0.5000000000000004,0.8660254037844384,-0.23058725094212296
2020-12,38.774193548387096,3.6577549106100067,-0.058292522679889824,,,,,,-2.4492935982947064e-16,1.0,1.0982611862260008
2021-01,20.641935483870967,3.0273247096602685,-0.39819248866013,,,,,,0.49999999999999994,0.8660254037844387,-0.058292522679889824
2021-02,19.29642857142857,2.9599200306748163,-0.2827512900947493,,,,,,0.8660254037844386,0.5000000000000001,-0.39819248866013
2021-03,10.091290322580644,2.3116727075155272,-0.8000898129282543,,,,,,1.0,6.123233995736766e-17,-0.2827512900947493
2021-04,11.752999999999998,2.464108527150717,-0.7403771040427252,,,,,,0.8660254037844387,-0.49999999999999983,-0.8000898129282543
2021-05,9.142903225806451,2.212977974614237,-1.5007610972462224,,,,,,0.49999999999999994,-0.8660254037844387,-0.7403771040427252
2021-06,44.43,3.7939149169478172,-0.07566708162868041,,,,,,1.2246467991473532e-16,-1.0,-1.5007610972462224
2021-07,19.25483870967742,2.957762390689458,-0.9586753169697748,,,,,,-0.4999999999999998,-0.8660254037844388,-0.07566708162868041
2021-08,23.405161290322578,3.1529565660046224,-0.9335307785362925,,,,,,-0.8660254037844384,-0.5000000000000004,-0.9586753169697748
2021-09,16.241,2.787538909192466,-1.4601306381934176,,,,,,-1.0,-1.8369701987210297e-16,-0.9335307785362925
2021-10,54.958064516129035,4.006570431066351,-0.3013902262712138,,,,,,-0.8660254037844386,0.5000000000000001,-1.4601306381934176
2021-11,20.053333333333335,2.998395390973475,-1.2276208910180926,,,,,,-0.5000000000000004,0.8660254037844384,-0.3013902262712138
2021-12,17.770967741935483,2.8775660999935244,-0.8384813332963721,,,,,,-2.4492935982947064e-16,1.0,-1.2276208910180926
2022-01,8.810322580645161,2.1759240545609844,-1.249593143759414,,,,,,0.49999999999999994,0.8660254037844387,-0.8384813332963721
2022-02,42.394999999999996,3.747030430755966,0.5043591099864004,,,,,,0.8660254037844386,0.5000000000000001,-1.249593143759414
2022-03,17.383870967741935,2.8555428204543047,-0.2562196999894768,,,,,,1.0,6.123233995736766e-17,0.5043591099864004
2022-04,26.34,3.271088696315135,0.06660306512169312,,,,,,0.8660254037844387,-0.49999999999999983,-0.2562196999894768
2022-05,21.448387096774194,3.065649448923263,-0.6480896229371962,,,,,,0.49999999999999994,-0.8660254037844387,0.06660306512169312
2022-06,12.455666666666668,2.5221756733087077,-1.34740632526779,,,,,,1.2246467991473532e-16,-1.0,-0.6480896229371962
2022-07,56.9483870967742,4.042145368100987,0.12570766044175397,,,,,,-0.4999999999999998,-0.8660254037844388,-1.34740632526779
2022-08,33.28387096774193,3.505072924325403,-0.5814144202155118,,,,,,-0.8660254037844384,-0.5000000000000004,0.12570766044175397
2022-09,189.18275862068967,5.2427135246677645,0.9950439772818811,,,,,,-1.0,-1.8369701987210297e-16,-0.5814144202155118
2022-10,132.79032258064515,4.888771362253334,0.5808107049157698,,,,,,-0.8660254037844386,0.5000000000000001,0.9950439772818811
2022-11,258.2266666666667,5.553837752191422,1.3278214701998543,,,,,,-0.5000000000000004,0.8660254037844384,0.5808107049157698
2022-12,39.58064516129032,3.678340240225765,-0.037707193064131506,,,,,,-2.4492935982947064e-16,1.0,1.3278214701998543
2023-01,41.248387096774195,3.7196120113319764,0.2940948130115779,,,,,,0.49999999999999994,0.8660254037844387,-0.037707193064131506
2023-02,25.610714285714288,3.2430107907133254,0.0003394699437597737,18.0,-0.7274511816344437,,,,0.8660254037844386,0.5000000000000001,0.2940948130115779
2023-03,12.87483870967742,2.5552749190676356,-0.556487601376146,15.7,-0.8147098187857187,,,,1.0,6.123233995736766e-17,0.0003394699437597737
2023-04,34.93833333333334,3.5535846027477365,0.3490989715542945,259.0,2.548945936698751,1.7465157215758969,,,0.8660254037844387,-0.49999999999999983,-0.556487601376146
2023-05,20.241290322580646,3.0077245935028936,-0.7060144783575657,123.69999999999999,0.18884061500028895,1.2722979242770607,,,0.49999999999999994,-0.8660254037844387,0.3490989715542945
2023-06,34.154333333333334,3.5308894691332187,-0.338692529443279,148.5,0.46346072413602146,1.2298564036424988,,,1.2246467991473532e-16,-1.0,-0.7060144783575657
2023-07,19.063225806451616,2.947761128735336,-0.9686765789238967,91.8,-0.38230266606233765,-0.022410486719586554,0.6549324543921373,,-0.4999999999999998,-0.8660254037844388,-0.338692529443279
2023-08,116.58387096774193,4.758610936455771,0.6721235919148558,193.29999999999998,0.6252603265031851,0.15591790188185073,0.805052548006248,,-0.8660254037844384,-0.5000000000000004,-0.9686765789238967
2023-09,38.75,3.657130755799356,-0.5905387915865274,97.89999999999999,-0.6754795951387634,-0.5113258749934279,0.4724163105861139,,-1.0,-1.8369701987210297e-16,0.6721235919148558
2023-10,65.10967741935484,4.176073192841701,-0.13188746449586297,346.0,1.2405478261824288,0.6178299486834441,0.2829263278966813,,-0.8660254037844386,0.5000000000000001,-0.5905387915865274
2023-11,74.72666666666667,4.313837011924839,0.08782072993327183,71.2,-0.524453806517556,0.15476335248151057,0.08834681305468689,,-0.5000000000000004,0.8660254037844384,-0.13188746449586297
2023-12,40.696774193548386,3.7061488311636825,-0.009898602126213962,33.1,-0.5298434726496302,0.4963552257092865,-0.09175672769718778,,-2.4492935982947064e-16,1.0,0.08782072993327183
2024-01,19.52258064516129,2.9715717774290544,-0.45394542089134404,20.299999999999997,-0.8710668113076149,-1.0883389335312836,-0.03039241997127593,0.2559989970129082,0.49999999999999994,0.8660254037844387,-0.009898602126213962
2024-02,27.917241379310347,3.3292444685467273,0.08657314777716163,73.0,0.8978026380553272,-0.32557064430162047,-0.09567168932956731,0.4212687991567558,0.8660254037844386,0.5000000000000001,-0.45394542089134404
2024-03,17.629032258064516,2.869547103131447,-0.24221541731233476,48.1,0.47672314346429406,0.18034524342773484,0.4080334230556737,0.47607898457122305,1.0,6.123233995736766e-17,0.08657314777716163
2024-04,38.78666666666666,3.6580765449588912,0.45359091376544924,167.4,1.709700715401293,1.7073740349572493,0.1630598596703576,0.2344990367018046,0.8660254037844387,-0.49999999999999983,-0.24221541731233476
2024-05,48.71935483870968,3.8860763810871495,0.17233730922669022,105.0,-0.024956560972784408,0.7805795507807268,0.3945584106291277,0.1975885856264865,0.49999999999999994,-0.8660254037844387,0.45359091376544924
2024-06,104.66333333333334,4.650748849599255,0.7811668510227574,176.3,0.740820796370796,0.8359536620204733,0.8248277766024268,0.30855228923472366,1.2246467991473532e-16,-1.0,0.17233730922669022
2024-07,79.56451612903226,4.376568216188646,0.4601305085294136,102.0,-0.2213549761820246,0.08373534767092539,0.7248645242156333,0.37433366876523255,-0.4999999999999998,-0.8660254037844388,0.7811668510227574
2024-08,127.75483870967743,4.850113104763214,0.7636257602222987,105.3,-0.48169467787185255,-0.15544282497461454,0.27122387082350147,0.06250868632735314,-0.8660254037844384,-0.5000000000000004,0.4601305085294136
2024-09,97.51333333333334,4.579989120790833,0.33231957340494933,38.5,-1.7051590059055732,-1.5882367710517271,-0.40027075378039856,-0.16219950033149597,-1.0,-1.8369701987210297e-16,0.7636257602222987
2024-10,54.061290322580646,3.9901184089056816,-0.3178422484318828,99.4,-0.5496460015568553,-1.7035837482261642,-1.166984489796754,-1.0202653667789099,-0.8660254037844386,0.5000000000000001,0.33231957340494933
2024-11,111.24666666666667,4.711749958050647,0.4857336760590796,270.2,1.3251185889818646,-0.40512012501668726,-0.5097093748026956,-0.3030470584824468,-0.5000000000000004,0.8660254037844384,-0.3178422484318828
2024-12,60.061290322580646,4.09536554621686,0.3793181129269638,137.3,1.1617027010791918,0.7699009143048825,-0.43797259810023137,0.03262285441214995,-2.4492935982947064e-16,1.0,0.4857336760590796
2025-01,33.84838709677419,3.521891349678719,0.0963741513583205,34.0,-0.30267104991396965,1.3446907713893077,-0.37629723626632217,0.07069069242856818,0.49999999999999994,0.8660254037844387,0.3793181129269638
2025-02,37.121428571428574,3.6141943923991375,0.3715230716295719,82.8,1.0849244248914591,0.9949492236637033,0.004637604584191078,0.10274769792890356,0.8660254037844386,0.5000000000000001,0.0963741513583205
2025-03,39.70645161290323,3.681513683631104,0.5697511631873224,82.2,1.286043377685246,0.9276248651433993,0.9657169126933557,0.17624701795023534,1.0,6.123233995736766e-17,0.3715230716295719
2025-04,48.79666666666667,3.8876620045152106,0.6831763733217686,89.6,0.7278503348880401,1.3773593499041894,1.695027465147277,-0.042444292273436046,0.8660254037844387,-0.49999999999999983,0.5697511631873224
2025-05,63.22903225806452,4.146763566846083,0.4330244949856237,73.3,-0.4567558440007903,0.2235609752105513,0.7101171149145785,-0.14348421380379234,0.49999999999999994,-0.8660254037844387,0.6831763733217686
2025-06,47.49666666666667,3.8606595331395877,-0.008922465436909999,22.099999999999998,-1.8014348873152395,-0.900841729244424,-0.4440770086269597,-0.7655367128147941,1.2246467991473532e-16,-1.0,0.4330244949856237
2025-07,21.506451612903227,3.0683529651388683,-0.8480847425203644,54.2,-1.114370063705499,-1.6047686184717562,-0.717784747516939,-0.9144927375458412,-0.4999999999999998,-0.8660254037844388,-0.008922465436909999
2025-08,30.570967741935487,3.4200507919910033,-0.6664365525499116,29.5,-2.2397279700963533,-2.8112713994840393,-1.6672737860036981,-1.1685670132657058,-0.8660254037844384,-0.5000000000000004,-0.8480847425203644
2025-09,31.956666666666663,3.4643808184207954,-0.783288728965088,124.8,-0.36022744307156207,-1.9527826253605767,-1.978940558460917,-0.8138427323359096,-1.0,-1.8369701987210297e-16,-0.6664365525499116
2025-10,59.516129032258064,4.086247351989481,-0.2217133053480831,,,,,,-0.8660254037844386,0.5000000000000001,-0.783288728965088
2025-11,46.306666666666665,3.8352859392077634,-0.39073034278380403,,,,,,-0.5000000000000004,0.8660254037844384,-0.2217133053480831
2025-12,25.60967741935484,3.2429703042459215,-0.47307712904397503,,,,,,-2.4492935982947064e-16,1.0,-0.39073034278380403
2026-01,20.85483870967742,3.0375859937267657,-0.38793120459363273,,,,,,0.49999999999999994,0.8660254037844387,-0.47307712904397503
2026-02,36.089285714285715,3.5859960266684716,0.34332470589890596,148.2,2.074112021636115,,,,0.8660254037844386,0.5000000000000001,-0.38793120459363273
2026-03,34.167741935483875,3.5312819806975977,0.41951946025381615,,,,,,1.0,6.123233995736766e-17,0.34332470589890596
2026-04,39.36,3.6727500721840527,0.4682644409906107,29.5,-0.5727887175518253,,,,0.8660254037844387,-0.49999999999999983,0.41951946025381615
2026-05,35.561290322580646,3.571257695774248,-0.14248137608621114,36.9,-1.1653070041040112,,,,0.49999999999999994,-0.8660254037844387,0.4682644409906107
2026-06,19.726666666666667,2.9819713583039538,-0.8876106402725439,11.700000000000001,-2.3411489131679346,-2.1994736642381643,,,1.2246467991473532e-16,-1.0,-0.14248137608621114
2026-07,14.576774193548387,2.6794294533735816,-1.237008254285651,35.0,-1.6443444818108541,-2.444144543819129,,,-0.4999999999999998,-0.8660254037844388,-0.8876106402725439
2026-08,13.178421052631577,2.5785807231597992,-1.5079066213811156,,,,,,-0.8660254037844384,-0.5000000000000004,-1.237008254285651
