ym,discharge_cfs_mean,log_q,log_q_anomaly,precip_mm_sum,n_days_reported,spi_1,spi_3,spi_6,spi_12,month_sin,month_cos,log_q_anomaly_lag1
1959-11,132.57142857142858,4.887121583730887,-0.6581399905786709,53.2,30.0,-1.3657857523039278,-1.2482900373049355,,,-0.5000000000000004,0.8660254037844384,
1959-12,130.7741935483871,4.873472122526799,-0.3023267820662685,40.5,31.0,-1.5015656093965046,-1.8881405475467805,-1.8988175256929904,,-2.4492935982947064e-16,1.0,-0.6581399905786709
1960-01,81.06451612903226,4.395245333058446,-0.4519129338541852,,,,,,,0.49999999999999994,0.8660254037844387,-0.3023267820662685
1960-02,62.55172413793103,4.135993800688608,-0.47937494959615456,0.0,29.0,-2.1143807715275607,,,,0.8660254037844386,0.5000000000000001,-0.4519129338541852
1960-03,82.3225806451613,4.410645439979534,-0.012269361783327604,43.1,31.0,-0.809589967311282,,,,1.0,6.123233995736766e-17,-0.47937494959615456
1960-04,92.1,4.522874943261261,-0.022600837179997946,,,,,,,0.8660254037844387,-0.49999999999999983,-0.012269361783327604
1960-05,89.16129032258064,4.490446980402414,-0.5659054276755491,,,,,,,0.49999999999999994,-0.8660254037844387,-0.022600837179997946
1960-06,297.46666666666664,5.695302173890267,0.6475347883728686,,,,,,,1.2246467991473532e-16,-1.0,-0.5659054276755491
1960-07,347.5806451612903,5.850996710486802,0.7063428147902782,,,,,,,-0.4999999999999998,-0.8660254037844388,0.6475347883728686
1960-08,592.0322580645161,6.383561123373326,1.0217111508037728,,,,,,,-0.8660254037844384,-0.5000000000000004,0.7063428147902782
1960-09,1437.5,7.270660772671506,1.7736727196467843,,,,,,,-1.0,-1.8369701987210297e-16,1.0217111508037728
1960-10,288.80645161290323,5.66575674614901,0.10527009284581812,,,,,,,-0.8660254037844386,0.5000000000000001,1.7736727196467843
1960-11,303.4,5.715052066914432,0.1697904926048741,,,,,,,-0.5000000000000004,0.8660254037844384,0.10527009284581812
1960-12,694.1290322580645,6.542657868668708,1.3668589640756403,,,,,,,-2.4492935982947064e-16,1.0,0.1697904926048741
1961-01,168.80645161290323,5.128752801887061,0.2815945349744302,,,,,,,0.49999999999999994,0.8660254037844387,1.3668589640756403
1961-02,117.64285714285714,4.767653400562382,0.15228465027761917,,,,,,,0.8660254037844386,0.5000000000000001,0.2815945349744302
1961-03,78.2258064516129,4.3595995988864376,-0.06331520287642434,,,,,,,1.0,6.123233995736766e-17,0.15228465027761917
1961-04,121.6,4.800736969532067,0.25526118909080786,,,,,,,0.8660254037844387,-0.49999999999999983,-0.06331520287642434
1961-05,119.58064516129032,4.783990998665586,-0.27236140941237696,,,,,,,0.49999999999999994,-0.8660254037844387,0.25526118909080786
1961-06,182.53333333333333,5.2069328047461845,0.1591654192287857,,,,,,,1.2246467991473532e-16,-1.0,-0.27236140941237696
1961-07,660.0967741935484,6.492386451837683,1.3477325561411586,,,,,,,-0.4999999999999998,-0.8660254037844388,0.1591654192287857
1961-08,674.258064516129,6.513612922669303,1.1517629500997497,,,,,,,-0.8660254037844384,-0.5000000000000004,1.3477325561411586
1961-09,267.8333333333333,5.590364896509458,0.0933768434847364,,,,,,,-1.0,-1.8369701987210297e-16,1.1517629500997497
1961-10,532.3548387096774,6.277310257058422,0.7168236037552296,,,,,,,-0.8660254037844386,0.5000000000000001,0.0933768434847364
1961-11,289.3666666666667,5.667694626729652,0.12243305242009406,,,,,,,-0.5000000000000004,0.8660254037844384,0.7168236037552296
1961-12,336.51612903225805,5.8186460796812876,0.6428471750882201,,,,,,,-2.4492935982947064e-16,1.0,0.12243305242009406
1962-01,319.3225806451613,5.766201816434661,0.9190435495220299,,,,,,,0.49999999999999994,0.8660254037844387,0.6428471750882201
1962-02,158.17857142857142,5.063724593747994,0.448355843463232,,,,,,,0.8660254037844386,0.5000000000000001,0.9190435495220299
1962-03,90.16129032258064,4.501600181104053,0.07868537934119146,,,,,,,1.0,6.123233995736766e-17,0.448355843463232
1962-04,166.43333333333334,5.114594828838454,0.5691190483971953,,,,,,,0.8660254037844387,-0.49999999999999983,0.07868537934119146
1962-05,338.80645161290323,5.825429005137629,0.7690765970596658,,,,,,,0.49999999999999994,-0.8660254037844387,0.5691190483971953
1962-06,431.53333333333336,6.0673447574433,1.0195773719259016,,,,,,,1.2246467991473532e-16,-1.0,0.7690765970596658
1962-07,345.5483870967742,5.845132682885862,0.7004787871893381,,,,,,,-0.4999999999999998,-0.8660254037844388,1.0195773719259016
1962-08,469.93548387096774,6.152595416922297,0.7907454443527442,,,,,,,-0.8660254037844384,-0.5000000000000004,0.7004787871893381
1962-09,331.43333333333334,5.803426683317918,0.3064386302931963,,,,,,,-1.0,-1.8369701987210297e-16,0.7907454443527442
1962-10,216.03225806451613,5.375427739424904,-0.18505891387828832,,,,,,,-0.8660254037844386,0.5000000000000001,0.3064386302931963
1962-11,135.53333333333333,4.909217612526136,-0.6360439617834217,,,,,,,-0.5000000000000004,0.8660254037844384,-0.18505891387828832
1962-12,89.09677419354838,4.489723129484092,-0.6860757751089759,,,,,,,-2.4492935982947064e-16,1.0,-0.6360439617834217
1963-01,79.29032258064517,4.3731160856408335,-0.4740421812717974,,,,,,,0.49999999999999994,0.8660254037844387,-0.6860757751089759
1963-02,85.14285714285714,4.4443305180100365,-0.17103823227472592,,,,,,,0.8660254037844386,0.5000000000000001,-0.4740421812717974
1963-03,56.67741935483871,4.037375883701951,-0.38553891806091123,,,,,,,1.0,6.123233995736766e-17,-0.17103823227472592
1963-04,87.3,4.469350462845557,-0.07612531759570196,,,,,,,0.8660254037844387,-0.49999999999999983,-0.38553891806091123
1963-05,239.5483870967742,5.478755430251879,0.4224030221739161,,,,,,,0.49999999999999994,-0.8660254037844387,-0.07612531759570196
1963-06,155.5,5.0466457316192885,-0.001121653898110253,,,,,,,1.2246467991473532e-16,-1.0,0.4224030221739161
1963-07,148.25806451612902,4.9989544344835,-0.1456994612130238,,,,,,,-0.4999999999999998,-0.8660254037844388,-0.001121653898110253
1963-08,250.29032258064515,5.5226215344088025,0.16077156183924934,,,,,,,-0.8660254037844384,-0.5000000000000004,-0.1456994612130238
1963-09,331.93333333333334,5.804934145539972,0.30794609251525085,,,,,,,-1.0,-1.8369701987210297e-16,0.16077156183924934
1963-10,143.3548387096774,4.965322946274374,-0.595163707028818,,,,,,,-0.8660254037844386,0.5000000000000001,0.30794609251525085
1963-11,133.2,4.891851758106289,-0.6534098162032693,,,,,,,-0.5000000000000004,0.8660254037844384,-0.595163707028818
1963-12,86.06451612903226,4.455097202550368,-0.7207017020426996,,,,,,,-2.4492935982947064e-16,1.0,-0.6534098162032693
1964-01,110.09677419354838,4.701359744421561,-0.14579852249107006,,,,,,,0.49999999999999994,0.8660254037844387,-0.7207017020426996
1964-02,72.06896551724138,4.277623514972382,-0.3377452353123802,,,,,,,0.8660254037844386,0.5000000000000001,-0.14579852249107006
1964-03,41.193548387096776,3.718281651547393,-0.7046331502154688,,,,,,,1.0,6.123233995736766e-17,-0.3377452353123802
1964-04,112.03333333333333,4.71879644606295,0.17332066562169146,,,,,,,0.8660254037844387,-0.49999999999999983,-0.7046331502154688
1964-05,67.48387096774194,4.211888620699667,-0.8444637873782961,,,,,,,0.49999999999999994,-0.8660254037844387,0.17332066562169146
1964-06,138.56666666666666,4.931351557590482,-0.11641582792691718,,,,,,,1.2246467991473532e-16,-1.0,-0.8444637873782961
1964-07,517.741935483871,6.249476924073016,1.104823028376492,,,,,,,-0.4999999999999998,-0.8660254037844388,-0.11641582792691718
1964-08,158.4516129032258,5.065449265341832,-0.29640070722772105,,,,,,,-0.8660254037844384,-0.5000000000000004,1.104823028376492
1964-09,263.1,5.572534188046247,0.07554613502152563,,,,,,,-1.0,-1.8369701987210297e-16,-0.29640070722772105
1964-10,262.2903225806452,5.5694519917226915,0.008965338419499425,,,,,,,-0.8660254037844386,0.5000000000000001,0.07554613502152563
1964-11,110.4,4.704110133842995,-0.8411514404665628,,,,,,,-0.5000000000000004,0.8660254037844384,0.008965338419499425
1964-12,77.3225806451613,4.347986029949238,-0.8278128746438291,,,,,,,-2.4492935982947064e-16,1.0,-0.8411514404665628
1965-01,61.225806451612904,4.114568774684727,-0.7325894922279037,,,,,,,0.49999999999999994,0.8660254037844387,-0.8278128746438291
1965-02,39.357142857142854,3.672677479537656,-0.9426912707471065,,,,,,,0.8660254037844386,0.5000000000000001,-0.7325894922279037
1965-03,34.064516129032256,3.5282562597810605,-0.8946585419818014,,,,,,,1.0,6.123233995736766e-17,-0.9426912707471065
1965-04,40.03333333333333,3.689712440417828,-0.8557633400234308,,,,,,,0.8660254037844387,-0.49999999999999983,-0.8946585419818014
1965-05,469.38709677419354,6.151427794275133,1.0950753861971698,,,,,,,0.49999999999999994,-0.8660254037844387,-0.8557633400234308
1965-06,451.7,6.113018242660559,1.0652508571431598,,,,,,,1.2246467991473532e-16,-1.0,1.0950753861971698
1965-07,262.4193548387097,5.569943815167992,0.4252899194714681,,,,,,,-0.4999999999999998,-0.8660254037844388,1.0652508571431598
1965-08,626.1612903225806,6.439607990185945,1.0777580176163921,,,,,,,-0.8660254037844384,-0.5000000000000004,0.4252899194714681
1965-09,250.06666666666666,5.521727548979677,0.024739495954955615,,,,,,,-1.0,-1.8369701987210297e-16,1.0777580176163921
1965-10,149.3548387096774,5.006324942595134,-0.5541617107080583,,,,,,,-0.8660254037844386,0.5000000000000001,0.024739495954955615
1965-11,234.9,5.459159891664867,-0.0861016826446912,,,,,,,-0.5000000000000004,0.8660254037844384,-0.5541617107080583
1965-12,479.51612903225805,6.172777530947052,0.9969786263539842,,,,,,,-2.4492935982947064e-16,1.0,-0.0861016826446912
1966-01,129.0,4.859812404361672,0.01265413744904098,,,,,,,0.49999999999999994,0.8660254037844387,0.9969786263539842
1966-02,84.78571428571429,4.440127064994409,-0.1752416852903531,,,,,,,0.8660254037844386,0.5000000000000001,0.01265413744904098
1966-03,92.70967741935483,4.529472862153824,0.10655806039096216,,,,,,,1.0,6.123233995736766e-17,-0.1752416852903531
1966-04,74.26666666666667,4.307662219385019,-0.23781356105623974,,,,,,,0.8660254037844387,-0.49999999999999983,0.10655806039096216
1966-05,563.3225806451613,6.333852431454699,1.277500023376736,,,,,,,0.49999999999999994,-0.8660254037844387,-0.23781356105623974
1966-06,234.76666666666668,5.458592113083255,0.4108247275658563,,,,,,,1.2246467991473532e-16,-1.0,1.277500023376736
1966-07,141.1290322580645,4.949674594306568,-0.19497930138995567,,,,,,,-0.4999999999999998,-0.8660254037844388,0.4108247275658563
1966-08,170.80645161290323,5.140531053550361,-0.22131891901919243,,,,,,,-0.8660254037844384,-0.5000000000000004,-0.19497930138995567
1966-09,148.2,4.998562712861986,-0.49842534016273543,,,,,,,-1.0,-1.8369701987210297e-16,-0.22131891901919243
1966-10,278.258064516129,5.628548972722642,0.06806231941945029,,,,,,,-0.8660254037844386,0.5000000000000001,-0.49842534016273543
1966-11,100.23333333333333,4.607500801326374,-0.937760772983184,,,,,,,-0.5000000000000004,0.8660254037844384,0.06806231941945029
1966-12,104.61290322580645,4.650266901822172,-0.5255320027708956,,,,,,,-2.4492935982947064e-16,1.0,-0.937760772983184
1967-01,63.483870967741936,4.150785873127052,-0.6963723937855786,,,,,,,0.49999999999999994,0.8660254037844387,-0.5255320027708956
1967-02,64.46428571428571,4.166111360591778,-0.4492573896929848,,,,,,,0.8660254037844386,0.5000000000000001,-0.6963723937855786
1967-03,60.70967741935484,4.106103115660178,-0.3168116861026835,,,,,,,1.0,6.123233995736766e-17,-0.4492573896929848
1967-04,53.733333333333334,3.9840335414044183,-0.5614422390368405,,,,,,,0.8660254037844387,-0.49999999999999983,-0.3168116861026835
1967-05,43.61290322580645,3.775353052117763,-1.2809993559602,,,,,,,0.49999999999999994,-0.8660254037844387,-0.5614422390368405
1967-06,73.46666666666667,4.29683178861065,-0.750935596906749,,,,,,,1.2246467991473532e-16,-1.0,-1.2809993559602
1967-07,50.25806451612903,3.9171710219455473,-1.2274828737509766,,,,,,,-0.4999999999999998,-0.8660254037844388,-0.750935596906749
1967-08,53.61290322580645,3.981789770930247,-1.380060201639306,,,,,,,-0.8660254037844384,-0.5000000000000004,-1.2274828737509766
1967-09,37.43333333333333,3.622561573076288,-1.8744264799484336,,,,,,,-1.0,-1.8369701987210297e-16,-1.380060201639306
1967-10,44.225806451612904,3.789308475077168,-1.771178178226024,,,,,,,-0.8660254037844386,0.5000000000000001,-1.8744264799484336
1967-11,64.9,4.1728476237100445,-1.3724139505995137,,,,,,,-0.5000000000000004,0.8660254037844384,-1.771178178226024
1967-12,33.61290322580645,3.514910017828166,-1.6608888867649014,,,,,,,-2.4492935982947064e-16,1.0,-1.3724139505995137
1968-01,45.32258064516129,3.8138053772826996,-1.0333528896299313,,,,,,,0.49999999999999994,0.8660254037844387,-1.6608888867649014
1968-02,35.62068965517241,3.5729266391331644,-1.042442111151598,,,,,,,0.8660254037844386,0.5000000000000001,-1.0333528896299313
1968-03,23.225806451612904,3.145264007524955,-1.277650794237907,,,,,,,1.0,6.123233995736766e-17,-1.042442111151598
1968-04,37.96666666666667,3.636708581785027,-0.908767198656232,31.8,22.0,-1.421809226939955,,,,0.8660254037844387,-0.49999999999999983,-1.277650794237907
1968-05,33.806451612903224,3.520651660395841,-1.5357007476821218,,,,,,,0.49999999999999994,-0.8660254037844387,-0.908767198656232
1968-06,229.93333333333334,5.437789411834631,0.39002202631723204,,,,,,,1.2246467991473532e-16,-1.0,-1.5357007476821218
1968-07,212.96774193548387,5.3611407079279925,0.21648681223146848,236.2,31.0,0.865306599917466,,,,-0.4999999999999998,-0.8660254037844388,0.39002202631723204
1968-08,258.06451612903226,5.553209616176827,0.19135964360727353,253.89999999999998,31.0,0.6618669637516924,,,,-0.8660254037844384,-0.5000000000000004,0.21648681223146848
1968-09,128.83333333333334,4.858519579359367,-0.6384684736653545,,,,,,,-1.0,-1.8369701987210297e-16,0.19135964360727353
1968-10,65.38709677419355,4.180324941966854,-1.3801617113363385,70.3,31.0,-1.4225298185486663,,,,-0.8660254037844386,0.5000000000000001,-0.6384684736653545
1968-11,213.43333333333334,5.363324527856647,-0.1819370464529113,355.1,30.0,1.3873949583891598,,,,-0.5000000000000004,0.8660254037844384,-1.3801617113363385
1968-12,129.29032258064515,4.8620604382795545,-0.313738466313513,218.70000000000002,31.0,0.9793638856662787,0.6942154852553558,,,-2.4492935982947064e-16,1.0,-0.1819370464529113
1969-01,310.4516129032258,5.738028053169368,0.8908697862567374,255.9,31.0,2.0265908755850273,1.8465565222774474,,,0.49999999999999994,0.8660254037844387,-0.313738466313513
1969-02,129.07142857142858,4.86036596097697,0.24499721069220737,50.9,28.0,-0.3889951767288547,1.5010181093875592,,,0.8660254037844386,0.5000000000000001,0.8908697862567374
1969-03,165.70967741935485,5.110237325982122,0.68732252421926,126.2,31.0,0.6206195192832682,1.2402629318786238,1.2139757477281254,,1.0,6.123233995736766e-17,0.24499721069220737
1969-04,74.06666666666666,4.30496558853742,-0.24051019190383904,82.0,30.0,-0.43577426498813343,-0.2885400931351151,1.4635610022318446,,0.8660254037844387,-0.49999999999999983,0.68732252421926
1969-05,668.6451612903226,6.5052535177568,1.448901109678837,281.6,31.0,0.9080017590460019,0.6209844238079157,1.2993819929172408,,0.49999999999999994,-0.8660254037844387,-0.24051019190383904
1969-06,300.6666666666667,5.706002231394514,0.6582348458771152,110.1,30.0,0.16824681375365186,0.37180863735408404,0.8383444477738148,,1.2246467991473532e-16,-1.0,1.448901109678837
1969-07,361.61290322580646,5.89057431158106,0.7459204158845356,141.0,31.0,-0.02076131020261913,0.4596863689916285,0.14534195701084943,,-0.4999999999999998,-0.8660254037844388,0.6582348458771152
1969-08,389.64516129032256,5.965236482120132,0.603386509550579,164.4,31.0,-0.26701957693619377,-0.285201958934662,0.07701407841473264,,-0.8660254037844384,-0.5000000000000004,0.7459204158845356
1969-09,296.06666666666666,5.690584654189892,0.1935966011651704,179.9,30.0,-0.03083906472335335,-0.36236560331514667,-0.1360640253618059,0.4993081779061261,-1.0,-1.8369701987210297e-16,0.603386509550579
1969-10,198.38709677419354,5.290220156315417,-0.27026649698777483,,,,,,,-0.8660254037844386,0.5000000000000001,0.1935966011651704
1969-11,669.7333333333333,6.50687962320778,0.961618048898222,198.3,30.0,0.32509403673563714,,,,-0.5000000000000004,0.8660254037844384,-0.27026649698777483
1969-12,181.74193548387098,5.202587743951172,0.02678883935810461,,,,,,,-2.4492935982947064e-16,1.0,0.961618048898222
1970-01,98.35483870967742,4.588581742503108,-0.2585765244095226,94.2,31.0,-0.10711537177715776,,,,0.49999999999999994,0.8660254037844387,0.02678883935810461
1970-02,64.10714285714286,4.160555790747176,-0.4548129595375867,27.099999999999998,28.0,-1.067031349770274,,,,0.8660254037844386,0.5000000000000001,-0.2585765244095226
1970-03,40.32258064516129,3.6969116258112007,-0.7260031759516612,45.0,31.0,-0.7623564848621751,-1.177998026093296,,,1.0,6.123233995736766e-17,-0.4548129595375867
1970-04,39.8,3.6838669122903918,-0.8616088681508671,71.2,30.0,-0.6085996547552872,-1.5129821285693579,,,0.8660254037844387,-0.49999999999999983,-0.7260031759516612
1970-05,238.70967741935485,5.475248074707115,0.4188956666291519,280.0,31.0,0.8980396126411061,0.02879434783630297,,,0.49999999999999994,-0.8660254037844387,-0.8616088681508671
1970-06,815.5,6.703801422061068,1.6560340365436694,554.9000000000001,30.0,2.9545174746845144,2.1049744946881837,1.4460962602844314,,1.2246467991473532e-16,-1.0,0.4188956666291519
1970-07,305.16129032258067,5.720840457560778,0.5761865618642537,167.5,31.0,0.2580282656826465,1.9802006872001665,1.3906576044821715,,-0.4999999999999998,-0.8660254037844388,1.6560340365436694
1970-08,366.741935483871,5.904658427643961,0.5428084550744074,267.09999999999997,31.0,0.7793575217452233,2.1856313003643884,1.6315713134404826,,-0.8660254037844384,-0.5000000000000004,0.5761865618642537
1970-09,238.7,5.4752075333447845,-0.021780519679936994,130.2,30.0,-0.5393418407170758,0.047555756481612144,1.3621606556109929,,-1.0,-1.8369701987210297e-16,0.5428084550744074
1970-10,1910.483870967742,7.55511182454184,1.9946251712386482,502.09999999999997,31.0,2.1873686925068685,1.3561668380300966,2.156884573776932,,-0.8660254037844386,0.5000000000000001,-0.021780519679936994
1970-11,333.8333333333333,5.810641866437763,0.2653802921282047,531.3,30.0,2.27008059534522,2.416592261328269,2.695171579036991,,-0.5000000000000004,0.8660254037844384,1.9946251712386482
1970-12,566.3870967741935,6.339277761001008,1.1634788564079406,421.6,31.0,2.473201958175424,3.2552187510984307,2.5653200075848175,2.472145156914438,-2.4492935982947064e-16,1.0,0.2653802921282047
1971-01,185.7741935483871,5.224531923021527,0.3773736561088956,170.4,31.0,1.0664789738374933,2.8104414188653877,2.7947140730397146,2.693898737217012,0.49999999999999994,0.8660254037844387,1.1634788564079406
1971-02,116.14285714285714,4.754820960492498,0.13945221020773513,,,,,,,0.8660254037844386,0.5000000000000001,0.3773736561088956
1971-03,112.87096774193549,4.726245287882541,0.3033304861196795,34.0,31.0,-1.0548646705266689,,,,1.0,6.123233995736766e-17,0.13945221020773513
1971-04,106.03333333333333,4.6637535100869885,0.11827772964572958,,,,,,,0.8660254037844387,-0.49999999999999983,0.3033304861196795
1971-05,169.3548387096774,5.131996151100523,0.07564374302256027,,,,,,,0.49999999999999994,-0.8660254037844387,0.11827772964572958
1971-06,169.1,5.130490255904535,0.0827228703871361,193.2,30.0,0.951476458993934,,,,1.2246467991473532e-16,-1.0,0.07564374302256027
1971-07,113.48387096774194,4.731660720812357,-0.41299317488416687,152.20000000000002,31.0,0.10102081415838568,,,,-0.4999999999999998,-0.8660254037844388,0.0827228703871361
1971-08,319.80645161290323,5.767715974095373,0.40586600152582,,,,,,,-0.8660254037844384,-0.5000000000000004,-0.41299317488416687
1971-09,127.7,4.8496837630384935,-0.647304289986228,,,,,,,-1.0,-1.8369701987210297e-16,0.40586600152582
1971-10,161.67741935483872,5.085603111530813,-0.4748835417723791,355.9,31.0,1.3677607011047108,,,,-0.8660254037844386,0.5000000000000001,-0.647304289986228
1971-11,171.43333333333334,5.144194464112761,-0.40106711019679686,,,,,,,-0.5000000000000004,0.8660254037844384,-0.4748835417723791
1971-12,106.06451612903226,4.664047551690924,-0.5117513529021434,125.2,31.0,-0.03344324056044673,,,,-2.4492935982947064e-16,1.0,-0.40106711019679686
1972-01,167.03225806451613,5.118186955826337,0.2710286889137059,,,,,,,0.49999999999999994,0.8660254037844387,-0.5117513529021434
1972-02,96.65517241379311,4.5711497211783145,-0.04421902910644793,49.3,29.0,-0.4273229872010481,,,,0.8660254037844386,0.5000000000000001,0.2710286889137059
1972-03,237.58064516129033,5.470507124411585,1.0475923226487227,241.6,31.0,1.797602479193868,,,,1.0,6.123233995736766e-17,-0.04421902910644793
1972-04,67.33333333333333,4.209655408733095,-0.3358203717081638,121.3,30.0,0.09219595114069869,0.8477892606805931,,,0.8660254037844387,-0.49999999999999983,1.0475923226487227
1972-05,111.2258064516129,4.711562427298437,-0.3447899807795256,,,,,,,0.49999999999999994,-0.8660254037844387,-0.3358203717081638
1972-06,149.96666666666667,5.010413047179017,-0.037354338338381865,,,,,,,1.2246467991473532e-16,-1.0,-0.3447899807795256
1972-07,96.3225806451613,4.5677027736139895,-0.5769511220825345,168.4,31.0,0.26696054894514015,,,,-0.4999999999999998,-0.8660254037844388,-0.037354338338381865
1972-08,152.83870967741936,5.029383180233585,-0.33246679233596854,178.9,31.0,-0.0966923005010954,,,,-0.8660254037844384,-0.5000000000000004,-0.5769511220825345
1972-09,145.0,4.976733742420574,-0.5202543106041473,152.4,30.0,-0.29821541687643394,-0.28492585992331293,,,-1.0,-1.8369701987210297e-16,-0.33246679233596854
1972-10,389.2258064516129,5.964159654515561,0.40367300121236926,283.9,31.0,0.8832243728236349,0.1104624218941605,,,-0.8660254037844386,0.5000000000000001,-0.5202543106041473
1972-11,110.36666666666666,4.703808155885091,-0.8414534184244671,99.5,30.0,-0.6736349132949538,-0.15580763445894324,,,-0.5000000000000004,0.8660254037844384,0.40367300121236926
1972-12,205.19354838709677,5.323953672193658,0.1481547676005901,229.6,31.0,1.0778392912786559,0.5615320540551407,0.10651220018599292,,-2.4492935982947064e-16,1.0,-0.8414534184244671
1973-01,111.16129032258064,4.710982212602729,-0.1361760543099022,40.2,31.0,-1.4477988201023715,-0.2687153479209881,-0.19171268138195646,,0.49999999999999994,0.8660254037844387,0.1481547676005901
1973-02,74.10714285714286,4.305511922489595,-0.30985682779516743,76.2,28.0,0.13441901236442763,0.10255335509080096,-0.05584662741246362,,0.8660254037844386,0.5000000000000001,-0.1361760543099022
1973-03,85.29032258064517,4.44606099648643,0.02314619472356849,,,,,,,1.0,6.123233995736766e-17,-0.30985682779516743
1973-04,51.06666666666667,3.9331319686383814,-0.6123438118028774,296.8,30.0,1.6181916155025253,,,,0.8660254037844387,-0.49999999999999983,0.02314619472356849
1973-05,121.51612903225806,4.8000470032068945,-0.25630540487106845,32.599999999999994,31.0,-1.824994196574562,,,,0.49999999999999994,-0.8660254037844387,-0.6123438118028774
1973-06,106.23333333333333,4.665637932755181,-0.3821294527622179,142.5,30.0,0.5080463207623436,0.3627540228010455,,,1.2246467991473532e-16,-1.0,-0.25630540487106845
1973-07,72.64516129032258,4.285586784774435,-0.8590671109220889,44.9,31.0,-1.5424674769136435,-1.1907591975023304,,,-0.4999999999999998,-0.8660254037844388,-0.3821294527622179
1973-08,300.80645161290323,5.70646704002687,0.3446170674573166,,,,,,,-0.8660254037844384,-0.5000000000000004,-0.8590671109220889
1973-09,184.0,5.214935757608986,-0.2820522954157356,95.0,30.0,-0.9888398286487498,,,,-1.0,-1.8369701987210297e-16,0.3446170674573166
1973-10,280.35483870967744,5.636056081952314,0.0755694286491222,91.1,31.0,-1.0652653065702118,,,,-0.8660254037844386,0.5000000000000001,-0.2820522954157356
1973-11,85.9,4.45318382899021,-1.0920777453193482,76.89999999999999,30.0,-0.9837622589945031,-2.0019223303773543,,,-0.5000000000000004,0.8660254037844384,0.0755694286491222
1973-12,63.38709677419355,4.149260319818215,-1.026538584774852,103.6,31.0,-0.33303155977770904,-1.3381018120326997,,,-2.4492935982947064e-16,1.0,-1.0920777453193482
1974-01,78.16129032258064,4.35877451633138,-0.48838375058125116,144.0,31.0,0.7085544189596543,-0.5564472669173541,,,0.49999999999999994,0.8660254037844387,-1.026538584774852
1974-02,50.75,3.926911617921897,-0.6884571323628657,28.4,28.0,-1.0222426742411257,-0.575709713659326,-1.762777950567714,,0.8660254037844386,0.5000000000000001,-0.48838375058125116
1974-03,60.03225806451613,4.0948820521571045,-0.32803274960575735,,,,,,,1.0,6.123233995736766e-17,-0.6884571323628657
1974-04,58.233333333333334,4.064457928471901,-0.48101785196935776,76.3,30.0,-0.5250684909369131,,,,0.8660254037844387,-0.49999999999999983,-0.32803274960575735
1974-05,33.70967741935484,3.517784959913765,-1.5385674481641978,89.9,31.0,-0.7522322474950047,,,,0.49999999999999994,-0.8660254037844387,-0.48101785196935776
1974-06,47.333333333333336,3.8572147689331513,-1.1905526165842475,59.4,30.0,-0.5310276783760202,-1.197088348585253,,,1.2246467991473532e-16,-1.0,-1.5385674481641978
1974-07,21.838709677419356,3.0836840684271287,-2.0609698272693953,113.9,31.0,-0.34538336983434387,-0.8917870088800225,,,-0.4999999999999998,-0.8660254037844388,-1.1905526165842475
1974-08,96.09677419354838,4.565355748228136,-0.7964942243414175,204.4,31.0,0.18157075093518646,-0.5151187733925231,,,-0.8660254037844384,-0.5000000000000004,-2.0609698272693953
1974-09,258.5,5.554895693948484,0.057907640923762216,166.5,30.0,-0.15736625611113506,-0.36508223894872,-1.067168510519823,,-1.0,-1.8369701987210297e-16,-0.7964942243414175
1974-10,721.3225806451613,6.581086444503,1.0205997911998077,327.1,31.0,1.1822402316618077,0.5067881144469947,-0.3466652969358893,,-0.8660254037844386,0.5000000000000001,0.057907640923762216
1974-11,604.2,6.403905268952571,0.8586436946430132,,,,,,,-0.5000000000000004,0.8660254037844384,1.0205997911998077
1974-12,230.0,5.438079308923196,0.2622804043301281,,6.0,,,,,-2.4492935982947064e-16,1.0,0.8586436946430132
1975-01,112.2258064516129,4.720512970666796,-0.12664529624583487,122.0,31.0,0.3759560238006091,,,,0.49999999999999994,0.8660254037844387,0.2622804043301281
1975-02,74.32142857142857,4.308399316218431,-0.3069694340663318,18.9,28.0,-1.3804830357541222,,,,0.8660254037844386,0.5000000000000001,-0.12664529624583487
1975-03,79.90322580645162,4.380816225004214,-0.04209857675864814,46.4,31.0,-0.7283241819493023,-0.9164706523623324,,,1.0,6.123233995736766e-17,-0.3069694340663318
1975-04,46.1,3.8308129500026027,-0.7146628304386562,70.3,30.0,-0.623725473657793,-1.6164920727743093,,,0.8660254037844387,-0.49999999999999983,-0.04209857675864814
1975-05,81.6774193548387,4.40277757877892,-0.6535748292990426,91.7,31.0,-0.7281828831743632,-1.5362088432370307,,,0.49999999999999994,-0.8660254037844387,-0.7146628304386562
1975-06,34.13333333333333,3.5302744239372976,-1.5174929615801012,59.699999999999996,30.0,-0.5259025036757999,-1.229800662471078,-1.6226207268466326,,1.2246467991473532e-16,-1.0,-0.6535748292990426
1975-07,49.32258064516129,3.898382001443916,-1.246271894252608,232.5,31.0,0.8357923868497449,-0.20638715924945658,-1.1000934075183437,,-0.4999999999999998,-0.8660254037844388,-1.5174929615801012
1975-08,70.0,4.248495242049359,-1.1133547305201938,254.8,31.0,0.6700027388589528,0.4192050093848526,-0.5192761903073397,,-0.8660254037844384,-0.5000000000000004,-1.246271894252608
1975-09,292.3333333333333,5.677894703704073,0.18090665067935152,293.4,30.0,0.8487451807515112,0.9951422310142115,0.009113078128787803,,-1.0,-1.8369701987210297e-16,-1.1133547305201938
1975-10,131.8709677419355,4.881823927398394,-0.6786627259047977,194.9,31.0,0.15731834410962564,0.709688944393436,0.18612220951273137,,-0.8660254037844386,0.5000000000000001,0.18090665067935152
1975-11,181.23333333333332,5.1997853354837655,-0.3454762388257926,197.4,30.0,0.31765349030645534,0.5886293808605195,0.5234805795487895,,-0.5000000000000004,0.8660254037844384,-0.6786627259047977
1975-12,437.7096774193548,6.081555853660807,0.9057569490677393,297.7,31.0,1.6350080143729744,0.8825872280554828,1.1932978318325722,0.12782345128000602,-2.4492935982947064e-16,1.0,-0.3454762388257926
1976-01,103.03225806451613,4.635042124289812,-0.2121161426228193,78.9,31.0,-0.41548205196725946,0.8099388121391193,0.9261939814126757,0.041727088933181354,0.49999999999999994,0.8660254037844387,0.9057569490677393
1976-02,150.75862068965517,5.015680019309955,0.40031126902519265,117.1,29.0,0.7804108913511435,1.2790159444423193,1.0896780335005747,0.3803763740745623,0.8660254037844386,0.5000000000000001,-0.2121161426228193
1976-03,122.80645161290323,4.810609551897351,0.3876947501344894,55.199999999999996,31.0,-0.527721898761328,-0.22786400487070974,0.678506176416253,0.3004254623846652,1.0,6.123233995736766e-17,0.40031126902519265
1976-04,124.93333333333334,4.827780261696158,0.28230448125489893,128.4,30.0,0.17520473849900625,0.0568543986690341,0.6264868206921895,0.519770127665437,0.8660254037844387,-0.49999999999999983,0.3876947501344894
1976-05,113.96774193548387,4.735915442873999,-0.3204369652039638,82.3,31.0,-0.8577256727731121,-0.9792094007108061,-0.058033131127492504,0.47235945624425696,0.49999999999999994,-0.8660254037844387,0.28230448125489893
1976-06,171.86666666666667,5.146718982396923,0.09895159687952404,112.3,30.0,0.19323241339974315,-0.48405725782485337,-0.6504314343732158,0.6150957592707886,1.2246467991473532e-16,-1.0,-0.3204369652039638
1976-07,109.61290322580645,4.696955097746731,-0.4476987979497933,35.8,31.0,-1.7906456128742287,-1.1152380508960174,-1.038899610983066,0.08644921633167774,-0.4999999999999998,-0.8660254037844388,0.09895159687952404
1976-08,152.29032258064515,5.0257887160611405,-0.3360612565084127,128.4,31.0,-0.7395804566611542,-1.220576275366576,-1.5249078328880379,-0.42073901681093107,-0.8660254037844384,-0.5000000000000004,-0.4476987979497933
1976-09,154.0,5.0369526024136295,-0.46003545061109197,148.29999999999998,30.0,-0.3408355452052168,-1.4457732046103757,-1.3910432746130295,-0.864997502481242,-1.0,-1.8369701987210297e-16,-0.3360612565084127
1976-10,284.6774193548387,5.651356677316351,0.09087002401315925,302.7,31.0,1.0167131997358267,-0.07193420942820271,-0.8904669429783316,-0.48559107438919236,-0.8660254037844386,0.5000000000000001,-0.46003545061109197
1976-11,125.73333333333333,4.8341632620911925,-0.7110983122183656,64.9,30.0,-1.1690653883412965,-0.26472782666042155,-0.925711349762671,-0.95130175503981,-0.5000000000000004,0.8660254037844384,0.09087002401315925
1976-12,163.90322580645162,5.099276167108585,-0.07652273748448213,92.6,31.0,-0.5007761388737675,-0.16495925628506256,-1.1705421162851142,-1.2358232965464113,-2.4492935982947064e-16,1.0,-0.7110983122183656
1977-01,73.90322580645162,4.302756477968349,-0.544401788944282,95.3,31.0,-0.08629832413378331,-1.0800330784379184,-0.7897844973364312,-1.2140792287487037,0.49999999999999994,0.8660254037844387,-0.07652273748448213
1977-02,53.67857142857143,3.9830138795777708,-0.6323548707069917,22.0,28.0,-1.2551941390744217,-1.3342362049871972,-0.7630846033672871,-1.6042528992768286,0.8660254037844386,0.5000000000000001,-0.544401788944282
1977-03,41.58064516129032,3.727634798454041,-0.6952800033088207,73.7,31.0,-0.1641622610372223,-0.8725299761779527,-0.665519416862394,-1.6173971862048826,1.0,6.123233995736766e-17,-0.6323548707069917
1977-04,51.5,3.9415818076696905,-0.6038939727715684,160.0,30.0,0.5125857493055045,-0.31838089138053455,-1.2005997013537812,-1.4319456920678484,0.8660254037844387,-0.49999999999999983,-0.6952800033088207
1977-05,132.06451612903226,4.883290561736088,-0.1730618463418745,185.5,31.0,0.22811984746464112,0.18226252716370667,-0.872062266514822,-1.1903463489069643,0.49999999999999994,-0.8660254037844387,-0.6038939727715684
1977-06,55.666666666666664,4.019381523748645,-1.0283858617687534,34.4,30.0,-1.034979353022847,-0.1344439736231155,-0.6678251159886506,-1.4269270954212525,1.2246467991473532e-16,-1.0,-0.1730618463418745
1977-07,60.645161290322584,4.105039851338849,-1.0396140443576751,120.3,31.0,-0.26432082738948337,-0.434685793328234,-0.7129515776801015,-1.0971577282280367,-0.4999999999999998,-0.8660254037844388,-1.0283858617687534
1977-08,198.29032258064515,5.289732232421863,-0.07211774014769023,230.0,31.0,0.43851778949248515,-0.4713983823327629,-0.31826583332347497,-1.0508841074031443,-0.8660254037844384,-0.5000000000000004,-1.0396140443576751
1977-09,365.4,5.900992643943907,0.40400459091918517,200.6,30.0,0.15267489544377486,-0.021185656656959553,-0.23277272822264947,-0.8478240389770233,-1.0,-1.8369701987210297e-16,-0.07211774014769023
1977-10,398.9032258064516,5.988718845633367,0.4282321923301753,117.89999999999999,31.0,-0.6823383389196938,-0.2355404223529202,-0.5992001192056503,-1.3927207320353012,-0.8660254037844386,0.5000000000000001,0.40400459091918517
1977-11,885.1666666666666,6.785775951194344,1.2405143768847857,420.4,30.0,1.74064809070603,0.8266804194282774,0.20181028305980878,-0.3148093688795945,-0.5000000000000004,0.8660254037844384,0.4282321923301753
1977-12,350.0967741935484,5.858209613960868,0.6824107093678009,,,,,,,-2.4492935982947064e-16,1.0,1.2405143768847857
1978-01,157.6451612903226,5.060346692785009,0.21318842587237796,37.5,31.0,-1.5433322909290346,,,,0.49999999999999994,0.8660254037844387,0.6824107093678009
1978-02,119.57142857142857,4.783913921434162,0.1685451711493995,76.9,28.0,0.1471644277071252,,,,0.8660254037844386,0.5000000000000001,0.21318842587237796
1978-03,163.90322580645162,5.099276167108585,0.6763613653457234,111.0,31.0,0.4194772154983534,-0.4895945753625783,,,1.0,6.123233995736766e-17,0.1685451711493995
1978-04,354.7,5.871272361779576,1.3257965813383175,228.8,30.0,1.1215843529651792,0.8765719017296189,,,0.8660254037844387,-0.49999999999999983,0.6763613653457234
1978-05,388.35483870967744,5.96191945444988,0.9055670463719174,127.69999999999999,31.0,-0.3047523672568712,0.4872025483657607,,,0.49999999999999994,-0.8660254037844387,1.3257965813383175
1978-06,197.5,5.285738584341177,0.23797119882377782,44.5,30.0,-0.810064046954715,-0.013834635221394878,-0.3838985964509313,,1.2246467991473532e-16,-1.0,0.9055670463719174
1978-07,193.4516129032258,5.265027418683363,0.12037352298683945,116.39999999999999,31.0,-0.3133550481142006,-0.7318156498125665,-0.2136232532279265,,-0.4999999999999998,-0.8660254037844388,0.23797119882377782
1978-08,242.58064516129033,5.49133421245874,0.12948423988918645,129.5,31.0,-0.7238695040035007,-1.1140662171403852,-0.508704847869964,,-0.8660254037844384,-0.5000000000000004,0.12037352298683945
1978-09,147.53333333333333,4.994054138948839,-0.5029339140758822,116.8,30.0,-0.6990172779676921,-1.0954799358999467,-0.850765556700165,,-1.0,-1.8369701987210297e-16,0.12948423988918645
1978-10,1531.483870967742,7.33399239469125,1.7735057413880577,240.1,31.0,0.5482444420300199,-0.5841773819300952,-1.025117572843524,,-0.8660254037844386,0.5000000000000001,-0.5029339140758822
1978-11,380.7,5.942011663388452,0.39675008907889353,151.0,30.0,-0.0998517883392152,-0.3093127102351931,-0.903055185033821,,-0.5000000000000004,0.8660254037844384,1.7735057413880577
1978-12,140.16129032258064,4.942793833214346,-0.23300507137872106,108.4,31.0,-0.2632915249600717,0.03565409887056902,-0.8023538862092235,-0.8418925550489873,-2.4492935982947064e-16,1.0,0.39675008907889353
1979-01,108.45161290322581,4.686304109483415,-0.16085415742921594,108.9,31.0,0.15865567508172562,-0.2748714048768288,-0.697003011992395,-0.661129429631628,0.49999999999999994,0.8660254037844387,-0.23300507137872106
1979-02,75.07142857142857,4.318440041261693,-0.2969287090230699,260.9,28.0,2.2966607647466426,1.1674447432998876,0.37124110211615674,-0.13312503928812316,0.8660254037844386,0.5000000000000001,-0.16085415742921594
1979-03,48.54838709677419,3.8825609726978296,-0.5403538290650323,,,,,,,1.0,6.123233995736766e-17,-0.2969287090230699
1979-04,42.1,3.7400477406883357,-0.8054280397529232,96.7,30.0,-0.222395151718239,,,,0.8660254037844387,-0.49999999999999983,-0.5403538290650323
1979-05,317.4516129032258,5.760325406413839,0.7039729983358765,422.4,31.0,1.6726582442536821,,,,0.49999999999999994,-0.8660254037844387,-0.8054280397529232
1979-06,1283.4666666666667,7.15732002932079,2.109552643803391,188.39999999999998,30.0,0.9129329134343522,1.3959675478866715,,,1.2246467991473532e-16,-1.0,0.7039729983358765
1979-07,639.7741935483871,6.461115291516542,1.316461395820018,184.89999999999998,31.0,0.4253855989447914,1.384283405156712,,,-0.4999999999999998,-0.8660254037844388,2.109552643803391
1979-08,949.2258064516129,6.855646711772746,1.4937967392031926,362.1,31.0,1.5307776329946636,1.2546832149938494,,,-0.8660254037844384,-0.5000000000000004,1.316461395820018
1979-09,764.0,6.638567789166521,1.1415797361417992,263.5,30.0,0.6426674241579378,1.1117746152863597,1.481575826112078,,-1.0,-1.8369701987210297e-16,1.4937967392031926
1979-10,532.258064516129,6.277128455403526,0.7166418021003338,48.5,31.0,-1.8924145092954163,0.39574328461467667,1.1413652599486936,,-0.8660254037844386,0.5000000000000001,1.1415797361417992
1979-11,392.03333333333336,5.971346870188881,0.4260852958793233,288.7,30.0,0.9836896612842022,0.1815993627804053,0.811425920685758,,-0.5000000000000004,0.8660254037844384,0.7166418021003338
1979-12,292.2258064516129,5.677526813184142,0.5017279085910742,221.9,31.0,1.0085893118294715,0.3206621149009045,0.9058785006682972,,-2.4492935982947064e-16,1.0,0.4260852958793233
1980-01,96.6774193548387,4.571379862831517,-0.2757784040811142,94.2,31.0,-0.10711537177715776,0.9488607972199705,0.8080656400163461,,0.49999999999999994,0.8660254037844387,0.5017279085910742
1980-02,105.58620689655173,4.659527746231155,0.04415899594639239,115.3,29.0,0.7553468415888831,0.8155921628938825,0.5500830855239446,,0.8660254037844386,0.5000000000000001,-0.2757784040811142
1980-03,114.06451612903226,4.736764219272388,0.3138494175095259,87.3,31.0,0.066946801174638,0.19351651805462158,0.31590960389073197,1.329252640418866,1.0,6.123233995736766e-17,0.04415899594639239
1980-04,99.26666666666667,4.597809831581799,0.052334051140539906,138.5,30.0,0.2883367971100145,0.36286885055663615,0.9183937012422698,1.4912087265660414,0.8660254037844387,-0.49999999999999983,0.3138494175095259
1980-05,443.3225806451613,6.094297678069705,1.0379452699917424,283.8,31.0,0.9216404138625434,0.7364531472950625,0.930762532608374,1.1840132023282082,0.49999999999999994,-0.8660254037844387,0.052334051140539906
1980-06,103.16666666666667,4.636345803456541,-0.411421582060858,81.4,30.0,-0.19260529943920232,0.5194833650477345,0.409548624216307,0.9277494388597873,1.2246467991473532e-16,-1.0,1.0379452699917424
1980-07,258.7096774193548,5.5557064963754135,0.4110526006788895,90.9,31.0,-0.665752382013629,0.1349865654419545,0.16686353686010966,0.6541107298407958,-0.4999999999999998,-0.8660254037844388,-0.411421582060858
1980-08,84.19354838709677,4.4331182958315924,-0.9287316767379608,98.39999999999999,31.0,-1.2099051426041507,-1.2661274195823617,-0.4150221864514328,-0.1399055230150642,-0.8660254037844384,-0.5000000000000004,0.4110526006788895
1980-09,104.96666666666667,4.653642839438869,-0.8433452135858523,286.6,30.0,0.8031214821871576,-0.41375910291944223,-0.06661833111828655,-0.06804656495977064,-1.0,-1.8369701987210297e-16,-0.9287316767379608
1980-10,192.3548387096774,5.25934178463796,-0.30114486866523205,145.7,31.0,-0.34489584333611895,-0.3326182341147755,-0.2605742928215568,0.2173746827496446,-0.8660254037844386,0.5000000000000001,-0.8433452135858523
1980-11,141.26666666666668,4.950649357166089,-0.5946122171434691,56.4,30.0,-1.3103662568870122,-0.41828672864158967,-1.0546121984434198,-0.4757322325574331,-0.5000000000000004,0.8660254037844384,-0.30114486866523205
1980-12,247.58064516129033,5.511736367970252,0.3359374633771841,109.8,31.0,-0.24331525910868373,-1.0485543988695396,-1.106446204601504,-0.5797717470685446,-2.4492935982947064e-16,1.0,-0.5946122171434691
1981-01,168.16129032258064,5.124923580282959,0.2777653133703284,117.4,31.0,0.3015015621373035,-0.8439547477286797,-0.8648240215034367,-0.5242516913340253,0.49999999999999994,0.8660254037844387,0.3359374633771841
1981-02,75.17857142857143,4.319866235941278,-0.2955025143434842,71.7,28.0,0.05061647721478638,-0.34221795124358934,-0.47168742161758087,-0.6415908915808102,0.8660254037844386,0.5000000000000001,0.2777653133703284
1981-03,43.32258064516129,3.7686739920380914,-0.6542408097247705,144.20000000000002,31.0,0.8397111205901607,0.5006367081900782,-0.6972473947512875,-0.5642572872685235,1.0,6.123233995736766e-17,-0.2955025143434842
1981-04,148.4,4.99991133073328,0.454435550292021,175.7,30.0,0.6643838571029168,0.7133454838523495,-0.2859086722767258,-0.38230894521814174,0.8660254037844387,-0.49999999999999983,-0.6542408097247705
1981-05,538.9354838709677,6.289595867772632,1.2332434596946689,356.0,31.0,1.3361616691482303,1.6073724711834363,1.100729030923301,-0.233419918321692,0.49999999999999994,-0.8660254037844387,0.454435550292021
1981-06,431.6,6.0674992333839795,1.0197318478665807,65.8,30.0,-0.4251421862033689,0.9469561184547499,0.9310019225451528,-0.2643793551841226,1.2246467991473532e-16,-1.0,1.2332434596946689
1981-07,344.80645161290323,5.8429832497888,0.6983293540922757,156.8,31.0,0.14929389437020546,0.6396666061926858,0.810575731801859,-0.0804822592074795,-0.4999999999999998,-0.8660254037844388,1.0197318478665807
1981-08,204.09677419354838,5.318594264661738,-0.0432557079078153,112.8,31.0,-0.9732003306890435,-0.7918510386031377,0.4597912893345647,-0.1811460923108063,-0.8660254037844384,-0.5000000000000004,0.6983293540922757
1981-09,159.96666666666667,5.07496546019609,-0.42202259282863164,84.60000000000001,30.0,-1.144059696224219,-1.1523061912319819,-0.1609133574055763,-0.799751439557105,-1.0,-1.8369701987210297e-16,-0.0432557079078153
1981-10,103.48387096774194,4.639415764501259,-0.9210708888019328,156.0,31.0,-0.23117702482666216,-1.4491046080620114,-0.4467720301422364,-0.7186443720116605,-0.8660254037844386,0.5000000000000001,-0.42202259282863164
1981-11,71.06666666666666,4.26361840362358,-1.281643170685978,223.7,30.0,0.5267372259031254,-0.561043255639201,-0.8976959823283862,-0.2486836507502952,-0.5000000000000004,0.8660254037844384,-0.9210708888019328
1981-12,413.03225806451616,6.023525696604607,0.8477267920115397,351.4,31.0,2.020448009283589,1.0444511930247022,0.014273064982181942,0.43394705649882787,-2.4492935982947064e-16,1.0,-1.281643170685978
1982-01,174.41935483870967,5.161462484896859,0.3143042179842279,25.5,31.0,-2.042458812345723,0.9301920093943896,-0.306206120066146,0.24941770241520586,0.49999999999999994,0.8660254037844387,0.8477267920115397
1982-02,213.21428571428572,5.362297696211444,0.7469289459266815,109.0,28.0,0.6656061593831057,1.2231587493975788,0.2277875546030935,0.4495078808382646,0.8660254037844386,0.5000000000000001,0.3143042179842279
1982-03,103.48387096774194,4.639415764501259,0.21650096273839736,56.3,31.0,-0.504095953258685,-0.874890036505189,0.598427003919571,0.11918233497465161,1.0,6.123233995736766e-17,0.7469289459266815
1982-04,57.266666666666666,4.047718720882045,-0.49775705955921357,71.1,30.0,-0.6102743947186587,-0.49309104305364093,0.4655534004656778,-0.08586970323576076,0.8660254037844387,-0.49999999999999983,0.21650096273839736
1982-05,333.5806451612903,5.8098846506998285,0.7535322426218656,303.0,31.0,1.0378847998944212,0.2549686201869671,0.8040053529819158,-0.2857684836797334,0.49999999999999994,-0.8660254037844387,-0.49775705955921357
1982-06,180.43333333333334,5.195361365134823,0.14759397961742415,25.299999999999997,30.0,-1.2744652692998042,-0.022828794071184755,-0.5670485310423217,-0.38867192453163596,1.2246467991473532e-16,-1.0,0.7535322426218656
1982-07,262.38709677419354,5.569820881982023,0.4251669862854994,254.8,31.0,1.0093288896422572,0.6568005942347962,0.2547264909677875,-0.10970996831830049,-0.4999999999999998,-0.8660254037844388,0.14759397961742415
1982-08,170.29032258064515,5.13750476033847,-0.22434521223108295,198.5,31.0,0.1193513462331801,0.06896611490899397,0.09086372009314742,0.0014920280167248221,-0.8660254037844384,-0.5000000000000004,0.4251669862854994
1982-09,385.9,5.955578268543573,0.4585902155188517,152.4,30.0,-0.29821541687643394,0.24349135749700238,0.018004715717325707,0.19560768898170725,-1.0,-1.8369701987210297e-16,-0.22434521223108295
1982-10,270.1290322580645,5.598899742093942,0.038413088790750116,39.599999999999994,31.0,-2.130836027040407,-1.1879344502376439,-0.3047745886312597,-0.12037827026114434,-0.8660254037844386,0.5000000000000001,0.4585902155188517
1982-11,342.23333333333335,5.835492765636809,0.2902311913272513,146.3,30.0,-0.14651512534421166,-1.3941578899323213,-0.8323720009694927,-0.3744274610959851,-0.5000000000000004,0.8660254037844384,0.038413088790750116
1982-12,225.4516129032258,5.418105558991983,0.24230665439891563,151.3,31.0,0.2876452365054562,-0.8799003894192672,-0.4920864731141724,-0.7234729121063482,-2.4492935982947064e-16,1.0,0.2902311913272513
1983-01,152.80645161290323,5.029172098438606,0.18201383152597472,24.599999999999998,31.0,-2.08650281808179,-0.5719323237096936,-1.3136394482947589,-0.7362899933577453,0.49999999999999994,0.8660254037844387,0.24230665439891563
1983-02,73.53571428571429,4.297771196852586,-0.31759755343217666,16.700000000000003,28.0,-1.4749056584190394,-1.5596384088406192,-1.8112360240481773,-1.035907932101164,0.8660254037844386,0.5000000000000001,0.18201383152597472
1983-03,147.16129032258064,4.991529198359187,0.5686143965963248,48.199999999999996,31.0,-0.6854817029973054,-2.4028271791851865,-2.0246656811051453,-1.1447874176637547,1.0,6.123233995736766e-17,-0.31759755343217666
1983-04,107.43333333333334,4.676870500153282,0.13139471971202354,146.3,30.0,0.37211983550400296,-0.7365486379481615,-1.0520880993006831,-0.8354207197501203,0.8660254037844387,-0.49999999999999983,0.5686143965963248
1983-05,185.58064516129033,5.223489532378148,0.16713712430018468,204.2,31.0,0.37605303504751747,0.045759204055444605,-1.1290030584725002,-1.2340868391591893,0.49999999999999994,-0.8660254037844387,0.13139471971202354
1983-06,243.16666666666666,5.493747079294731,0.44597969377733193,46.3,30.0,-0.7734457918186052,-0.03749602599311726,-1.1393375629456006,-1.1438261291360448,1.2246467991473532e-16,-1.0,0.16713712430018468
1983-07,425.2903225806452,6.0527720476641065,0.9081181519675825,211.7,31.0,0.66393236758158,0.16211702712369308,-0.35345938116590947,-1.2279087080932287,-0.4999999999999998,-0.8660254037844388,0.44597969377733193
1983-08,401.2903225806452,5.994685161808024,0.6328351892384712,270.6,31.0,0.8098726799702488,0.32798928770394076,0.15881632815839353,-1.2991021582461444,-0.8660254037844384,-0.5000000000000004,0.9081181519675825
1983-09,202.2,5.309257306586371,-0.18773074643835042,55.7,30.0,-1.664194302851133,-0.0860287773984522,-0.2189364472512002,-1.5981849518601625,-1.0,-1.8369701987210297e-16,0.6328351892384712
1983-10,128.1290322580645,4.8530378206799165,-0.7074488326232755,219.4,31.0,0.375869085141113,-0.25066892487110254,-0.19073948292580067,-0.9233814353389361,-0.8660254037844386,0.5000000000000001,-0.18773074643835042
1983-11,486.43333333333334,6.18709985900559,0.641838284696032,150.7,30.0,-0.10280238287955776,-0.7970666549268484,-0.34109412270057693,-0.9721588125519472,-0.5000000000000004,0.8660254037844384,-0.7074488326232755
1983-12,141.09677419354838,4.9494459967515665,-0.22635290784150097,139.29999999999998,31.0,0.14479965147509835,0.08451036205047967,-0.11591396544141741,-0.7218922674500742,-2.4492935982947064e-16,1.0,0.641838284696032
1984-01,112.03225806451613,4.718786848258928,-0.12837141865370327,74.0,31.0,-0.5228500591098861,-0.3014722045259801,-0.47697683552392184,-0.599362074169687,0.49999999999999994,0.8660254037844387,-0.22635290784150097
1984-02,290.82758620689657,5.672730604320031,1.0573618540352685,171.9,29.0,1.4495606047736438,0.4427960345940509,-0.36539353941271074,-0.14902976179725316,0.8660254037844386,0.5000000000000001,-0.12837141865370327
1984-03,67.83870967741936,4.217132971217554,-0.20578183054530808,54.8,31.0,-0.5363868439164428,0.2274879518713628,0.11125595522811252,-0.22619751264918556,1.0,6.123233995736766e-17,1.0573618540352685
1984-04,44.36666666666667,3.792488436732956,-0.7529873437083028,15.5,30.0,-1.8663835038775738,-0.43959810012290246,-0.6434609684384177,-0.5191751381681098,0.8660254037844387,-0.49999999999999983,-0.20578183054530808
1984-05,83.0,4.418840607796598,-0.6375118002813647,210.2,31.0,0.42160526063914033,-0.851383858467532,-0.6330851772398275,-0.567947393242888,0.49999999999999994,-0.8660254037844387,-0.7529873437083028
1984-06,318.8333333333333,5.764668500212198,0.7169011146947994,81.4,30.0,-0.19260529943920232,-0.5891870978311461,-0.47708090016832366,-0.44795815107458387,1.2246467991473532e-16,-1.0,-0.6375118002813647
1984-07,176.25806451612902,5.17194919676548,0.027295301068956057,151.3,31.0,0.09146201846563977,0.07543691571539018,-0.3016632098252948,-0.6025588921844786,-0.4999999999999998,-0.8660254037844388,0.7169011146947994
1984-08,110.03225806451613,4.700773577933499,-0.661076394636054,104.4,31.0,-1.108493453436775,-0.7802808218290515,-1.1430912046482589,-1.4042867491424502,-0.8660254037844384,-0.5000000000000004,0.027295301068956057
1984-09,343.8,5.8400600929487485,0.343072039924027,353.3,30.0,1.2239841779699914,0.2589116305751133,-0.2839674044338314,-0.394769886790186,-1.0,-1.8369701987210297e-16,-0.661076394636054
1984-10,267.35483870967744,5.588576760014118,0.028090106710926044,189.9,31.0,0.11049479172642529,0.26952862642409053,0.0735787834886098,-0.44947131267102514,-0.8660254037844386,0.5000000000000001,0.343072039924027
1984-11,944.0,6.8501261661455,1.3048645918359423,204.3,30.0,0.37415336609663524,0.8640972582046457,0.08179837913828378,-0.32212289030090824,-0.5000000000000004,0.8660254037844384,0.028090106710926044
1984-12,177.1290322580645,5.176878462793726,0.0010795582006588589,179.5,31.0,0.5970133840683239,0.38736976801140666,0.33548642498804776,-0.08045395642369005,-2.4492935982947064e-16,1.0,1.3048645918359423
1985-01,102.03225806451613,4.625289018820503,-0.22186924809212805,82.3,31.0,-0.34364621303914755,0.2807158593670655,0.2685643918349687,-0.04993472633247615,0.49999999999999994,0.8660254037844387,0.0010795582006588589
1985-02,74.0,4.30406509320417,-0.31130365708059227,94.1,28.0,0.43926721577279293,0.19080510136119358,0.8171757285811583,-0.19751677504911533,0.8660254037844386,0.5000000000000001,-0.22186924809212805
1985-03,139.6451612903226,4.939104642956835,0.5161898411939729,140.0,31.0,0.7902194668310749,0.36135959558495373,0.4640357651968611,-0.059642876411776645,1.0,6.123233995736766e-17,-0.31130365708059227
1985-04,226.43333333333334,5.422450567529147,0.8769747870878879,71.1,30.0,-0.6102743947186587,0.0922471001691756,0.17322576802993464,0.1616648761909183,0.8660254037844387,-0.49999999999999983,0.5161898411939729
1985-05,863.3548387096774,6.760825775417561,1.704473367339598,192.2,31.0,0.2822165045131456,0.0767896967118486,-0.060378640055595,0.07429489177762827,0.49999999999999994,-0.8660254037844387,0.8769747870878879
1985-06,96.33333333333333,4.567814399444322,-0.47995298607307646,282.2,30.0,1.5780107323688655,0.7158933880014755,0.6617193181310006,0.6143316241399915,1.2246467991473532e-16,-1.0,1.704473367339598
1985-07,149.7741935483871,5.009128783534775,-0.13552511216174867,119.99999999999999,31.0,-0.2680536694888827,0.6994482008072235,0.5578428623371181,0.5019886862523648,-0.4999999999999998,-0.8660254037844388,-0.47995298607307646
1985-08,110.06451612903226,4.701066704126424,-0.6607832684431294,190.1,31.0,0.028597962072767602,0.6354589865651737,0.40483238653721726,0.691101915093001,-0.8660254037844384,-0.5000000000000004,-0.13552511216174867
1985-09,377.03333333333336,5.932333600869225,0.43534554784450386,256.7,30.0,0.5936952133841126,0.05735317585289353,0.35887953306375564,0.4066755512277786,-1.0,-1.8369701987210297e-16,-0.6607832684431294
1985-10,1241.0,7.123672785204607,1.563186131901415,351.2,31.0,1.3381543416066197,0.9460555827324123,0.9396463155926817,0.8194678678304609,-0.8660254037844386,0.5000000000000001,0.43534554784450386
1985-11,402.56666666666666,5.9978607146132195,0.45259914030366133,237.8,30.0,0.6324022704465428,1.2727430110316966,1.081231621391768,0.938505751711053,-0.5000000000000004,0.8660254037844384,1.563186131901415
1985-12,151.6451612903226,5.021543326538985,-0.15425557805408285,45.1,31.0,-1.3973704977902415,0.6520195796702978,0.3935385149618662,0.5355921165506456,-2.4492935982947064e-16,1.0,0.45259914030366133
1986-01,128.09677419354838,4.852786026646105,0.005627759733473958,72.0,31.0,-0.5680839391977309,-0.35847755558366623,0.4011329852118175,0.5425589058842626,0.49999999999999994,0.8660254037844387,-0.15425557805408285
1986-02,80.92857142857143,4.393566931412748,-0.22180181887201478,40.9,28.0,-0.6428486876769797,-2.0571228042287184,0.4403064864193412,0.5463216374351229,0.8660254037844386,0.5000000000000001,0.005627759733473958
1986-03,79.12903225806451,4.371079839773343,-0.051834961989518646,57.8,31.0,-0.472345000527503,-1.121374962147332,0.08708050262816831,0.23233073638820587,1.0,6.123233995736766e-17,-0.22180181887201478
1986-04,159.96666666666667,5.07496546019609,0.529489679754831,134.1,30.0,0.23972804621830193,-0.5267455241562811,-0.7439823958951896,0.46558778373314186,0.8660254037844387,-0.49999999999999983,-0.051834961989518646
1986-05,564.8064516129032,6.33648310894117,1.2801307008632072,291.5,31.0,0.9688474475021055,0.5830070219089145,-0.790723569214117,0.696748165139139,0.49999999999999994,-0.8660254037844387,0.529489679754831
1986-06,194.53333333333333,5.270603527980521,0.22283614246312222,40.9,30.0,-0.886206300835323,0.33545226293862057,-0.3306480966300491,0.06966562804256467,1.2246467991473532e-16,-1.0,1.2801307008632072
1986-07,96.51612903225806,4.569710134609221,-0.5749437610873027,109.4,31.0,-0.40427567105054707,0.07042112063614472,-0.3481191352107922,0.03263014465565243,-0.4999999999999998,-0.8660254037844388,0.22283614246312222
1986-08,192.16129032258064,5.258335073143541,-0.10351489942601244,190.6,31.0,0.03407428805598845,-0.7545624069668118,-0.23615995661156383,-0.09250478754501266,-0.8660254037844384,-0.5000000000000004,-0.5749437610873027
1986-09,110.0,4.700480365792417,-0.7965076872323049,44.4,30.0,-1.9234888171526727,-1.2190123123450332,-0.6675960806244786,-0.739526676505916,-1.0,-1.8369701987210297e-16,-0.10351489942601244
1986-10,110.96774193548387,4.709239545882298,-0.8512471074208943,123.8,31.0,-0.6064484076741474,-1.409939375627663,-0.9256725478404123,-1.4227705542133253,-0.8660254037844386,0.5000000000000001,-0.7965076872323049
1986-11,358.7,5.882486384538237,0.3372248102286788,221.6,30.0,0.5106393204219938,-1.0313864853926122,-1.1698845271371718,-1.5711482036181708,-0.5000000000000004,0.8660254037844384,-0.8512471074208943
1986-12,141.83870967741936,4.954690564695664,-0.22110833989740364,72.6,31.0,-0.8395213452265862,-0.39368258604173256,-1.2147584682947241,-1.0861539959006437,-2.4492935982947064e-16,1.0,0.3372248102286788
1987-01,133.70967741935485,4.895670863084249,0.048512596171618405,68.4,31.0,-0.6517469084650617,-0.31017885516689525,-1.2735490989712377,-1.1185493279503154,0.49999999999999994,0.8660254037844387,-0.22110833989740364
1987-02,154.82142857142858,5.042272379039439,0.42690362875467613,113.8,28.0,0.7342691843625805,-0.803917951744179,-1.1728567511908965,-0.9445503497602088,0.8660254037844386,0.5000000000000001,0.048512596171618405
1987-03,68.64516129032258,4.228950645976389,-0.19396415578647286,102.0,31.0,0.2919159347461997,0.08168737803973039,-0.4035106986908569,-0.894146940982475,1.0,6.123233995736766e-17,0.42690362875467613
1987-04,92.56666666666666,4.5279291056446445,-0.017546674796614425,337.59999999999997,30.0,1.8828123580124094,1.6692917120655484,0.7976283198196554,-0.22949368827789204,0.8660254037844387,-0.49999999999999983,-0.19396415578647286
1987-05,182.51612903225808,5.206838547376367,0.15048613929840382,,,,,,,0.49999999999999994,-0.8660254037844387,-0.017546674796614425
1987-06,494.96666666666664,6.204490420233906,1.1567230347165074,274.7,30.0,1.5304335120063106,,,,1.2246467991473532e-16,-1.0,0.15048613929840382
1987-07,188.7741935483871,5.240551557654869,0.09589766195834493,73.1,31.0,-0.9554225116274697,,,,-0.4999999999999998,-0.8660254037844388,1.1567230347165074
1987-08,123.51612903225806,4.816371746992148,-0.5454782255774049,159.9,31.0,-0.3219429228326835,0.2217902126816172,,,-0.8660254037844384,-0.5000000000000004,0.09589766195834493
1987-09,101.86666666666666,4.623664768624256,-0.8733232844004659,145.1,30.0,-0.37466530118375985,-0.9948325049386673,,,-1.0,-1.8369701987210297e-16,-0.5454782255774049
1987-10,258.258064516129,5.553959335067373,-0.006527318235819202,118.0,29.0,-0.6810302833138926,-0.9729335304132675,,,-0.8660254037844386,0.5000000000000001,-0.8733232844004659
1987-11,1130.5333333333333,7.030444776761739,1.4851832024521805,392.09999999999997,30.0,1.592062727102344,0.44663165911638075,0.3199744947875653,,-0.5000000000000004,0.8660254037844384,-0.006527318235819202
1987-12,713.6451612903226,6.57038586582484,1.3945869612317727,200.2,31.0,0.8048619425126344,0.9632948587401071,0.024786297054988214,,-2.4492935982947064e-16,1.0,1.4851832024521805
1988-01,250.93548387096774,5.525195869721628,0.6780376028089972,122.4,31.0,0.38234190928085593,1.4101971189760696,0.3500889888553453,,0.49999999999999994,0.8660254037844387,1.3945869612317727
1988-02,171.48275862068965,5.144482728728264,0.5291139784435019,134.7,29.0,1.013521848373648,1.013222216270981,0.8504396890732324,,0.8660254037844386,0.5000000000000001,0.6780376028089972
1988-03,86.74193548387096,4.462937451783718,0.040022650020856254,117.6,31.0,0.5088548330349394,0.8232344463353793,1.243710890060175,,1.0,6.123233995736766e-17,0.5291139784435019
1988-04,59.333333333333336,4.083171261623976,-0.46230451881728296,246.20000000000002,30.0,1.256588645396025,1.3679723489008206,1.9015613205363064,,0.8660254037844387,-0.49999999999999983,0.040022650020856254
1988-05,65.06451612903226,4.175379333469065,-0.8809730746088977,127.8,31.0,-0.3037000911006622,0.6316067624632097,0.9708424349499749,0.7786322141271923,0.49999999999999994,-0.8660254037844387,-0.46230451881728296
1988-06,111.3,4.712229258281499,-0.3355381272358997,128.3,30.0,0.3660280483499228,0.5127228347940603,0.7219106086641212,0.4099485624544678,1.2246467991473532e-16,-1.0,-0.8809730746088977
1988-07,365.2903225806452,5.900692441746644,0.75603854605012,161.6,31.0,0.1986655286532747,-0.04163760025790273,0.6184082005848721,0.6006870546506858,-0.4999999999999998,-0.8660254037844388,-0.3355381272358997
1988-08,486.6774193548387,6.187601520354928,0.8257515477853747,313.09999999999997,31.0,1.1615438101153268,0.6849391963668033,0.7423478906492885,0.9849499037495721,-0.8660254037844384,-0.5000000000000004,0.75603854605012
1988-09,453.6,6.117215752413542,0.6202276993888205,284.4,30.0,0.7882108228627949,0.9087816445527412,0.798558553969071,1.3081783421920816,-1.0,-1.8369701987210297e-16,0.8257515477853747
1988-10,251.06451612903226,5.525709942474242,-0.034776710828950286,137.29999999999998,31.0,-0.4417859565143703,0.672968405557433,0.2633165058746613,1.3121199720142611,-0.8660254037844386,0.5000000000000001,0.6202276993888205
1988-11,455.43333333333334,6.121249346676333,0.5759877723667746,142.1,30.0,-0.18902962562792394,-0.007062111983606394,0.3315553102829362,0.7222099826763817,-0.5000000000000004,0.8660254037844384,-0.034776710828950286
1988-12,194.58064516129033,5.270846705202646,0.09504780060957874,131.9,31.0,0.05276315414465414,-0.4314181939967719,0.2959172140359608,0.5022429667477553,-2.4492935982947064e-16,1.0,0.5759877723667746
1989-01,139.70967741935485,4.9395665367294805,0.09240826981684958,91.6,31.0,-0.1569815292980276,-0.2915494906942093,0.22288292762570058,0.4617872188576153,0.49999999999999994,0.8660254037844387,0.09504780060957874
1989-02,272.4642857142857,5.607507543915025,0.9921387936302626,126.2,28.0,0.9035156593463359,0.13573080966733303,0.07736284227843332,0.5686861741142429,0.8660254037844386,0.5000000000000001,0.09240826981684958
1989-03,306.16129032258067,5.724112055645346,1.301197253882484,90.3,31.0,0.11473932850180321,0.29115020038339606,-0.3180536693613305,0.39498269667408586,1.0,6.123233995736766e-17,0.9921387936302626
1989-04,133.5,4.894101477840304,0.34862569739904536,88.19999999999999,30.0,-0.3430174236208225,0.08833187440680365,-0.31046349443483384,0.058662294959901995,0.8660254037844387,-0.49999999999999983,1.301197253882484
1989-05,104.29032258064517,4.647178573240287,-0.40917383483767633,76.0,31.0,-0.9505904354770496,-1.0824352378294546,-1.040091733789927,-0.12868609324378336,0.49999999999999994,-0.8660254037844387,0.34862569739904536
1989-06,107.86666666666666,4.680895896516227,-0.3668714890011717,253.7,30.0,1.3927999913961568,0.07972964550495383,0.08574227101545918,0.2273890950596869,1.2246467991473532e-16,-1.0,-0.40917383483767633
1989-07,118.61290322580645,4.775865276816126,-0.36878861888039793,182.5,31.0,0.402939990134948,0.3759961938679157,0.24456487989897316,0.26325090364404996,-0.4999999999999998,-0.8660254037844388,-0.3668714890011717
1989-08,156.83870967741936,5.055217950390922,-0.30663202217863095,156.2,31.0,-0.3678954229626496,0.6359241215054664,-0.14677944105643437,-0.29990780427553865,-0.8660254037844384,-0.5000000000000004,-0.36878861888039793
1989-09,700.5333333333333,6.5518419497032205,1.054853896678499,,15.0,,,,,-1.0,-1.8369701987210297e-16,-0.30663202217863095
1989-10,167.3548387096774,5.1201163409511885,-0.4403703123520035,,11.0,,,,,-0.8660254037844386,0.5000000000000001,1.054853896678499
1989-11,81.73333333333333,4.4034619153939465,-1.1417996589156116,89.0,30.0,-0.8120293553693483,,,,-0.5000000000000004,0.8660254037844384,-0.4403703123520035
1989-12,48.645161290322584,3.8845523440827554,-1.291246560510312,50.4,31.0,-1.2807027800602393,,,,-2.4492935982947064e-16,1.0,-1.1417996589156116
1990-01,65.54838709677419,4.1827886042132265,-0.6643696626994045,81.2,31.0,-0.36666098927140095,-1.3494374206727568,,,0.49999999999999994,0.8660254037844387,-1.291246560510312
1990-02,73.28571428571429,4.294365696115456,-0.3210030541693065,,,,,,,0.8660254037844386,0.5000000000000001,-0.6643696626994045
1990-03,77.35483870967742,4.348403131102313,-0.07451167066054865,142.6,28.0,0.8209664457154354,,,,1.0,6.123233995736766e-17,-0.3210030541693065
1990-04,42.96666666666667,3.760424621277032,-0.7850511591642269,92.8,30.0,-0.2768581359742313,,,,0.8660254037844387,-0.49999999999999983,-0.07451167066054865
1990-05,57.096774193548384,4.0447476210827285,-1.0116047869952345,65.7,31.0,-1.115166303652134,-0.6785937025896435,,,0.49999999999999994,-0.8660254037844387,-0.7850511591642269
1990-06,124.26666666666667,4.822429794143327,-0.22533759137407205,91.69999999999999,30.0,-0.054731281043569446,-0.9994065405608383,,,1.2246467991473532e-16,-1.0,-1.0116047869952345
1990-07,103.25806451612904,4.637231335484717,-0.5074225602118068,83.2,31.0,-0.7856354122214398,-1.043476464415708,,,-0.4999999999999998,-0.8660254037844388,-0.22533759137407205
1990-08,161.7741935483871,5.08620149591089,-0.2756484766586631,93.3,31.0,-1.2996084044898915,-1.2859725394139168,-1.3843426022605327,,-0.8660254037844384,-0.5000000000000004,-0.5074225602118068
1990-09,87.06666666666666,4.466674108734166,-1.0303139442905556,148.5,30.0,-0.33873789520012265,-1.3550697430217453,-1.671628933244921,,-1.0,-1.8369701987210297e-16,-0.2756484766586631
1990-10,575.2258064516129,6.354762670580558,0.7942760172773662,405.4,31.0,1.6655592018433047,0.26759748481932405,-0.6024212472305452,,-0.8660254037844386,0.5000000000000001,-1.0303139442905556
1990-11,154.43333333333334,5.039762503754493,-0.5054990705550653,86.9,30.0,-0.8408409200580136,0.3780704364113731,-0.49766232289508966,,-0.5000000000000004,0.8660254037844384,0.7942760172773662
1990-12,160.2258064516129,5.076584110622204,-0.09921479397086319,207.7,31.0,0.8767881280064701,0.9225348691266704,-0.19434748723062875,,-2.4492935982947064e-16,1.0,-0.5054990705550653
1991-01,122.83870967741936,4.8108721914261094,-0.03628607548652152,74.1,31.0,-0.5206106439064555,-0.2724076258966983,-0.07630089303165564,,0.49999999999999994,0.8660254037844387,-0.09921479397086319
1991-02,120.96428571428571,4.7954953426425675,0.18012659235780504,177.0,28.0,1.504576669292915,1.0244417444401108,0.8032319877321474,-0.34554084239824817,0.8660254037844386,0.5000000000000001,-0.03628607548652152
1991-03,73.6774193548387,4.299696366290754,-0.12321843547210776,82.8,31.0,-0.006772500404674715,0.5054948800197361,1.0488085904025608,-0.6096797627738547,1.0,6.123233995736766e-17,0.18012659235780504
1991-04,38.7,3.655839600035736,-0.8896361804055228,63.8,30.0,-0.73670558894883,0.2334466635648527,-0.2011448931764384,-0.6179932577209315,0.8660254037844387,-0.49999999999999983,-0.12321843547210776
1991-05,56.354838709677416,4.03166810564891,-1.024684302429053,154.79999999999998,29.0,-0.038087990972758744,-0.6761381269029891,-0.054516415116751316,-0.4221120325776185,0.49999999999999994,-0.8660254037844387,-0.8896361804055228
1991-06,73.23333333333333,4.293650690722455,-0.754116694794944,54.4,30.0,-0.6190397997243604,-0.8279718258696191,-0.4816383714099037,-0.5166118127787755,1.2246467991473532e-16,-1.0,-1.024684302429053
1991-07,175.19354838709677,5.165891353549699,0.0212374578531751,108.2,29.0,-0.42026174081189693,-0.5618481379241919,-0.500144813624377,-0.4272659368182434,-0.4999999999999998,-0.8660254037844388,-0.754116694794944
1991-08,88.6774193548387,4.485005283680099,-0.8768446888894541,134.2,31.0,-0.6577623945635127,-1.0662186036324728,-1.238367935361767,-0.4967868591411356,-0.8660254037844384,-0.5000000000000004,0.0212374578531751
1991-09,178.86666666666667,5.186640649323414,-0.3103474037013072,128.0,30.0,-0.5647457213302327,-1.0447940395232573,-1.355675704513946,-0.5454467439446621,-1.0,-1.8369701987210297e-16,-0.8768446888894541
1991-10,127.90322580645162,4.851273929583802,-0.7092127237193901,61.4,31.0,-1.5992213446741315,-1.6731249438525042,-1.586376830026081,-1.6114588015286886,-0.8660254037844386,0.5000000000000001,-0.3103474037013072
1991-11,427.1,6.057018177847421,0.5117566035378625,162.1,30.0,0.006786698651332231,-1.2977067000485756,-1.5192607990341433,-1.4414455581999452,-0.5000000000000004,0.8660254037844384,-0.7092127237193901
1991-12,103.74193548387096,4.641906425813711,-0.5338924787793564,103.8,30.0,-0.33008599209370615,-0.9448142465527904,-1.5023704804663045,-1.3588845395308398,-2.4492935982947064e-16,1.0,0.5117566035378625
1992-01,558.516129032258,6.325283497290573,1.478125230377942,160.20000000000002,31.0,0.9327572931939927,0.06392763523546625,-1.1453979519358521,-1.1339282034575953,0.49999999999999994,0.8660254037844387,-0.5338924787793564
1992-02,81.75862068965517,4.403771256078931,-0.21159749420583118,32.8,29.0,-0.8789113131220836,-0.3631147322803977,-1.1534391743456747,-1.6797638925836929,0.8660254037844386,0.5000000000000001,1.478125230377942
1992-03,53.45161290322581,3.9787768129414167,-0.4441379888214452,46.1,31.0,-0.7355633856586301,-0.34822462396348847,-1.1339554212674448,-1.8828569895629947,1.0,6.123233995736766e-17,-0.21159749420583118
1992-04,50.43333333333333,3.9206523321262003,-0.6248234483150585,102.0,28.0,-0.15059887608728853,-1.0574462029136107,-0.6391614134371206,-1.6691084570455772,0.8660254037844387,-0.49999999999999983,-0.4441379888214452
1992-05,334.61290322580646,5.812974350946682,0.7566219428687191,399.6,31.0,1.5611102709483848,0.9506414232620254,0.42224805477740524,-0.9604864984438327,0.49999999999999994,-0.8660254037844387,-0.6248234483150585
1992-06,335.53333333333336,5.81572130567415,0.7679539201567511,243.1,30.0,1.3206392248463694,1.5375925107269088,1.1293984014578813,-0.3712413888458925,1.2246467991473532e-16,-1.0,0.7566219428687191
1992-07,106.61290322580645,4.66920454780064,-0.4754493478958839,75.1,29.0,-0.9205334468366202,1.134206565089546,0.5545382368788199,-0.45099500709151474,-0.4999999999999998,-0.8660254037844388,0.7679539201567511
1992-08,175.8709677419355,5.169750588331277,-0.19209938423827655,191.6,29.0,0.0449981167315149,0.23259065611745777,0.6183179877991174,-0.47135776722789086,-0.8660254037844384,-0.5000000000000004,-0.4754493478958839
1992-09,286.8333333333333,5.658901326983484,0.16191327395876254,88.6,30.0,-1.0828243432844677,-1.1448992296269422,0.32090892982094654,-0.5794348416290325,-1.0,-1.8369701987210297e-16,-0.19209938423827655
1992-10,110.61290322580645,4.706036747977774,-0.854449905325418,213.10000000000002,31.0,0.3212853446167722,-0.5440013331796305,0.4365136103580319,-0.0992009021377394,-0.8660254037844386,0.5000000000000001,0.16191327395876254
1992-11,315.6,5.75447558897172,0.2092140146621615,,,,,,,-0.5000000000000004,0.8660254037844384,-0.854449905325418
1992-12,217.09677419354838,5.3803432181536275,0.20454431356056002,252.4,31.0,1.274687572594528,,,,-2.4492935982947064e-16,1.0,0.2092140146621615
1993-01,167.29032258064515,5.1197307616134635,0.27257249470083256,91.1,31.0,-0.16668073920111756,,,,0.49999999999999994,0.8660254037844387,0.20454431356056002
1993-02,78.96428571428571,4.368995670682242,-0.2463730796025203,34.0,28.0,-0.8418349305154958,0.3778395663755552,,,0.8660254037844386,0.5000000000000001,0.27257249470083256
1993-03,51.54838709677419,3.9425209218410737,-0.48039387992178817,100.4,31.0,0.2684882116914755,-0.4885417882078912,,,1.0,6.123233995736766e-17,-0.2463730796025203
1993-04,83.63333333333334,4.426442164704267,-0.119033615736992,184.9,30.0,0.7493410886317835,0.20093766368351032,,,0.8660254037844387,-0.49999999999999983,-0.48039387992178817
1993-05,252.61290322580646,5.531858290265792,0.47550588218782863,157.70000000000002,31.0,-0.011494865172397341,0.3352763831603935,0.2898657603769838,,0.49999999999999994,-0.8660254037844387,-0.119033615736992
1993-06,320.73333333333335,5.770610040597243,0.7228426550798446,111.3,30.0,0.18191518722886643,0.27092343582044826,-0.12821978654169722,,1.2246467991473532e-16,-1.0,0.47550588218782863
1993-07,542.1935483870968,6.2956230380396905,1.1509691423431665,279.5,31.0,1.1905139826928899,0.5227510568003887,0.4397297703462822,,-0.4999999999999998,-0.8660254037844388,0.7228426550798446
1993-08,195.0,5.272999558563747,-0.0888504140058064,78.7,31.0,-1.5774388942440314,0.01990605623854739,0.10393017194119604,,-0.8660254037844384,-0.5000000000000004,1.1509691423431665
1993-09,177.73333333333332,5.180284299636444,-0.3167037533882775,119.0,30.0,-0.6719545230417756,-0.4066107432465266,-0.2317336218308841,,-1.0,-1.8369701987210297e-16,-0.0888504140058064
1993-10,112.09677419354838,4.719362553513746,-0.8411240997894458,85.9,31.0,-1.148582063426874,-1.9979246217254325,-0.8062519537063553,,-0.8660254037844386,0.5000000000000001,-0.3167037533882775
1993-11,229.86666666666667,5.437499430681374,-0.10776214362818415,168.9,30.0,0.06982269589382176,-1.140334078390903,-0.7339103867261059,-0.5903367275700762,-0.5000000000000004,0.8660254037844384,-0.8411240997894458
1993-12,90.64516129032258,4.506952557842645,-0.6688463467504224,62.2,31.0,-1.03666621738483,-1.0138124231170096,-1.0795340299518315,-0.8823503605755185,-2.4492935982947064e-16,1.0,-0.10776214362818415
1994-01,81.16129032258064,4.396438413335185,-0.45071985357744637,77.8,31.0,-0.4391769650344568,-0.6629950678326206,-1.905843911751366,-0.9350659730092671,0.49999999999999994,0.8660254037844387,-0.6688463467504224
1994-02,127.21428571428571,4.845872953674403,0.23050420338964095,23.3,28.0,-1.2052172840915971,-1.9762229773705262,-1.7740988428476716,-1.0052124125937778,0.8660254037844386,0.5000000000000001,-0.45071985357744637
1994-03,63.83870967741935,4.156359741117419,-0.26655506064544277,46.8,31.0,-0.718716431690158,-1.426852695113115,-1.7630677312794292,-1.2582333186946104,1.0,6.123233995736766e-17,0.23050420338964095
1994-04,32.36666666666667,3.4771290866291698,-1.0683466938120891,84.7,30.0,-0.39484923865438276,-1.3655141212426316,-1.4809603028433376,-1.5068859820719287,0.8660254037844387,-0.49999999999999983,-0.26655506064544277
1994-05,37.70967741935484,3.629916756986922,-1.4264356510910408,14.2,31.0,-2.529942240292543,-2.2856584314374335,-3.546011683427007,-2.1370998312172023,0.49999999999999994,-0.8660254037844387,-1.0683466938120891
1994-06,51.266666666666666,3.937040768403434,-1.110726617113965,24.2,30.0,-1.3064756269144695,-2.243544792348805,-2.6769963114838813,-2.4436500917862896,1.2246467991473532e-16,-1.0,-1.4264356510910408
1994-07,55.38709677419355,4.01434665641233,-1.1303072392841944,36.699999999999996,29.0,-1.7641214801960718,-2.705599137173233,-3.101236103599059,-3.3303238172812932,-0.4999999999999998,-0.8660254037844388,-1.110726617113965
1994-08,51.41935483870968,3.9400146548650143,-1.4218353177045389,211.2,31.0,0.2518142013243422,-1.255070208599573,-2.2486834484463234,-3.340179380908712,-0.8660254037844384,-0.5000000000000004,-1.1303072392841944
1994-09,266.1666666666667,5.584122678986957,0.08713462596223565,123.3,30.0,-0.6200524077717419,-1.0395699682374029,-2.082514831693681,-3.218452487408177,-1.0,-1.8369701987210297e-16,-1.4218353177045389
1994-10,181.32258064516128,5.200277658516929,-0.3602089947862632,207.9,31.0,0.27542048286361315,-0.26856622143095693,-1.693024591026311,-2.5526447089030873,-0.8660254037844386,0.5000000000000001,0.08713462596223565
1994-11,133.7,4.895598484107897,-0.6496630902016607,262.2,30.0,0.806199900186784,0.14490229287922685,-0.6527263680006992,-2.319915862709602,-0.5000000000000004,0.8660254037844384,-0.3602089947862632
1994-12,120.09677419354838,4.788297869387571,-0.3875010352054966,93.7,31.0,-0.4834691923639899,0.34226108068990807,-0.5216454938415557,-1.6567847376135394,-2.4492935982947064e-16,1.0,-0.6496630902016607
1995-01,55.45161290322581,4.015510800897703,-0.8316474660149282,99.2,31.0,-0.013773343225635913,0.22237546771008823,-0.14363572267228644,-1.6288414101270041,0.49999999999999994,0.8660254037844387,-0.3875010352054966
1995-02,124.35714285714286,4.82315761015293,0.20778885986816764,124.0,26.0,0.8742840859997592,-0.167037784150525,0.06405725253182244,-1.4003159921928248,0.8660254037844386,0.5000000000000001,-0.8316474660149282
1995-03,81.12903225806451,4.3960408780486935,-0.026873923714168413,,,,,,,1.0,6.123233995736766e-17,0.20778885986816764
1995-04,30.6,3.4210000089583352,-1.1244757714829237,56.2,30.0,-0.878084031074116,,,,0.8660254037844387,-0.49999999999999983,-0.026873923714168413
1995-05,41.03225806451613,3.714358539414921,-1.341993868663042,149.8,31.0,-0.08474306523046626,,,,0.49999999999999994,-0.8660254037844387,-1.1244757714829237
1995-06,139.13333333333333,4.935432705974991,-0.11233467954240783,129.0,30.0,0.3732604247961928,-0.4070339941919152,,,1.2246467991473532e-16,-1.0,-1.341993868663042
1995-07,155.0,5.043425116919247,-0.1012287787772772,198.2,31.0,0.546415199722986,0.22696383480736101,,,-0.4999999999999998,-0.8660254037844388,-0.11233467954240783
1995-08,212.90322580645162,5.360837723529371,-0.001012249040182489,155.0,31.0,-0.38295811334963314,0.08820234561214195,,,-0.8660254037844384,-0.5000000000000004,-0.1012287787772772
1995-09,591.9666666666667,6.38345032699244,0.8864622739677186,268.8,30.0,0.6802673896789616,0.31912419272135295,-0.142859401971899,,-1.0,-1.8369701987210297e-16,-0.001012249040182489
1995-10,202.83870967741936,5.3124111296238965,-0.24807552367929553,216.70000000000002,31.0,0.35260483705609835,0.2351323633528608,0.1570666376510802,,-0.8660254037844386,0.5000000000000001,0.8864622739677186
1995-11,113.7,4.73356340075649,-0.8116981735530677,118.1,28.0,-0.4487028263912961,0.1960952573620953,0.08553357122069996,,-0.5000000000000004,0.8660254037844384,-0.24807552367929553
1995-12,173.06451612903226,5.153664450579653,-0.02213445401341474,90.5,28.0,-0.5341667302360362,-0.35303247012825356,-0.11626160438282043,,-2.4492935982947064e-16,1.0,-0.8116981735530677
1996-01,306.38709677419354,5.7248493246239205,0.8776910577112895,232.0,31.0,1.781692956085965,0.14402104927956483,0.15593574855689807,,0.49999999999999994,0.8660254037844387,-0.02213445401341474
1996-02,132.58620689655172,4.88723305195327,0.27186430166850784,132.1,29.0,0.9803504524550538,0.9929664976038987,0.6492243421793987,,0.8660254037844386,0.5000000000000001,0.8776910577112895
1996-03,104.0,4.6443908991413725,0.2214760973785106,61.4,25.0,-0.39822117880344904,1.188739064198244,0.2934863433159189,-0.055346599159598574,1.0,6.123233995736766e-17,0.27186430166850784
1996-04,87.13333333333334,4.467439512522012,-0.07803626791924678,164.8,28.0,0.5599691574523452,0.485857602122142,0.2979675326629971,0.3034835438030508,0.8660254037844387,-0.49999999999999983,0.2214760973785106
1996-05,53.096774193548384,3.972116176751869,-1.084236231326094,133.4,31.0,-0.24565577623251483,-0.22822704182430792,0.25469048664907623,0.22736531937315996,0.49999999999999994,-0.8660254037844387,-0.07803626791924678
1996-06,482.76666666666665,6.179533445138701,1.1317660596213024,191.4,30.0,0.9370943010460739,0.45082052727750965,0.8708208833809299,0.40210041961366405,1.2246467991473532e-16,-1.0,-1.084236231326094
1996-07,348.64516129032256,5.854054675154888,0.7094007794583641,176.29999999999998,26.0,0.34403772847736647,0.3297540713125566,0.40805406766821595,0.3216598023321117,-0.4999999999999998,-0.8660254037844388,1.1317660596213024
1996-08,464.93548387096774,6.141898651597956,0.7800486790284031,279.0,31.0,0.8820763720104532,0.8812624240762845,0.4423500725432349,0.5952229315510786,-0.8660254037844384,-0.5000000000000004,0.7094007794583641
1996-09,1204.8,7.094068857045629,1.5970808040209077,626.1999999999999,30.0,2.5564029837913327,2.063976343873989,1.6133696014009167,1.4942217729136007,-1.0,-1.8369701987210297e-16,0.7800486790284031
1996-10,310.61290322580646,5.738547452755138,0.17806079945194586,103.8,31.0,-0.8751172725303833,1.7671166845337551,1.243664431073129,1.1767159736309343,-0.8660254037844386,0.5000000000000001,1.5970808040209077
1996-11,353.6,5.868166330763488,0.32290475645393,241.8,28.0,0.6616473133032915,1.7547550729598098,1.5301103187619118,1.5352998480392768,-0.5000000000000004,0.8660254037844384,0.17806079945194586
1996-12,156.41935483870967,5.052540572620206,-0.12325833197286151,145.7,26.0,0.2219187918562618,-0.005305621034580698,1.4707826323630593,1.3979143761607133,-2.4492935982947064e-16,1.0,0.32290475645393
1997-01,126.90322580645162,4.843424794463858,-0.0037334724487729787,184.0,31.0,1.2370038508929144,0.7984516987624902,1.6854940035068213,1.3603121507159828,0.49999999999999994,0.8660254037844387,-0.12325833197286151
1997-02,174.75,5.163356381113919,0.5479876308291569,122.60000000000001,28.0,0.8555106608147649,0.9756496945070545,1.8962730563231753,1.573833784167248,0.8660254037844386,0.5000000000000001,-0.0037334724487729787
1997-03,84.7741935483871,4.439991175119355,0.017076373356492702,90.30000000000001,31.0,0.11473932850180377,0.9866876696412561,0.455906355812242,1.5185397340552038,1.0,6.123233995736766e-17,0.5479876308291569
1997-04,113.36666666666666,4.73062740334504,0.1851516229037813,10.3,30.0,-1.9949911437833758,-0.6182665565451143,0.2791717665222731,1.242435755434364,0.8660254037844387,-0.49999999999999983,0.017076373356492702
1997-05,69.45161290322581,4.240630292879217,-0.8157221151987457,107.2,31.0,-0.5337448869803924,-1.542559784758579,-0.6690636240521617,1.187601911561616,0.49999999999999994,-0.8660254037844387,0.1851516229037813
1997-06,68.86666666666666,4.232172268017428,-0.8155951174999707,28.1,30.0,-1.1962148224450049,-1.9708778242135199,-0.8204265134163811,0.7924045400945228,1.2246467991473532e-16,-1.0,-0.8157221151987457
1997-07,124.0,4.820281565605037,-0.3243723300914869,145.4,31.0,0.027832557188049195,-0.780481650018891,-1.183893740082054,0.6739875666214437,-0.4999999999999998,-0.8660254037844388,-0.8155951174999707
1997-08,220.4516129032258,5.395678228190091,0.03382825562053782,271.8,31.0,0.820275860476481,-0.11373943360426232,-0.9739478971042402,0.6306398265459966,-0.8660254037844384,-0.5000000000000004,-0.3243723300914869
1997-09,145.83333333333334,4.98246441712956,-0.5145236358951619,121.0,30.0,-0.6476539144132688,-0.08501554370682889,-1.1793625311072655,-0.8802595054073263,-1.0,-1.8369701987210297e-16,0.03382825562053782
1997-10,462.51612903225805,6.1366814299276715,0.5761947766244795,215.20000000000002,31.0,0.3395972578405816,0.07436040051354914,-0.5992001192056496,-0.4888564114790809,-0.8660254037844386,0.5000000000000001,-0.5145236358951619
1997-11,159.83333333333334,5.074131605655383,-0.471129968654175,82.2,30.0,-0.9068006945128106,-0.8440882556295956,-0.6592557143839353,-1.0451134145854417,-0.5000000000000004,0.8660254037844384,0.5761947766244795
1997-12,75.83870967741936,4.328608844054924,-0.8471900605381437,23.9,31.0,-1.8727056096752117,-0.9848208430105342,-0.8130694771682028,-1.0794303081340875,-2.4492935982947064e-16,1.0,-0.471129968654175
1998-01,268.4516129032258,5.59267068505774,0.7455124181451094,112.80000000000001,31.0,0.22508534881167747,-1.364410577946622,-0.8118873913219515,-1.3105905671863893,0.49999999999999994,0.8660254037844387,-0.8471900605381437
1998-02,235.67857142857142,5.462468891208218,0.8471001409234553,33.6,28.0,-0.8541044498043199,-1.8721806228744886,-1.4760246118319713,-1.6962377142683085,0.8660254037844386,0.5000000000000001,0.7455124181451094
1998-03,259.35483870967744,5.558197157687866,1.1352823559250043,88.6,31.0,0.08778503407832952,-0.38994231309573396,-1.1928797519204168,-1.7769102713713294,1.0,6.123233995736766e-17,0.8471001409234553
1998-04,151.13333333333333,5.0181624494053185,0.47268666896405964,152.9,30.0,0.44079747618649223,-0.15156125123159278,-1.2894030359347142,-1.2221780829197413,0.8660254037844387,-0.49999999999999983,1.1352823559250043
1998-05,107.58064516129032,4.678240753864578,-0.37811165421338533,116.4,31.0,-0.4275215717904431,-0.2405847099726762,-1.5841689304000073,-1.2880794500066268,0.49999999999999994,-0.8660254037844387,0.47268666896405964
1998-06,74.13333333333334,4.305865273708318,-0.7419021118090807,106.5,30.0,0.1266503014473991,-0.15840005575168087,-0.46192224813643845,-1.0119932194179508,1.2246467991473532e-16,-1.0,-0.37811165421338533
1998-07,81.41935483870968,4.399613019175957,-0.7450408765205667,191.3,28.0,0.4843161611377382,-0.058270187180167424,-0.2832152956612886,-0.8311637072465121,-0.4999999999999998,-0.8660254037844388,-0.7419021118090807
1998-08,277.8709677419355,5.62715686112891,0.2653068885593566,386.5,31.0,1.7028319690699123,1.0433717119084378,0.5663339782786375,-0.7126624616205116,-0.8660254037844384,-0.5000000000000004,-0.7450408765205667
1998-09,735.0333333333333,6.599915849658412,1.1029277966336908,336.0,30.0,1.120098548569775,1.4958267730904231,0.8778155572046323,-0.037643834060845774,-1.0,-1.8369701987210297e-16,0.2653068885593566
1998-10,456.258064516129,6.123058580392279,0.5625719270890865,156.7,29.0,-0.22363675995059779,1.2769548963914195,0.6706435637074744,-0.1862607347213231,-0.8660254037844386,0.5000000000000001,1.1029277966336908
1998-11,396.56666666666666,5.98284416481437,0.4375825905048121,288.5,30.0,0.9823895809241039,1.0080695661850925,1.1518948669193723,0.38789423474084533,-0.5000000000000004,0.8660254037844384,0.5625719270890865
1998-12,515.9677419354839,6.246044247898472,1.0702453433054044,282.4,31.0,1.5173958638305434,1.0309008157169357,1.6507242859652442,0.9329390818317195,-2.4492935982947064e-16,1.0,0.4375825905048121
1999-01,305.4516129032258,5.721791379498354,0.8746331125857232,108.0,29.0,0.14310104361437015,1.2652732767525308,1.624271691484322,0.9655476952770566,0.49999999999999994,0.8660254037844387,1.0702453433054044
1999-02,134.10714285714286,4.898639054023032,0.2832703037382691,70.3,28.0,0.023851698839029482,1.0386189083332935,1.3053020448136246,1.2396021078424895,0.8660254037844386,0.5000000000000001,0.8746331125857232
1999-03,86.61290322580645,4.461448802457819,0.03853400069495727,54.5,31.0,-0.5429117705631251,-0.41253133037502043,0.7571051756448167,1.0465508282421894,1.0,6.123233995736766e-17,0.2832703037382691
1999-04,76.6,4.338597076746545,-0.20687870369471373,68.8,30.0,-0.6492052162831878,-0.9187218572548949,0.6172225597046356,0.9195476750848516,0.8660254037844387,-0.49999999999999983,0.03853400069495727
1999-05,61.064516129032256,4.1119309467241765,-0.9444214613537865,161.5,30.0,0.02285494535050248,-0.8146133792770678,-0.14121620454248415,1.0243072110893656,0.49999999999999994,-0.8660254037844387,-0.20687870369471373
1999-06,123.6,4.817050545023591,-0.23071684049380803,231.4,30.0,1.2386823314346782,0.3110077465926622,-0.05784186991838073,1.3240512465180854,1.2246467991473532e-16,-1.0,-0.9444214613537865
1999-07,208.3548387096774,5.339242581547326,0.19458868585080236,242.2,31.0,0.9125392725605396,0.8488140655956279,0.29051200341285544,1.365259410870747,-0.4999999999999998,-0.8660254037844388,-0.23071684049380803
1999-08,106.96774193548387,4.67252731177004,-0.6893226607995135,72.0,31.0,-1.7175108272257291,0.4123366601914071,-0.21187455743515304,0.6169920516953183,-0.8660254037844384,-0.5000000000000004,0.19458868585080236
1999-09,239.26666666666668,5.477578690045397,-0.019409362979324385,194.7,30.0,0.10171814207929426,-0.23623663119919752,-0.09683709735642107,0.20694145247344378,-1.0,-1.8369701987210297e-16,-0.6893226607995135
1999-10,169.03225806451613,5.130089572829942,-0.4303970804732504,216.6,30.0,0.3517395233682127,-0.6023537105963777,0.15982630477435913,0.37337936920749454,-0.8660254037844386,0.5000000000000001,-0.019409362979324385
1999-11,682.6,6.525909036472607,0.9806474621630485,322.2,30.0,1.1939102024333208,0.8030403706028748,0.6545847206719312,0.473822400982281,-0.5000000000000004,0.8660254037844384,-0.4303970804732504
1999-12,268.8709677419355,5.594231590699748,0.41843268610668094,267.7,31.0,1.4005953432202203,1.3267162571835471,0.7460414514320227,0.4203356536753936,-2.4492935982947064e-16,1.0,0.9806474621630485
2000-01,155.5483870967742,5.046956854255971,0.19979858734333966,120.89999999999999,29.0,0.35832312727189614,1.394638513194569,0.5372863604499802,0.47580422179946125,0.49999999999999994,0.8660254037844387,0.41843268610668094
2000-02,112.6896551724138,4.724637625993419,0.10926887570865684,84.8,27.0,0.28606794237648314,1.1324188358321825,1.1854475683259182,0.6424349210976424,0.8660254037844386,0.5000000000000001,0.19979858734333966
2000-03,66.12903225806451,4.191607867647307,-0.2313069341155547,56.9,31.0,-0.491331995433551,-0.11799661541911392,1.1837192386550641,0.5423199634941038,1.0,6.123233995736766e-17,0.10926887570865684
2000-04,49.5,3.901972669574645,-0.643503110866614,67.0,30.0,-0.6802396590415564,-0.7617697562971829,0.8118969944179238,0.6097149938539784,0.8660254037844387,-0.49999999999999983,-0.2313069341155547
2000-05,259.2258064516129,5.5576995214496785,0.5013471133717156,150.8,31.0,-0.07532836615395287,-0.9016012997798147,-0.12579881348047137,0.5630335219959113,0.49999999999999994,-0.8660254037844387,-0.643503110866614
2000-06,150.3,5.012633296758929,-0.03513408875847013,78.6,30.0,-0.2320457945799534,-0.6620547676569668,-0.7311223780254873,0.16825515502264024,1.2246467991473532e-16,-1.0,0.5013471133717156
2000-07,63.064516129032256,4.14415826793432,-1.000495627762204,78.9,31.0,-0.8560257098891082,-0.6143577750549863,-1.113404899850463,-0.277850273976547,-0.4999999999999998,-0.8660254037844388,-0.03513408875847013
2000-08,400.06451612903226,5.991625824424677,0.6297758518551237,234.1,31.0,0.4778831579303577,-0.42882936064826865,-0.912665763810464,0.04332801933591856,-0.8660254037844384,-0.5000000000000004,-1.000495627762204
2000-09,268.73333333333335,5.593719562014956,0.09673150899023408,245.8,30.0,0.5133911443460981,0.018023633658090135,-0.502168802689978,0.1879485471966654,-1.0,-1.8369701987210297e-16,0.6297758518551237
2000-10,186.25806451612902,5.227133155737734,-0.33335349756545796,304.9,31.0,1.0319814563401613,0.8902199675017305,0.08167791425250477,0.43077088761454185,-0.8660254037844386,0.5000000000000001,0.09673150899023408
2000-11,163.83333333333334,5.098849650919112,-0.4464119233904462,112.60000000000001,30.0,-0.5127914767734217,0.48476056172059717,-0.011540148969818724,-0.16305056646216873,-0.5000000000000004,0.8660254037844384,-0.33335349756545796
2000-12,154.6451612903226,5.041133210509184,-0.13466569408388374,88.1,31.0,-0.5729057702707512,0.06583315867025148,-0.057135504092552525,-0.4901440218815716,-2.4492935982947064e-16,1.0,-0.4464119233904462
2001-01,89.6774193548387,4.4962190021995365,-0.35093926471309445,121.4,31.0,0.36635118118602616,-0.5726073012096602,0.24525401807940453,-0.491737007466129,0.49999999999999994,0.8660254037844387,-0.13466569408388374
2001-02,73.42857142857143,4.296313116399852,-0.31905563388491043,86.4,28.0,0.3131704796355719,-0.3721010733294997,0.2640842447311278,-0.4712340088070001,0.8660254037844386,0.5000000000000001,-0.35093926471309445
2001-03,77.41290322580646,4.349153475045142,-0.07376132671771973,87.6,31.0,0.0717733125279168,0.18124921883293216,0.0696817403931784,-0.4742921576616514,1.0,6.123233995736766e-17,-0.31905563388491043
2001-04,59.81333333333334,4.091228601543843,-0.4542471788974156,148.1,30.0,0.3910442028300186,0.22213912709255762,-0.4433361903295308,-0.17241069511842758,0.8660254037844387,-0.49999999999999983,-0.07376132671771973
2001-05,117.50322580645161,4.766465786879297,-0.28988662119866593,148.5,31.0,-0.09704627955285934,-0.05365000091364579,-0.5414985641893629,-0.23112734851468753,0.49999999999999994,-0.8660254037844387,-0.4542471788974156
2001-06,39.96333333333334,3.6879623670514525,-1.3598050184659463,110.0,30.0,0.16710341332269618,0.017456650342792628,-0.02326646682482052,-0.1289530637582373,1.2246467991473532e-16,-1.0,-0.28988662119866593
2001-07,61.91935483870968,4.125832809955706,-1.018821085740818,167.4,31.0,0.25703381997139835,-0.0030336692205249448,-0.03294944011609561,0.1037827894693164,-0.4999999999999998,-0.8660254037844388,-1.3598050184659463
2001-08,320.18709677419355,5.768905502355879,0.40705552978632564,137.1,31.0,-0.6177673382870226,-0.29109766859942915,-0.33941877514838326,-0.3076795283365074,-0.8660254037844384,-0.5000000000000004,-1.018821085740818
2001-09,173.53333333333333,5.156369703892356,-0.34061834913236577,54.1,30.0,-1.6983633246912062,-1.1227734824076514,-0.844827308274556,-0.8991360941838644,-1.0,-1.8369701987210297e-16,0.40705552978632564
2001-10,198.5774193548387,5.291179046027193,-0.2693076072759988,204.5,31.0,0.24501843093723175,-1.1527241193409887,-0.8457101265531877,-1.1653741165161717,-0.8660254037844386,0.5000000000000001,-0.34061834913236577
2001-11,401.53333333333336,5.995290551941511,0.4500289776319528,379.59999999999997,30.0,1.5243161100185996,0.3655829891662604,-0.018523611546290213,-0.37565509626773685,-0.5000000000000004,0.8660254037844384,-0.2693076072759988
2001-12,315.51612903225805,5.754209802805347,0.5784108982122795,277.6,31.0,1.4796830224062572,1.5227614410088646,0.4547802078708743,0.22497192262345683,-2.4492935982947064e-16,1.0,0.4500289776319528
2002-01,157.32258064516128,5.058298351224907,0.2111400843122757,97.7,29.0,-0.04143608419217438,1.5674979681719838,0.39343796516895585,0.1893853163497318,0.49999999999999994,0.8660254037844387,0.5784108982122795
2002-02,97.19285714285715,4.576697222581554,-0.03867152770320814,55.599999999999994,28.0,-0.28071087931968847,0.8117015649519269,0.6901512065454202,0.20406664378359868,0.8660254037844386,0.5000000000000001,0.2111400843122757
2002-03,43.645161290322584,3.776092423685642,-0.64682237807722,75.4,31.0,-0.13384396261587028,-0.4550191319519728,1.263955250485525,0.07185050365962732,1.0,6.123233995736766e-17,-0.03867152770320814
2002-04,231.39,5.444104598614017,0.8986288181727584,415.7,29.0,2.339389985254113,1.6335705263541236,2.1955632264397567,0.8175635625294495,0.8660254037844387,-0.49999999999999983,-0.64682237807722
2002-05,100.24193548387096,4.607586618899719,-0.4487657891782435,150.4,31.0,-0.07908913851802528,1.4396445016239083,1.5708655927773298,0.8120053475548163,0.49999999999999994,-0.8660254037844387,0.8986288181727584
2002-06,262.14666666666665,5.568904143571181,0.5211367580537818,41.4,30.0,-0.8753861599466158,0.9898762322353851,0.5576592111044795,0.6445856962875159,1.2246467991473532e-16,-1.0,-0.4487657891782435
2002-07,92.15483870967742,4.523470191795092,-0.6211837039014316,103.89999999999999,31.0,-0.47857270793175594,-0.6888609249487724,0.34331602697979036,0.4521451487010533,-0.4999999999999998,-0.8660254037844388,0.5211367580537818
2002-08,176.7225806451613,5.174581162022222,-0.18726881054733102,140.4,31.0,-0.5729588385541812,-1.1496742280835461,0.15844744084404208,0.4025219106643166,-0.8660254037844384,-0.5000000000000004,-0.6211837039014316
2002-09,230.70666666666665,5.441147062320338,-0.05584099070438331,228.1,29.0,0.3778426143120244,-0.43307073552006425,0.25824860833871677,0.8584462499956744,-1.0,-1.8369701987210297e-16,-0.18726881054733102
2002-10,87.73225806451612,4.474289654604406,-1.086196998698786,82.4,31.0,-1.2067140519600545,-0.7972615590661156,-1.1381147281734791,0.5240429798786832,-0.8660254037844386,0.5000000000000001,-0.05584099070438331
2002-11,67.29,4.209011637200227,-1.336249937109331,47.5,30.0,-1.4673757619909606,-1.2511366223231737,-1.53965306130178,-0.4270795726902975,-0.5000000000000004,0.8660254037844384,-1.086196998698786
2002-12,74.33548387096775,4.308588413373082,-0.8672104912199856,86.7,31.0,-0.5957968670066077,-1.7869677466120402,-1.5424339145716157,-0.7443239380033424,-2.4492935982947064e-16,1.0,-1.336249937109331
2003-01,91.97741935483872,4.521543105128042,-0.32561516178458927,129.6,31.0,0.4950043882298451,-0.9935328566103285,-1.3043935532104882,-0.6689273647097453,0.49999999999999994,0.8660254037844387,-0.8672104912199856
2003-02,76.98928571428571,4.343666265604184,-0.27170248468057867,67.1,28.0,-0.038649794008409594,-0.4988682863576308,-1.1897121388907523,-0.639495459295723,0.8660254037844386,0.5000000000000001,-0.32561516178458927
2003-03,39.24516129032258,3.669828157401459,-0.753086644361403,53.7,31.0,-0.56042296417765,-0.23569920596828722,-1.749129623192183,-0.7926337047308356,1.0,6.123233995736766e-17,-0.27170248468057867
2003-04,520.75,6.255270080141082,1.7097942996998228,271.0,30.0,1.4390654383477375,0.7146727061667634,-0.38486136799947057,-1.1599809896298159,0.8660254037844387,-0.49999999999999983,-0.753086644361403
2003-05,161.79677419354837,5.086341067426564,0.029988659348600955,56.099999999999994,31.0,-1.2864629258955467,-0.07732237287524348,-0.6427021367893556,-1.5733979338605213,0.49999999999999994,-0.8660254037844387,1.7097942996998228
2003-06,155.0366666666667,5.04366164808333,-0.0041057374340685016,49.9,30.0,-0.7028414629832461,-0.1513703509483638,-0.3789420793658301,-1.5194596515187886,1.2246467991473532e-16,-1.0,0.029988659348600955
2003-07,185.23225806451612,5.221610486658589,0.07695659096206509,125.9,31.0,-0.1957807816826995,-1.1045459744734654,-0.5805338867654447,-1.3797279659625576,-0.4999999999999998,-0.8660254037844388,-0.0041057374340685016
2003-08,199.4322580645161,5.295474620092998,-0.06637535247655535,368.5,31.0,1.5765998339925928,0.405948470823873,0.15069468035800787,-0.9261902387154023,-0.8660254037844384,-0.5000000000000004,0.07695659096206509
2003-09,145.59,4.9807944520852345,-0.516193600939487,139.1,30.0,-0.4395057315051598,0.37169751440317966,0.03574022840989958,-1.1939116775298606,-1.0,-1.8369701987210297e-16,-0.06637535247655535
2003-10,273.5774193548387,5.611584650744664,0.05109799744147203,225.6,31.0,0.4285834996504798,0.6658584731441561,-0.3334509298749039,-0.677406323350213,-0.8660254037844386,0.5000000000000001,-0.516193600939487
2003-11,1223.2333333333333,7.109252905170084,1.5639913308605262,463.29999999999995,30.0,1.9545616612422674,1.201453701237994,0.9087673302433589,0.5066826253719534,-0.5000000000000004,0.8660254037844384,0.05109799744147203
2003-12,584.1612903225806,6.370177126756196,1.1943782221631283,161.2,31.0,0.4001433374359347,1.4822460607646726,1.2290342105744738,0.6389194082398859,-2.4492935982947064e-16,1.0,1.5639913308605262
2004-01,190.51612903225808,5.249736857818722,0.40257859090609127,134.5,31.0,0.5693402391879188,1.583237945566466,1.440792245214305,0.6829525964681057,0.49999999999999994,0.8660254037844387,1.1943782221631283
2004-02,127.03448275862068,4.844458567388723,0.2290898171039606,55.9,29.0,-0.27400309949606133,0.15267703379997727,1.0903797700450109,0.8100388431222444,0.8660254037844386,0.5000000000000001,0.40257859090609127
2004-03,148.17419354838708,4.9983885650971684,0.5754737633343066,111.0,31.0,0.4194772154983534,0.2335543251554385,1.4886122568983042,0.8395012597059558,1.0,6.123233995736766e-17,0.2290898171039606
2004-04,85.93666666666667,4.453610590844177,-0.09186518959708145,,14.0,,,,,0.8660254037844387,-0.49999999999999983,0.5754737633343066
2004-05,846.3580645161289,6.740942514172599,1.6845901060946362,530.8,31.0,2.1575713779969443,,,,0.49999999999999994,-0.8660254037844387,-0.09186518959708145
2004-06,251.1,5.5258512661635395,0.4780838806461407,27.7,30.0,-1.2071225152875074,,,,1.2246467991473532e-16,-1.0,1.6845901060946362
2004-07,220.2258064516129,5.394653412933134,0.24999951723660985,51.5,27.0,-1.3850215752335249,0.7574635326839635,,,-0.4999999999999998,-0.8660254037844388,0.4780838806461407
2004-08,126.08387096774193,4.83694732811083,-0.5249026444587228,53.6,31.0,-2.158733381010489,-2.6462112177021377,,,-0.8660254037844384,-0.5000000000000004,0.24999951723660985
2004-09,817.6466666666668,6.706430295446145,1.2094422424214235,326.9,30.0,1.0640765750214964,-0.6633709962849513,,,-1.0,-1.8369701987210297e-16,-0.5249026444587228
2004-10,175.61290322580646,5.1682821592862105,-0.39220449401698154,115.39999999999999,31.0,-0.7152943018245553,-0.5289615911620829,0.12136436046138539,,-0.8660254037844386,0.5000000000000001,1.2094422424214235
2004-11,281.3,5.6394217154958115,0.09416014118625338,142.5,30.0,-0.18494644038243505,0.10128215687958975,-1.2235388408308014,,-0.5000000000000004,0.8660254037844384,-0.39220449401698154
2004-12,114.66451612903225,4.742010613840745,-0.4337882907523225,71.9,31.0,-0.8522967620646797,-0.9282948968851972,-1.2173468077381173,,-2.4492935982947064e-16,1.0,0.09416014118625338
2005-01,185.71612903225807,5.224219319903369,0.37706105299073833,241.6,31.0,1.8818702927573132,0.22718374452573942,-0.3141792996586208,,0.49999999999999994,0.8660254037844387,-0.4337882907523225
2005-02,69.2357142857143,4.237516831883304,-0.3778519184014586,17.6,26.0,-1.435714652249521,-0.03350356114535324,0.08732164849720898,,0.8660254037844386,0.5000000000000001,0.37706105299073833
2005-03,46.0516129032258,3.829762787130859,-0.5931520146320031,3.0,31.0,-2.0814330641248495,-0.12179666715337878,-0.9877649997912535,,1.0,6.123233995736766e-17,-0.3778519184014586
2005-04,71.21333333333334,4.26568006680346,-0.27979571363779865,363.7,28.0,2.041931667106856,0.6645951673963715,0.4798292057066225,0.379756620294443,0.8660254037844387,-0.49999999999999983,-0.5931520146320031
2005-05,271.11290322580646,5.602535351188303,0.54618294311034,192.79999999999998,31.0,0.2869993358712739,1.0150002936759608,0.6697064692506065,-0.6037394038481776,0.49999999999999994,-0.8660254037844387,-0.27979571363779865
2005-06,129.68666666666667,4.865121284701561,-0.18264610081583754,174.1,30.0,0.79428230849819,1.4844549876351247,1.1623921160049386,-0.1621543150449996,1.2246467991473532e-16,-1.0,0.54618294311034
2005-07,507.258064516129,6.229019877083495,1.0843659813869708,253.5,31.0,0.9994870444716445,0.7956051869843206,0.9297051008852834,0.36192159089771136,-0.4999999999999998,-0.8660254037844388,-0.18264610081583754
2005-08,346.7096774193548,5.848487765250235,0.48663779268068197,176.9,31.0,-0.11961707444761514,0.6918295524941956,0.9671501667301089,0.6381509351162195,-0.8660254037844384,-0.5000000000000004,1.0843659813869708
2005-09,125.64,4.833420674670446,-0.6635673783542755,149.70000000000002,30.0,-0.3261925253073345,0.1219259091210535,0.9363789738128339,0.12641637117375912,-1.0,-1.8369701987210297e-16,0.48663779268068197
2005-10,1005.8709677419355,6.9136090797513505,1.3531224264481585,406.6,31.0,1.672486290902208,0.6658584731441569,0.835761532325042,0.8949900977254659,-0.8660254037844386,0.5000000000000001,-0.6635673783542755
2005-11,425.8333333333333,6.0540480334097495,0.5087864591001914,145.0,30.0,-0.15959035689106923,0.6596537711815753,0.7286118926747325,0.9364085096214518,-0.5000000000000004,0.8660254037844384,1.3531224264481585
2005-12,191.32258064516128,5.25396090735358,0.07816200276051255,59.4,31.0,-1.0925594677183008,0.5528494701468619,0.3623527236148509,0.792281022070133,-2.4492935982947064e-16,1.0,0.5087864591001914
2006-01,158.29032258064515,5.064430831604757,0.2172725646921263,191.79999999999998,31.0,1.3311910850794528,-0.10718185537441004,0.3220252721791988,0.7227411872625128,0.49999999999999994,0.8660254037844387,0.07816200276051255
2006-02,111.17857142857143,4.711137660266404,0.09576890998164167,32.5,28.0,-0.8883078247362222,-0.49578196457041923,0.3668974968689522,0.9182824569879033,0.8660254037844386,0.5000000000000001,0.2172725646921263
2006-03,110.87096774193549,4.7083670723646875,0.28545227060182565,178.5,31.0,1.2134222342446934,1.0291235335490179,0.9704225580527851,1.2177220813782732,1.0,6.123233995736766e-17,0.09576890998164167
2006-04,116.43333333333334,4.757318863144676,0.21184308270341745,,,,,,,0.8660254037844387,-0.49999999999999983,0.28545227060182565
2006-05,87.25806451612904,4.468869986795435,-0.5874824212825276,101.6,31.0,-0.6015600014034307,,,,0.49999999999999994,-0.8660254037844387,0.21184308270341745
2006-06,357.0,5.877735781779639,0.82996839626224,132.8,25.0,0.4120857461049757,,,,1.2246467991473532e-16,-1.0,-0.5874824212825276
2006-07,626.0322580645161,6.439401900226949,1.2947480045304252,148.5,29.0,0.061477080280594544,-0.2114082260662931,,,-0.4999999999999998,-0.8660254037844388,0.82996839626224
2006-08,218.29032258064515,5.385825931747079,0.02397595917752593,438.3,30.0,2.046618267017145,1.1903881854039988,,,-0.8660254037844384,-0.5000000000000004,1.2947480045304252
2006-09,132.7,4.888090941338162,-0.6088971116865594,271.8,30.0,0.7013364435861387,1.2943057562859266,,,-1.0,-1.8369701987210297e-16,0.02397595917752593
2006-10,330.3709677419355,5.800216167755564,0.2397295144523719,226.9,30.0,0.4395148649908594,1.500605910895042,0.743936835899119,,-0.8660254037844386,0.5000000000000001,-0.6088971116865594
2006-11,179.5,5.190175207928333,-0.3550863663812249,94.5,30.0,-0.7383994462990485,0.14389267293676863,0.7478549518426846,,-0.5000000000000004,0.8660254037844384,0.2397295144523719
2006-12,137.0,4.919980925828125,-0.2558179787649424,43.099999999999994,28.0,-1.442387546411336,-0.7074613023858253,0.4635658977522915,,-2.4492935982947064e-16,1.0,-0.3550863663812249
2007-01,87.03225806451613,4.466278832282555,-0.3808794346300761,63.8,31.0,-0.7632279887886111,-1.5235560330373965,0.35244959314601154,,0.49999999999999994,0.8660254037844387,-0.2558179787649424
2007-02,63.28928571428571,4.1477160528060955,-0.467652697478667,27.4,28.0,-1.0565891983570603,-2.444654919162374,-0.7548480544075025,,0.8660254037844386,0.5000000000000001,-0.3808794346300761
2007-03,62.11612903225806,4.129005681983716,-0.2939091197791459,34.1,31.0,-1.0519775124987414,-1.7644653490618964,-1.600540326633876,,1.0,6.123233995736766e-17,-0.467652697478667
2007-04,76.49,4.337160013333775,-0.208315767107484,,,,,,,0.8660254037844387,-0.49999999999999983,-0.2939091197791459
2007-05,54.47096774193548,3.9976678577502534,-1.0586845503277096,26.7,31.0,-2.006087462112957,,,,0.49999999999999994,-0.8660254037844387,-0.208315767107484
2007-06,46.1,3.8308129500026027,-1.216954435514796,102.69999999999999,28.0,0.08173610469438361,,,,1.2246467991473532e-16,-1.0,-1.0586845503277096
2007-07,75.02903225806452,4.317875135407877,-0.8267787602886472,38.6,31.0,-1.7096938328744415,-1.612307318065253,,,-0.4999999999999998,-0.8660254037844388,-1.216954435514796
2007-08,139.93548387096774,4.941181486901673,-0.4206684856678802,112.4,31.0,-0.9794794315853862,-1.403711968737904,,,-0.8660254037844384,-0.5000000000000004,-0.8267787602886472
2007-09,98.54333333333334,4.5904963837542985,-0.906491669270423,98.5,30.0,-0.9393395922266838,-1.946668473744802,,,-1.0,-1.8369701987210297e-16,-0.4206684856678802
2007-10,684.5032258064516,6.528693357363785,0.9682067040605933,228.60000000000002,31.0,0.4537475915306224,-0.8681145263715279,-1.7392680773022673,,-0.8660254037844386,0.5000000000000001,-0.906491669270423
2007-11,199.26666666666668,5.294643961181728,-0.2506176131278304,77.8,28.0,-0.970492903665062,-0.9313628174532633,-1.473962427872858,,-0.5000000000000004,0.8660254037844384,0.9682067040605933
2007-12,467.5806451612903,6.147571836870609,0.9717729322775419,247.4,31.0,1.2325072262944645,0.2961609761186657,-1.0415230657873744,,-2.4492935982947064e-16,1.0,-0.2506176131278304
2008-01,151.60967741935482,5.021309306390909,0.1741510394782777,77.89999999999999,27.0,-0.43701340857249793,-0.06694540625825614,-0.7466895989483274,,0.49999999999999994,0.8660254037844387,0.9717729322775419
2008-02,83.58965517241379,4.425919770477216,-0.1894489798075467,46.4,29.0,-0.49887890074760916,0.32832986771207834,-0.5223921456943448,,0.8660254037844386,0.5000000000000001,0.1741510394782777
2008-03,58.46774193548387,4.0684751822436835,-0.35443961951917835,40.3,29.0,-0.881536839449917,-1.2001553210632343,-0.32298418739743445,,1.0,6.123233995736766e-17,-0.1894489798075467
2008-04,129.29666666666668,4.862109505605341,0.31663372516408206,158.6,30.0,0.49859442189606645,-0.4113643650930233,-0.4217121515244315,-1.6420064929746991,0.8660254037844387,-0.49999999999999983,-0.35443961951917835
2008-05,60.593548387096774,4.104188425148631,-0.9521639829293322,63.9,31.0,-1.1458194221335627,-1.0069712113513725,-0.8362209263460958,-1.6249593640506381,0.49999999999999994,-0.8660254037844387,0.31663372516408206
2008-06,65.47666666666666,4.181693845078075,-0.8660735404393236,45.0,28.0,-0.7997995654728092,-0.8683878428618014,-1.4719883299124836,-1.8030316840689986,1.2246467991473532e-16,-1.0,-0.9521639829293322
2008-07,29.893548387096775,3.3976426841074994,-1.7470112115890246,147.3,28.0,0.04850999037424315,-0.9377588365701884,-1.1969446390865088,-1.3613933065022281,-0.4999999999999998,-0.8660254037844388,-0.8660735404393236
2008-08,167.3741935483871,5.120231985767538,-0.24161798680201496,299.8,30.0,1.0549994857132667,0.14061239826371097,-0.5213933012924625,-1.044737938190525,-0.8660254037844384,-0.5000000000000004,-1.7470112115890246
2008-09,1064.3366666666666,6.970107035892692,1.4731189828679705,302.0,30.0,0.9054763714793159,0.8682571658831392,0.05569881474622084,-0.3679597891468178,-1.0,-1.8369701987210297e-16,-0.24161798680201496
2008-10,278.9032258064516,5.630864860742431,0.07037820743923895,239.8,31.0,0.5458175328193352,1.1263140016180433,0.09628610213560257,-0.3046845829155683,-0.8660254037844386,0.5000000000000001,1.4731189828679705
2008-11,190.32333333333332,5.248724380203104,-0.2965371941064543,79.2,27.0,-0.950016670778525,0.282112535411114,0.16977585614109905,-0.3303586457428314,-0.5000000000000004,0.8660254037844384,0.07037820743923895
2008-12,90.30967741935484,4.503244624330239,-0.6725542802628288,116.1,31.0,-0.15534648645456064,-0.29919842907878647,0.34029323508013515,-0.5081675718220567,-2.4492935982947064e-16,1.0,-0.2965371941064543
2009-01,110.1032258064516,4.701418342177283,-0.1457399247353477,158.5,31.0,0.9099407579854645,-0.3654352624795131,0.541531572304802,-0.3036322438275928,0.49999999999999994,0.8660254037844387,-0.6725542802628288
2009-02,90.62857142857142,4.5067695212653245,-0.10859922901943797,75.4,28.0,0.11975965794140286,0.13841060027970303,0.3113321653751027,-0.18375046039989185,0.8660254037844386,0.5000000000000001,-0.1457399247353477
2009-03,168.59032258064516,5.127471645229077,0.7045568434662153,249.1,29.0,1.8604548343186287,1.5699016703212898,0.5825302621050605,0.2776250992386653,1.0,6.123233995736766e-17,-0.10859922901943797
2009-04,82.27666666666667,4.410087551891523,-0.1353882285497363,87.7,30.0,-0.3503405687375569,0.8477892606805952,0.14893336006725344,0.16690816345782422,0.8660254037844387,-0.49999999999999983,0.7045568434662153
2009-05,539.3967741935484,6.290451430327251,1.2340990222492882,161.4,27.0,0.021958041780211518,0.6703382909569515,0.4424342185283914,0.3909316026076704,0.49999999999999994,-0.8660254037844387,-0.1353882285497363
2009-06,357.1,5.878015854600402,0.8302484690830036,74.89999999999999,30.0,-0.28560221468485286,-0.4775647756916453,0.4368358801825623,0.4771171101354099,1.2246467991473532e-16,-1.0,1.2340990222492882
2009-07,258.22258064516126,5.553821928675261,0.4091680329787373,198.10000000000002,31.0,0.5455254337567759,0.036459094263462756,0.35939001628748185,0.571892878839176,-0.4999999999999998,-0.8660254037844388,0.8302484690830036
2009-08,104.52258064516128,4.649403130791171,-0.712446841778382,262.9,31.0,0.7423935166880322,0.36442576511393043,0.5386091690328387,0.42762925488145787,-0.8660254037844384,-0.5000000000000004,0.4091680329787373
2009-09,320.6566666666667,5.770370976480149,0.2733829234554275,504.9,30.0,2.0209279614497073,1.6789820215968245,0.8786525875054181,0.9566892652818719,-1.0,-1.8369701987210297e-16,-0.712446841778382
2009-10,197.3967741935484,5.285215785394472,-0.2752708679087199,136.8,31.0,-0.4476802887114345,1.3763716369697063,0.7961661369767722,0.6706630643036156,-0.8660254037844386,0.5000000000000001,0.2733829234554275
2009-11,85.2,4.44500143383527,-1.1002601404742878,224.3,30.0,0.5313188850183556,1.35332639056423,0.987120547044806,1.0760859489754553,-0.5000000000000004,0.8660254037844384,-0.2752708679087199
2009-12,324.43225806451613,5.782076756460632,0.6062778518675644,68.3,29.0,-0.9190969991850051,-0.33040884532295123,0.980221432816275,0.8304554390981375,-2.4492935982947064e-16,1.0,-1.1002601404742878
2010-01,235.16129032258064,5.460271620517558,0.6131133536049269,157.3,31.0,0.8937395386503822,0.1944697292837066,1.0396942822734856,0.8673197313871563,0.49999999999999994,0.8660254037844387,0.6062778518675644
2010-02,104.41428571428571,4.648366502431033,0.03299775214627054,134.9,23.0,1.0160567016744915,0.23125546885764553,1.2528404759385157,1.1846223958218585,0.8660254037844386,0.5000000000000001,0.6131133536049269
2010-03,89.8967741935484,4.498662058670818,0.07574725690795603,33.8,29.0,-1.0606530413992874,0.44106156349649084,-0.14354155135437818,0.556180922682265,1.0,6.123233995736766e-17,0.03299775214627054
2010-04,163.82000000000002,5.0987682640874565,0.5532924836461977,118.0,30.0,0.05254532458631343,-0.05557689753579458,0.012103569380853234,0.7022717705577518,0.8660254037844387,-0.49999999999999983,0.07574725690795603
2010-05,394.158064516129,5.976752007822111,0.9203995997441483,291.4,28.0,0.9682395330360227,0.3365388229603929,0.19566085050246504,1.0111224495958666,0.49999999999999994,-0.8660254037844387,0.5532924836461977
2010-06,537.8333333333334,6.287548722823907,1.2397813373065079,312.40000000000003,30.0,1.7621162034679423,1.4509590525515537,1.3599187343581616,1.5705778605499883,1.2246467991473532e-16,-1.0,0.9203995997441483
2010-07,833.516129032258,6.725653052972137,1.5809991572756132,359.8,31.0,1.7174843987172053,1.8746847899178576,1.7093853870100761,1.8287899447965152,-0.4999999999999998,-0.8660254037844388,1.2397813373065079
2010-08,327.0,5.7899601708972535,0.42811019832770025,132.4,31.0,-0.6828879145886448,1.526273222188042,1.2272220336006086,1.6728282843685656,-0.8660254037844384,-0.5000000000000004,1.5809991572756132
2010-09,277.96666666666664,5.62750120242483,0.13051314940010883,203.8,24.0,0.1798940226334768,0.6469237915495083,1.2245270437055022,0.8660431138882752,-1.0,-1.8369701987210297e-16,0.42811019832770025
2010-10,483.03225806451616,6.180083438305484,0.6195967850022921,169.9,31.0,-0.08554511458859941,-0.4704710538273366,1.1411091614050295,0.9258010711708908,-0.8660254037844386,0.5000000000000001,0.13051314940010883
2010-11,332.23333333333335,5.805837533305301,0.2605759589957426,67.3,30.0,-1.1307117860147233,-0.7022089446894197,0.5602516524261781,0.5418864382900911,-0.5000000000000004,0.8660254037844384,0.6195967850022921
2010-12,134.68387096774194,4.902930335844057,-0.27286856874901044,97.1,31.0,-0.4307466617476566,-0.8987773578849764,-0.17568653563674594,0.5685621584412164,-2.4492935982947064e-16,1.0,0.2605759589957426
2011-01,85.58387096774193,4.449496842119758,-0.39766142479287314,44.0,31.0,-1.3209291026357064,-1.4587639203278404,-1.3053173396448683,0.3435465311753987,0.49999999999999994,0.8660254037844387,-0.27286856874901044
2011-02,67.8,4.216562194946349,-0.398806555338413,65.3,28.0,-0.07465969966002077,-1.3787628332895387,-1.1581553531759279,0.27666912340594924,0.8660254037844386,0.5000000000000001,-0.39766142479287314
2011-03,47.332258064516125,3.857192051728275,-0.5657227500345869,29.5,31.0,-1.189849275720101,-1.558064424383039,-1.7088890863755968,0.1643888566626781,1.0,6.123233995736766e-17,-0.398806555338413
2011-04,66.12333333333333,4.1915216850719075,-0.3539540953693514,60.3,29.0,-0.8004801447440532,-1.3617726017127392,-2.184506530686488,0.08627210941702029,0.8660254037844387,-0.49999999999999983,-0.5657227500345869
2011-05,824.7677419354839,6.715101821772413,1.6587494136944505,540.4,31.0,2.1974638683026972,1.383291627619641,0.378950908819931,0.7038576482049445,0.49999999999999994,-0.8660254037844387,-0.3539540953693514
2011-06,545.3666666666667,6.301458351320921,1.2536909658035222,187.1,30.0,0.9023874248634408,1.696157049615003,0.9149679568012754,0.3876914709590055,1.2246467991473532e-16,-1.0,1.6587494136944505
2011-07,751.0645161290323,6.621491555037102,1.4768376593405783,375.90000000000003,30.0,1.81398380425385,2.243433104091263,1.733635946490046,0.40270828254616536,-0.4999999999999998,-0.8660254037844388,1.2536909658035222
2011-08,1786.0967741935483,7.4877879448473035,2.1259379722777503,623.1,29.0,3.100060281229824,2.80638272626978,2.748581013483712,1.6464906306373899,-0.8660254037844384,-0.5000000000000004,1.4768376593405783
2011-09,752.3666666666667,6.6232237937696015,1.12623574074488,183.1,29.0,-0.0015728399624298259,2.378316005056909,2.5223355905521823,1.5455365644121934,-1.0,-1.8369701987210297e-16,2.1259379722777503
2011-10,312.51612903225805,5.744656080747782,0.18416942744458975,187.9,27.0,0.09153430586439465,1.7129895155533716,2.568318882413169,1.5350030145563618,-0.8660254037844386,0.5000000000000001,1.12623574074488
2011-11,323.8333333333333,5.780228980149385,0.23496740583982678,169.6,25.0,0.0762187796655467,-0.12994404351156846,1.783839958982485,1.8500992850878826,-0.5000000000000004,0.8660254037844384,0.18416942744458975
2011-12,186.38709677419354,5.227825676541034,0.052026771947966566,176.5,28.0,0.565645761137205,0.20322654433356577,1.8412314903598457,1.6878668100242038,-2.4492935982947064e-16,1.0,0.23496740583982678
2012-01,106.47741935483872,4.667932937831841,-0.17922532908078992,90.9,29.0,-0.17057052940482564,0.12430198193379004,1.2659250817719765,1.843242146451982,0.49999999999999994,0.8660254037844387,0.052026771947966566
2012-02,74.41034482758621,4.309594975554946,-0.3057737747298166,125.7,28.0,0.8969006417612945,0.5085538576891603,0.1606454370092973,2.2609752972577475,0.8660254037844386,0.5000000000000001,-0.17922532908078992
2012-03,355.03548387096777,5.872217739046397,1.4493029372835355,281.2,28.0,2.1171586490796797,1.6632528223773442,1.0406658382192289,2.631162968906836,1.0,6.123233995736766e-17,-0.3057737747298166
2012-04,239.7,5.479388141440339,0.9339123609990798,121.7,29.0,0.0969545905617568,1.535655622787552,0.9966021061025052,2.813034087533824,0.8660254037844387,-0.49999999999999983,1.4493029372835355
2012-05,681.8064516129032,6.5247458222769605,1.4683934141989976,346.6,21.0,1.2854207745349873,1.9487453668484416,1.8920665239085246,2.4959004718440068,0.49999999999999994,-0.8660254037844387,0.9339123609990798
2012-06,98.38000000000001,4.588837531367194,-0.45892985415020515,26.1,26.0,-1.2516466351568134,0.4743396884024244,1.1601985970255058,2.1516492030663437,1.2246467991473532e-16,-1.0,1.4683934141989976
2012-07,181.11290322580646,5.199120611527447,0.05446671583092311,140.1,29.0,-0.030826663094460634,0.37847679773539816,1.0535348501996815,1.5506396918614747,-0.4999999999999998,-0.8660254037844388,-0.45892985415020515
2012-08,339.68387096774194,5.82801539381483,0.46616542124527705,201.4,28.0,0.1500857364272816,-0.5791856053181328,0.8162279705434824,0.5568553452101831,-0.8660254037844384,-0.5000000000000004,0.05446671583092311
2012-09,80.19,4.384398818818937,-1.1125892342057844,27.8,30.0,-2.416092247270877,-1.0519899084521616,-0.4710961824505012,0.1058023202745479,-1.0,-1.8369701987210297e-16,0.46616542124527705
2012-10,362.5290322580645,5.893104560075542,0.3326179067723496,234.3,31.0,0.5009663962701457,-0.7203625322130158,-0.295700943795481,0.2422410153804093,-0.8660254037844386,0.5000000000000001,-1.1125892342057844
2012-11,209.34666666666666,5.343991570039211,-0.2012700042703468,113.3,27.0,-0.5045283364461541,-1.129295860024992,-1.1201072000005883,0.08013257793391722,-0.5000000000000004,0.8660254037844384,0.3326179067723496
2012-12,187.1483870967742,5.231901816075386,0.05610291148231816,153.2,29.0,0.3095921952330398,0.042106285606387975,-0.7711314885392003,0.08772134786626903,-2.4492935982947064e-16,1.0,-0.2012700042703468
2013-01,78.56451612903226,4.363920148761451,-0.48323811815117956,63.3,31.0,-0.7756796952446589,-0.52104801899092,-0.9543070362895693,0.03714996560729843,0.49999999999999994,0.8660254037844387,0.05610291148231816
2013-02,52.03928571428571,3.951998927844605,-0.6633698224401576,26.6,26.0,-1.0845802011905552,-0.9354679430195095,-1.3120535463522796,-0.15657576013321334,0.8660254037844386,0.5000000000000001,-0.48323811815117956
2013-03,53.52903225806452,3.980224165745039,-0.4426906360178231,138.5,30.0,0.7723155439877644,-0.45814826722774693,-0.2699768882660714,-0.656863353104252,1.0,6.123233995736766e-17,-0.6633698224401576
2013-04,80.21333333333334,4.384689752093365,-0.16078602834789368,87.6,29.0,-0.3518083974527931,-0.3449352756926142,-0.772624000860657,-0.6806328835050595,0.8660254037844387,-0.49999999999999983,-0.4426906360178231
2013-05,245.74193548387098,5.504281942553403,0.44792953447544015,311.2,31.0,1.086093862561923,0.8931660208427765,0.06281344333057626,-0.8641215208159531,0.49999999999999994,-0.8660254037844387,-0.16078602834789368
2013-06,436.3,6.078330080129564,1.0305626946121649,63.3,24.0,-0.4656681832623575,0.31305120472400716,-0.07638438180936817,-0.7308912817730399,1.2246467991473532e-16,-1.0,0.44792953447544015
2013-07,488.6774193548387,6.191702597673177,1.047048701976653,291.5,29.0,1.2748634272482073,0.9581104467498919,0.6274667409543386,-0.2753962071835964,-0.4999999999999998,-0.8660254037844388,1.0305626946121649
2013-08,273.741935483871,5.612185821277124,0.25033584870757064,241.6,28.0,0.5487340477449317,0.654487429379929,0.8701119845116827,-0.32542680900935483,-0.8660254037844384,-0.5000000000000004,1.047048701976653
2013-09,565.2666666666667,6.337297596201793,0.8403095431770717,183.1,29.0,-0.0015728399624298259,0.732383685017175,0.5580182238725497,0.14013022280749712,-1.0,-1.8369701987210297e-16,0.25033584870757064
2013-10,268.80645161290323,5.593991609897061,0.03350495659386876,95.4,31.0,-0.9988922641702924,-0.39147662740309885,0.36331876417903736,-0.24006938871947953,-0.8660254037844386,0.5000000000000001,0.8403095431770717
2013-11,257.73333333333335,5.551925458666066,0.0066638843565076655,204.1,29.0,0.37253302792714027,-0.45351418769776647,0.06433093216589951,0.0037809106347958137,-0.5000000000000004,0.8660254037844384,0.03350495659386876
2013-12,402.83870967741933,5.998536257710121,0.8227373531170539,,,,,,,-2.4492935982947064e-16,1.0,0.0066638843565076655
2014-01,172.1290322580645,5.148244383110313,0.30108611619768233,41.0,26.0,-1.420390382524034,,,,0.49999999999999994,0.8660254037844387,0.8227373531170539
2014-02,166.77142857142857,5.116624183714378,0.5012554334296153,44.4,26.0,-0.5499099062063396,,,,0.8660254037844386,0.5000000000000001,0.30108611619768233
2014-03,95.73225806451612,4.561555316526267,0.1386405147634049,,11.0,,,,,1.0,6.123233995736766e-17,0.5012554334296153
2014-04,129.77666666666667,4.865815024371466,0.3203392439302073,37.099999999999994,30.0,-1.2899222664169039,,,,0.8660254037844387,-0.49999999999999983,0.1386405147634049
2014-05,182.68064516129033,5.207739519957651,0.15138711187968834,191.4,29.0,0.2758239173688001,,,,0.49999999999999994,-0.8660254037844387,0.3203392439302073
2014-06,83.53333333333333,4.425245753793858,-0.6225216317235409,19.9,22.0,-1.4392481671094934,-1.0133973330004056,,,1.2246467991473532e-16,-1.0,0.15138711187968834
2014-07,73.02258064516128,4.2907687172239335,-0.8538851784725905,,2.0,,,,,-0.4999999999999998,-0.8660254037844388,-0.6225216317235409
2014-08,480.64838709677423,6.1751359988352785,0.8132860262657253,,,,,,,-0.8660254037844384,-0.5000000000000004,-0.8538851784725905
2014-09,373.77666666666664,5.9236584711005955,0.426670418075874,,,,,,,-1.0,-1.8369701987210297e-16,0.8132860262657253
2014-10,83.70322580645161,4.427277516853754,-1.1332091364494383,,,,,,,-0.8660254037844386,0.5000000000000001,0.426670418075874
2014-11,436.03333333333336,6.077718693026072,0.5324571187165139,,,,,,,-0.5000000000000004,0.8660254037844384,-1.1332091364494383
2014-12,142.96451612903223,4.962596460510525,-0.2132024440825422,,,,,,,-2.4492935982947064e-16,1.0,0.5324571187165139
2015-01,118.20322580645161,4.772405395686334,-0.07475287122629659,,,,,,,0.49999999999999994,0.8660254037844387,-0.2132024440825422
2015-02,113.22857142857143,4.729408531701021,0.11403978141625881,80.9,25.0,0.21859209303612556,,,,0.8660254037844386,0.5000000000000001,-0.07475287122629659
2015-03,66.88387096774194,4.202957846403866,-0.21995695535899618,64.39999999999999,29.0,-0.33854240180935447,,,,1.0,6.123233995736766e-17,0.11403978141625881
2015-04,47.980000000000004,3.8707842574115485,-0.6746915230297104,137.7,28.0,0.2795735846262908,-0.08590419170850637,,,0.8660254037844387,-0.49999999999999983,-0.21995695535899618
2015-05,32.34838709677419,3.4765641617989917,-1.5797882462789712,118.1,31.0,-0.40853914159916727,-0.5254755721975967,,,0.49999999999999994,-0.8660254037844387,-0.6746915230297104
2015-06,16.996666666666666,2.8330172463989545,-2.2147501391184443,103.10000000000001,28.0,0.0865144444839478,-0.25905268847444807,,,1.2246467991473532e-16,-1.0,-1.5797882462789712
2015-07,39.33548387096774,3.6721270089885696,-1.4725268867079544,34.6,29.0,-1.8268049239327255,-0.9404122476522015,-0.9987863519171831,,-0.4999999999999998,-0.8660254037844388,-2.2147501391184443
2015-08,69.66451612903225,4.243691093858986,-1.1181588787105676,157.1,31.0,-0.3566501060418649,-1.0810931737331435,-1.1557393851261581,,-0.8660254037844384,-0.5000000000000004,-1.4725268867079544
2015-09,73.00666666666666,4.290550761179503,-1.2064372918452184,,,,,,,-1.0,-1.8369701987210297e-16,-1.1181588787105676
2015-10,313.5225806451613,5.747871385055387,0.1873847317521946,,,,,,,-0.8660254037844386,0.5000000000000001,-1.2064372918452184
2015-11,300.79,5.706412346842217,0.1611507725326593,124.1,28.0,-0.3808772729058964,,,,-0.5000000000000004,0.8660254037844384,0.1873847317521946
2015-12,223.09677419354838,5.4076056423180345,0.23180673772496707,67.1,31.0,-0.941782002528541,,,,-2.4492935982947064e-16,1.0,0.1611507725326593
2016-01,153.73225806451612,5.035212505325812,0.18805423841318092,,15.0,,,,,0.49999999999999994,0.8660254037844387,0.23180673772496707
2016-02,132.5793103448276,4.887181034995731,0.2718122847109683,54.1,23.0,-0.3146053606384714,,,,0.8660254037844386,0.5000000000000001,0.18805423841318092
2016-03,142.9806451612903,4.962709272577024,0.5397944708141624,45.9,20.0,-0.7404055662629897,,,,1.0,6.123233995736766e-17,0.2718122847109683
2016-04,242.56333333333333,5.491262844663892,0.9457870642226327,122.2,29.0,0.10288872259041056,-0.6279540675958967,,,0.8660254037844387,-0.49999999999999983,0.5397944708141624
2016-05,257.8806451612903,5.552496862228069,0.4961444541501061,109.19999999999999,31.0,-0.5101270265317559,-0.8790005658191148,,,0.49999999999999994,-0.8660254037844387,0.9457870642226327
2016-06,284.40999999999997,5.650416859054949,0.60264947353755,,10.0,,,,,1.2246467991473532e-16,-1.0,0.4961444541501061
2016-07,312.2258064516129,5.743726664663942,0.5990727689674182,177.7,26.0,0.357456621556386,,,,-0.4999999999999998,-0.8660254037844388,0.60264947353755
2016-08,279.5806451612903,5.633290784649199,0.27144081207964543,233.0,31.0,0.46736661754636555,,,,-0.8660254037844384,-0.5000000000000004,0.5990727689674182
2016-09,151.50333333333336,5.020607626907599,-0.4763804261171227,186.6,28.0,0.030045017919599085,0.20398617336684838,,,-1.0,-1.8369701987210297e-16,0.27144081207964543
2016-10,374.40645161290325,5.925341976327041,0.36485532302384893,140.0,29.0,-0.4102092001094166,-0.17607300595900063,,,-0.8660254037844386,0.5000000000000001,-0.4763804261171227
2016-11,622.4,6.433582972864182,0.8883213985546234,450.8,29.0,1.8935365953390555,0.9920403685473623,,,-0.5000000000000004,0.8660254037844384,0.36485532302384893
2016-12,253.61290322580646,5.5358091014966595,0.36001019690359204,110.2,25.0,-0.23763708495693706,0.9265091660443503,0.6947173321416289,,-2.4492935982947064e-16,1.0,0.8883213985546234
2017-01,157.84193548387097,5.061594123954631,0.21443585704199997,101.9,25.0,0.035318502388206004,1.1989136965907239,0.6293427346722965,,0.49999999999999994,0.8660254037844387,0.36001019690359204
2017-02,84.34642857142856,4.434932467507902,-0.18043628277686086,,18.0,,,,,0.8660254037844386,0.5000000000000001,0.21443585704199997
2017-03,158.52903225806452,5.065937745364572,0.6430229436017099,268.2,25.0,2.015465449334072,,,,1.0,6.123233995736766e-17,-0.18043628277686086
2017-04,373.60999999999996,5.923212472591757,1.3777366921504983,233.2,30.0,1.156315465584954,,,,0.8660254037844387,-0.49999999999999983,0.6430229436017099
2017-05,391.48387096774195,5.969944316543222,0.9135919084652588,159.3,31.0,0.0030356945815266977,1.533951069505167,,,0.49999999999999994,-0.8660254037844387,1.3777366921504983
2017-06,145.32999999999998,4.979007018638079,-0.06876036687931997,107.60000000000001,28.0,0.13945627431385943,0.5020740393900667,,,1.2246467991473532e-16,-1.0,0.9135919084652588
2017-07,160.6516129032258,5.079238125369706,-0.06541577032681811,298.1,26.0,1.3203186820341424,0.5873475390275656,,,-0.4999999999999998,-0.8660254037844388,-0.06876036687931997
2017-08,397.4774193548387,5.985138125826333,0.6232881532567802,133.0,29.0,-0.6744866586615436,0.3783141994285607,1.078454128300916,,-0.8660254037844384,-0.5000000000000004,-0.06541577032681811
2017-09,1647.9333333333334,7.4072772565767355,1.910289203552014,,,,,,,-1.0,-1.8369701987210297e-16,0.6232881532567802
2017-10,1152.258064516129,7.049478830505289,1.488992177202097,,,,,,,-0.8660254037844386,0.5000000000000001,1.910289203552014
2017-11,623.2333333333333,6.434920980503119,0.8896594061935605,,,,,,,-0.5000000000000004,0.8660254037844384,1.488992177202097
2017-12,166.2258064516129,5.113347143843078,-0.06245176074998948,,,,,,,-2.4492935982947064e-16,1.0,0.8896594061935605
2018-01,221.93548387096774,5.402386726442243,0.5552284595296122,,,,,,,0.49999999999999994,0.8660254037844387,-0.06245176074998948
2018-02,151.83214285714286,5.02277558732373,0.40740683703896785,,,,,,,0.8660254037844386,0.5000000000000001,0.5552284595296122
2018-03,104.78064516129032,4.651869071255356,0.22895426949249398,,,,,,,1.0,6.123233995736766e-17,0.40740683703896785
2018-04,138.02666666666667,4.9274469032043715,0.3819711227631126,,,,,,,0.8660254037844387,-0.49999999999999983,0.22895426949249398
2018-05,338.9709677419355,5.825914462833815,0.7695620547558519,,,,,,,0.49999999999999994,-0.8660254037844387,0.3819711227631126
2018-06,212.93333333333334,5.360979127672747,0.31321174215534864,,,,,,,1.2246467991473532e-16,-1.0,0.7695620547558519
2018-07,240.39999999999998,5.4823042026610525,0.33765030696452847,,,,,,,-0.4999999999999998,-0.8660254037844388,0.31321174215534864
2018-08,189.53225806451613,5.24455923728885,-0.11729073528070355,125.3,22.0,-0.7843649248987294,,,,-0.8660254037844384,-0.5000000000000004,0.33765030696452847
2018-09,208.59333333333333,5.340386582963608,-0.1566014700611138,128.3,25.0,-0.5612637900181372,,,,-1.0,-1.8369701987210297e-16,-0.11729073528070355
2018-10,270.38709677419354,5.59985462399987,0.03936797069667808,,,,,,,-0.8660254037844386,0.5000000000000001,-0.1566014700611138
2018-11,314.3333333333333,5.750453993965348,0.2051924196557895,,19.0,,,,,-0.5000000000000004,0.8660254037844384,0.03936797069667808
2018-12,109.10967741935484,4.6923535911907726,-0.4834453134022949,,,,,,,-2.4492935982947064e-16,1.0,0.2051924196557895
2019-01,114.11935483870967,4.737244872970659,-0.10991339394197208,37.6,21.0,-1.5397061822507343,,,,0.49999999999999994,0.8660254037844387,-0.4834453134022949
2019-02,75.10357142857143,4.318868113279454,-0.29650063700530804,37.5,26.0,-0.7380568685803605,,,,0.8660254037844386,0.5000000000000001,-0.10991339394197208
2019-03,66.44193548387096,4.196328415625286,-0.2265863861375763,32.0,29.0,-1.1136097799331777,-2.069613323453237,,,1.0,6.123233995736766e-17,-0.29650063700530804
2019-04,206.88666666666668,5.332171139304546,0.7866953588632875,26.099999999999998,24.0,-1.5727747491132402,-2.2357194534356317,,,0.8660254037844387,-0.49999999999999983,-0.2265863861375763
2019-05,165.2064516129032,5.1071959136711875,0.05084350559322459,73.2,20.0,-0.9936472575031181,-2.489884564342202,,,0.49999999999999994,-0.8660254037844387,0.7866953588632875
2019-06,78.17333333333333,4.358928583427905,-0.688838802089494,37.5,29.0,-0.9620569319922948,-2.0735709932992594,-2.927732296115538,,1.2246467991473532e-16,-1.0,0.05084350559322459
2019-07,126.29032258064517,4.838583403939757,-0.3060704917567669,166.7,30.0,0.25006160357823337,-0.801092745810185,-1.9704324771196995,,-0.4999999999999998,-0.8660254037844388,-0.688838802089494
2019-08,283.72903225806454,5.648019670939469,0.2861696983699158,110.0,21.0,-1.0174868400618493,-0.9396578579442134,-2.07580351009475,,-0.8660254037844384,-0.5000000000000004,-0.3060704917567669
2019-09,210.2866666666667,5.348471679208759,-0.14851637381596206,84.2,26.0,-1.150296757265561,-1.1074359673326595,-2.0643261722727324,,-1.0,-1.8369701987210297e-16,0.2861696983699158
2019-10,102.39032258064516,4.628792202091042,-0.9316944512121497,218.9,31.0,0.3715752394916985,-1.0371812405399379,-1.3703445236244667,,-0.8660254037844386,0.5000000000000001,-0.14851637381596206
2019-11,82.36333333333333,4.411140354061976,-1.1341212202475823,108.7,30.0,-0.5594202143010255,-0.8865102064869245,-1.1890576306104002,,-0.5000000000000004,0.8660254037844384,-0.9316944512121497
2019-12,111.38387096774194,4.712982532161132,-0.4628163724319352,154.7,31.0,0.3267964154222117,-0.05079221744226035,-0.8782520002074505,-2.0393367992574505,-2.4492935982947064e-16,1.0,-1.1341212202475823
2020-01,181.1967741935484,5.199583590986553,0.3524253240739217,175.8,29.0,1.135195657227468,0.1363653398546248,-0.7068200333959155,-1.6354929422816182,0.49999999999999994,0.8660254037844387,-0.4628163724319352
2020-02,116.43793103448276,4.757358350207733,0.14198959992297056,143.8,29.0,1.1265432239510842,1.1390036998706659,-0.03759160396723787,-1.388596371697519,0.8660254037844386,0.5000000000000001,0.3524253240739217
2020-03,186.00322580645164,5.2257640166082515,0.8028492148453896,289.2,31.0,2.1783271366069377,2.3129221240030184,1.266574743754441,-0.6688562072572478,1.0,6.123233995736766e-17,0.14198959992297056
2020-04,58.14333333333333,4.062911226361933,-0.4825645540793255,56.9,28.0,-0.8646019217897049,1.318877167256063,0.8508520326514549,-0.5033220509092138,0.8660254037844387,-0.49999999999999983,0.8028492148453896
2020-05,43.306451612903224,3.7683016218978733,-1.2880507861800896,55.9,31.0,-1.2902532589632778,0.06804428428859577,0.593870657862524,-0.6215512625803211,0.49999999999999994,-0.8660254037844387,-0.4825645540793255
2020-06,27.3,3.3068867021909143,-1.7408806833264845,37.8,30.0,-0.955197738087816,-1.9145331568107862,0.23351722007158238,-0.6038880105376615,1.2246467991473532e-16,-1.0,-1.2880507861800896
2020-07,392.2129032258065,5.971804812827916,0.8271509171313918,461.9,31.0,2.2904605141535717,0.5507013824202538,1.0671911056394547,0.21379289189828973,-0.4999999999999998,-0.8660254037844388,-1.7408806833264845
2020-08,124.19354838709677,4.821841222796683,-0.5400087497728698,147.9,31.0,-0.4737491369131567,0.8852133395118745,0.591538908390486,0.22759632473874425,-0.8660254037844384,-0.5000000000000004,0.8271509171313918
2020-09,94.33333333333333,4.546834608975128,-0.9501534440495938,126.1,30.0,-0.5869307304802144,0.8142205677493309,-0.38875740023411615,0.33784431910631973,-1.0,-1.8369701987210297e-16,-0.5400087497728698
2020-10,365.1290322580645,5.900250804147274,0.33976415084408185,144.29999999999998,27.0,-0.36077304060233534,-1.0033043633227388,-0.30376556959629636,0.1365581666922456,-0.8660254037844386,0.5000000000000001,-0.9501534440495938
2020-11,1014.4333333333333,6.9220854432902925,1.3768238689807344,121.6,30.0,-0.40888273039684586,-1.016649197667484,-0.06031042045458538,0.16755579864854833,-0.5000000000000004,0.8660254037844384,0.33976415084408185
2020-12,196.1290322580645,5.278772770475066,0.10297386588199853,79.5,31.0,-0.7171287424370848,-0.8271243691596105,0.0006779243895482891,0.037590393785329905,-2.4492935982947064e-16,1.0,1.3768238689807344
2021-01,107.19354838709677,4.674636063869448,-0.172522203043183,98.8,31.0,-0.02112237231569981,-0.7261553424331556,-1.288256048084674,-0.13620916561292049,0.49999999999999994,0.8660254037844387,0.10297386588199853
2021-02,76.17142857142858,4.3329864392492405,-0.2823823110355219,60.8,28.0,-0.16759288653487028,-0.9814379636534941,-1.2443608718086243,-0.31174662290435506,0.8660254037844386,0.5000000000000001,-0.172522203043183
2021-03,52.29354838709677,3.956873005662381,-0.4660417961004808,124.19999999999999,27.0,0.5950732814696188,0.07808355488959692,-0.7828474195795725,-0.8862839892678455,1.0,6.123233995736766e-17,-0.2823823110355219
2021-04,42.559999999999995,3.750914845033389,-0.79456093540787,92.9,30.0,-0.27544348039311645,-0.12814689448453295,-0.798661885114275,-0.7016411743256893,0.8660254037844387,-0.49999999999999983,-0.4660417961004808
2021-05,27.993548387096773,3.331974068879104,-1.724378339198859,305.2,31.0,1.0508999326879023,0.8089769207203904,-0.04748854426136613,-0.04437733682898414,0.49999999999999994,-0.8660254037844387,-0.79456093540787
2021-06,237.41,5.469788604287577,0.42202121877017795,237.79999999999998,30.0,1.2838247253582418,1.1093294156802638,0.8885230035061848,0.5024796449963043,1.2246467991473532e-16,-1.0,-1.724378339198859
2021-07,125.70967741935483,4.8339751008535625,-0.31067879484296146,222.9,31.0,0.7577691817469402,1.2905509442302834,1.0615329929369022,-0.14039614231769118,-0.4999999999999998,-0.8660254037844388,0.42202121877017795
2021-08,145.3741935483871,4.979311063434875,-0.38253890913467803,144.3,31.0,-0.520927800414193,0.6941238483190295,0.8493990329755298,-0.3061245910426341,-0.8660254037844384,-0.5000000000000004,-0.31067879484296146
2021-09,79.95,4.381401439279963,-1.1155866137447585,172.7,30.0,-0.09799809642445939,-0.07641324096597696,0.5506112107488814,-0.15787761703425865,-1.0,-1.8369701987210297e-16,-0.38253890913467803
2021-10,209.13225806451615,5.342966865528467,-0.2175197877747248,272.2,31.0,0.7972403576483852,-0.021272044384912387,0.8398136688795289,0.21791609124781966,-0.8660254037844386,0.5000000000000001,-1.1155866137447585
2021-11,90.02333333333333,4.50006889598765,-1.045192678321908,115.0,30.0,-0.4845916018494589,-0.02747895940675646,0.32591658606414786,0.1973501260483718,-0.5000000000000004,0.8660254037844384,-0.2175197877747248
2021-12,94.34193548387097,4.546925793692632,-0.6288731109004351,151.3,31.0,0.2876452365054562,0.22454652269133607,-0.009199577324605898,0.39435304243214514,-2.4492935982947064e-16,1.0,-1.045192678321908
2022-01,54.61290322580645,4.000270177647989,-0.8468880892646418,27.3,31.0,-1.9577557041464821,-0.7711483907913638,-0.5834292261788171,0.2550184546728722,0.49999999999999994,0.8660254037844387,-0.6288731109004351
2022-02,278.6535714285714,5.629969330831208,1.0146005805464453,332.5,26.0,2.8572277461824647,1.4015950239947446,0.6972570956230184,1.0370322871083355,0.8660254037844386,0.5000000000000001,-0.8468880892646418
2022-03,72.91612903225807,4.289309863270542,-0.13360493849231947,122.5,31.0,0.5731514361548197,1.5654414766484694,0.9978354981610053,0.9215584837905475,1.0,6.123233995736766e-17,1.0146005805464453
2022-04,63.32333333333334,4.148253876288848,-0.39722190415241077,51.9,30.0,-0.9631397679568093,1.4154045265333839,0.3051105742902553,0.8950691741985599,0.8660254037844387,-0.49999999999999983,-0.13360493849231947
2022-05,67.81290322580645,4.216752489904108,-0.8395999181738549,161.8,29.0,0.025543407294969744,-0.40193018679695625,0.4375294468551807,0.5241894681402345,0.49999999999999994,-0.8660254037844387,-0.39722190415241077
2022-06,49.36333333333334,3.8992079083813023,-1.1485594771360965,47.5,30.0,-0.749533527537397,-0.9153978072035345,0.16372079800983735,0.025247984402224588,1.2246467991473532e-16,-1.0,-0.8395999181738549
2022-07,303.31290322580645,5.7147649565717025,0.5701110608751785,225.8,29.0,0.7815645276480401,0.039688248879495854,0.7111232746609993,0.02558034051680089,-0.4999999999999998,-0.8660254037844388,-1.1485594771360965
2022-08,119.9483870967742,4.787061542732391,-0.5747884298371622,241.2,31.0,0.5449921363166008,0.25665638641973015,-0.13190865346167113,0.18666841825356767,-0.8660254037844384,-0.5000000000000004,0.5701110608751785
2022-09,1331.5800000000002,7.194121486062693,1.6971334330379717,685.8,30.0,2.796392839351679,2.2885633835504318,1.2145502615554733,1.5256288077296165,-1.0,-1.8369701987210297e-16,-0.5747884298371622
2022-10,434.03225806451616,6.07311885867586,0.5126322053726682,393.5,31.0,1.5961577385555024,2.7984545196968056,1.8315738429478756,1.7518786031367786,-0.8660254037844386,0.5000000000000001,1.6971334330379717
2022-11,771.2666666666667,6.648034184926678,1.1027726106171203,158.6,22.0,-0.026319767749179403,2.65435423150228,1.8425958890295702,1.9359723203415284,-0.5000000000000004,0.8660254037844384,0.5126322053726682
2022-12,146.74193548387098,4.988675503084858,-0.1871234015082095,88.3,31.0,-0.569653449361261,0.6786533664760959,2.032349227391326,1.4905542859758945,-2.4492935982947064e-16,1.0,1.1027726106171203
2023-01,129.18387096774194,4.86123674584465,0.014078478932018967,191.9,30.0,1.3323826300075474,0.13417500535439633,2.1552671019685756,1.8651441587269921,0.49999999999999994,0.8660254037844387,-0.1871234015082095
2023-02,68.28571428571429,4.223700583436143,-0.3916681668486195,70.89999999999999,28.0,0.035364234369515406,0.14822342716732534,2.3905062651667297,1.594631734042538,0.8660254037844386,0.5000000000000001,0.014078478932018967
2023-03,39.900000000000006,3.686376323895818,-0.7365384778670441,111.5,31.0,0.4263657866806788,0.8202321977646404,0.9739539981007991,1.4512156014320756,1.0,6.123233995736766e-17,-0.3916681668486195
2023-04,311.94,5.7428108616236795,1.1973350811824206,307.8,30.0,1.6916326601775915,1.3205990561349852,0.8504476138936471,2.065038543002926,0.8660254037844387,-0.49999999999999983,-0.7365384778670441
2023-05,79.4483870967742,4.375107591917933,-0.6812448161600297,54.0,31.0,-1.3267701297193524,0.5223952185995774,0.311551122736977,1.872443645995691,0.49999999999999994,-0.8660254037844387,1.1973350811824206
2023-06,69.87666666666668,4.246731783307681,-0.8010356022097174,61.199999999999996,30.0,-0.5005249071699617,0.10746653484330736,0.39606103218335814,1.8983148145829363,1.2246467991473532e-16,-1.0,-0.6812448161600297
2023-07,187.9516129032258,5.236184551528171,0.09153065583164732,179.29999999999998,29.0,0.3727070601959554,-0.6960702753007026,0.1168957536712603,1.7021298607116062,-0.4999999999999998,-0.8660254037844388,-0.8010356022097174
2023-08,336.57096774193553,5.818809026527429,0.45695905395787584,268.2,31.0,0.7889759064052719,0.2269369774525533,0.35675916381835027,1.9097741437620044,-0.8660254037844384,-0.5000000000000004,0.09153065583164732
2023-09,98.71000000000001,4.5921862584297966,-0.9048017945949249,181.0,30.0,-0.020739479117323715,0.34891788227738785,0.1683788170886028,0.5811906054974367,-1.0,-1.8369701987210297e-16,0.45695905395787584
2023-10,249.05161290322582,5.517660155720871,-0.04282649758232093,351.1,31.0,1.3375216936739902,0.9557227243817376,0.08696655395799661,0.4602319224893185,-0.8660254037844386,0.5000000000000001,-0.9048017945949249
2023-11,175.62,5.168322569931849,-0.376939004377709,56.8,30.0,-1.3035237887652236,0.12213076198240655,0.12211718346956901,0.18504432929619838,-0.5000000000000004,0.8660254037844384,-0.04282649758232093
2023-12,119.80000000000001,4.785823685681349,-0.3899752189117187,98.5,31.0,-0.4093667107015133,0.06977297739449903,0.1801418238440868,0.24734317931168864,-2.4492935982947064e-16,1.0,-0.376939004377709
2024-01,49.55161290322581,3.9030148112699536,-0.9441434556426773,40.1,31.0,-1.4512526018955128,-1.580380057172642,-0.15026737417320754,-0.09501936385964767,0.49999999999999994,0.8660254037844387,-0.3899752189117187
2024-02,150.66551724137932,5.015062262206123,0.3996935119213605,163.5,29.0,1.356692500093402,-0.310564987630888,-0.01686142816481475,0.21789939802180036,0.8660254037844386,0.5000000000000001,-0.9441434556426773
2024-03,79.00322580645161,4.369488684626436,-0.053426117136425866,169.5,31.0,1.1200854655002956,0.8112128701036919,0.4185345609586353,0.2681257913544728,1.0,6.123233995736766e-17,0.3996935119213605
2024-04,351.4566666666667,5.862086422475058,1.3166106420337993,257.0,30.0,1.3374009863082663,1.8597375021740736,0.23731658868605351,0.20976254190764096,0.8660254037844387,-0.49999999999999983,-0.053426117136425866
2024-05,412.5290322580645,6.0223065845297645,0.9659541764518016,117.9,31.0,-0.4107624824918184,0.9324816056958337,0.43316675232525886,0.345383674023325,0.49999999999999994,-0.8660254037844387,1.3166106420337993
2024-06,371.1,5.916471568066552,0.8687041825491528,141.5,30.0,0.498351886096676,0.5802539137136288,0.7712250518656639,0.5627084423501687,1.2246467991473532e-16,-1.0,0.9659541764518016
2024-07,258.1290322580645,5.5534595849320345,0.4088056892355105,125.4,31.0,-0.20181472182659202,-0.20187577292686426,0.8266180703650273,0.3965053584986585,-0.4999999999999998,-0.8660254037844388,0.8687041825491528
2024-08,453.06451612903226,6.116034535053198,0.754184562483645,286.9,31.0,0.9487058746599764,0.4524014296569594,0.7542352373139914,0.38221128533438836,-0.8660254037844384,-0.5000000000000004,0.4088056892355105
2024-09,310.1333333333333,5.737002312536345,0.24001425951162325,174.1,30.0,-0.0847930573174933,0.15216861523786607,0.3295772903415445,0.3509327607003667,-1.0,-1.8369701987210297e-16,0.754184562483645
2024-10,190.7225806451613,5.250819914852771,-0.3096667384504208,167.8,30.0,-0.10701564612734034,0.17789399270374642,-0.172042937111554,-0.1532484436828453,-0.8660254037844386,0.5000000000000001,0.24001425951162325
2024-11,756.2333333333333,6.628349970534705,1.083088396225147,296.9,29.0,1.0365107579067074,0.36846769287826747,0.40752808464205026,0.5138452315486832,-0.5000000000000004,0.8660254037844384,-0.3096667384504208
2024-12,291.8709677419355,5.67631181331081,0.5005129087177425,116.3,31.0,-0.1526035960583831,0.4203029819691183,0.28622436756628344,0.5228350079174408,-2.4492935982947064e-16,1.0,1.083088396225147
2025-01,157.16129032258064,5.057272604904587,0.2101143379919561,111.1,31.0,0.19632017944185512,0.5751191952552791,0.40180163679073044,0.7092120348336597,0.49999999999999994,0.8660254037844387,0.5005129087177425
2025-02,170.46785714285716,5.138546757794962,0.5231780075101993,59.8,27.0,-0.1888456226545944,-0.459937272112022,0.1290420287870364,0.6094359806528277,0.8660254037844386,0.5000000000000001,0.2101143379919561
2025-03,157.86129032258063,5.061716738088107,0.6388019363252448,150.6,29.0,0.9133990705866345,0.4038972458457313,0.516811177655118,0.45661676486800595,1.0,6.123233995736766e-17,0.5231780075101993
2025-04,204.4633333333333,5.320388660303346,0.7749128798620868,148.4,28.0,0.3941838714039932,0.48937398596468246,0.6617190028136118,0.252628062358671,0.8660254037844387,-0.49999999999999983,0.6388019363252448
2025-05,436.4193548387097,6.078603604118214,1.0222511960402514,132.9,27.0,-0.2507693965633023,0.2646101911133346,-0.2998417543787688,0.25885218291966927,0.49999999999999994,-0.8660254037844387,0.7749128798620868
2025-06,108.89666666666668,4.690399420348928,-0.35736796516847047,19.6,29.0,-1.448997488554461,-0.631192745158349,-0.40377828757451323,-0.06354946635374825,1.2246467991473532e-16,-1.0,1.0222511960402514
2025-07,93.69999999999999,4.540098189244376,-0.6045557064521478,69.0,30.0,-1.0291352989643414,-1.1797126832892806,-0.7891115405913348,-0.21729707348548122,-0.4999999999999998,-0.8660254037844388,-0.35736796516847047
2025-08,124.21935483870968,4.822048993418665,-0.539800979150888,231.8,31.0,0.4558566448225927,-0.8957365409790631,-0.5324176187379528,-0.5591096794561282,-0.8660254037844384,-0.5000000000000004,-0.6045557064521478
2025-09,108.68,4.688407784558147,-0.8085802684665744,192.4,24.0,0.08157335089329425,-0.3196919064589883,-0.7319377384000727,-0.485628804966229,-1.0,-1.8369701987210297e-16,-0.539800979150888
2025-10,188.34516129032258,5.238276243817733,-0.322210409485459,27.699999999999996,24.0,-2.5240375754014757,-0.7911051682301647,-1.443719603450898,-0.8756403570556591,-0.8660254037844386,0.5000000000000001,-0.8085802684665744
2025-11,157.59,5.05999672363398,-0.4852648506755779,35.1,29.0,-1.6974781497218947,-2.0716527804771445,-1.8542063137015388,-1.8549895447985256,-0.5000000000000004,0.8660254037844384,-0.322210409485459
2025-12,126.23225806451612,4.838123528098127,-0.33767537649494006,125.6,28.0,-0.028215519249082964,-2.0495915123386785,-1.5767879380642875,-1.3606496470289497,-2.4492935982947064e-16,1.0,-0.4852648506755779
2026-01,89.04838709677419,4.489179897238953,-0.3579783696736776,82.1,27.0,-0.34781499422468376,-1.1609820186076656,-1.397668984505989,-1.4801331213207092,0.49999999999999994,0.8660254037844387,-0.33767537649494006
2026-02,222.19642857142858,5.403561804040482,0.7881930537557196,117.89999999999999,21.0,0.791471817530087,-0.08476018794513376,-1.5204522078412654,-1.3835801290772531,0.8660254037844386,0.5000000000000001,-0.3579783696736776
2026-03,142.60645161290324,4.960088749684006,0.5371739479211444,180.89999999999998,24.0,1.2378117621778513,0.8695043440984623,-1.1171700670524025,-1.3632796768682707,1.0,6.123233995736766e-17,0.7881930537557196
2026-04,288.9866666666667,5.66638055094663,1.120904770505371,134.9,24.0,0.2486416012999365,0.9835182885562586,-0.2794142713613309,-1.3281613186517676,0.8660254037844387,-0.49999999999999983,0.5371739479211444
2026-05,111.04193548387097,4.709907927116951,-0.3464444809610123,123.4,23.0,-0.35054842831811395,0.3112179270488341,-0.027616350292016086,-1.4615598746052145,0.49999999999999994,-0.8660254037844387,1.120904770505371
2026-06,64.38000000000001,4.164803025870662,-0.8829643596467367,0.0,27.0,-2.107344608107299,-0.9373025796801697,-0.32085385412820794,-1.5044029159380612,1.2246467991473532e-16,-1.0,-0.3464444809610123
2026-07,43.806451612903224,3.779781103633495,-1.364872792063029,9.7,28.0,-2.9962366818794006,-1.9519623586190984,-0.8561572163989212,-1.632489804701584,-0.4999999999999998,-0.8660254037844388,-0.8829643596467367
2026-08,48.43684210526315,3.8802607246783705,-1.4815892478911827,,9.0,,,,,-0.8660254037844384,-0.5000000000000004,-1.364872792063029
